词语,频率
加油,47761
中国,33282
哈哈哈,24237
我们,16780
就是,13113
飞飞,12023
美国,11707
国家,11362
自己,10931
日本,9736
不是,9180
一定下次,9180
！中国,9176
真的,8913
加油中国,8710
什么,8706
武汉,8007
没有,7897
他们,7880
一个,7403
可以,5928
知道,5789
同志,5404
这个,5373
你们,5361
一定,5350
还是,5223
这么,5163
人民,5108
现在,5040
希望,4945
建国,4905
？？,4797
怎么,4539
哈哈哈哈,4512
了下次,4403
人中国,4104
已经,3794
辛苦,3757
炫炫炫,3751
统一,3708
？下次,3699
不能,3680
疫情,3649
了中国,3596
欧洲,3575
政治,3401
澳大利亚,3270
问题,3072
时候,3061
觉得,3035
加油武汉,3016
不会,2976
可能,2969
起来,2945
那个,2906
出来,2856
但是,2855
我方,2811
！武汉,2808
世界,2801
一样,2801
下次,2778
保护,2751
那么,2643
！加油,2583
这样,2566
阴阳人,2562
德国,2501
还有,2495
加油加油,2472
开始,2453
应该,2375
祖国,2349
反华,2340
只是,2287
大家,2284
文化,2267
万岁,2259
无衣,2249
了我,2220
历史,2192
台湾,2190
英雄,2172
喜欢,2070
不要,2058
无悔,2046
一定？,2041
前来,1996
可爱,1981
奥运会,1934
不了,1919
利益,1908
很多,1903
厉害,1866
一直,1848
！我,1835
弹幕,1823
感觉,1817
墙头草,1809
真是,1804
需要,1804
与子,1773
欧盟,1772
有点,1751
了？,1737
国徽保护,1707
哈哈,1688
口罩,1663
看到,1652
只有,1650
表示,1633
别人,1619
二次元,1612
一下,1608
英国,1592
全世界,1589
为了,1586
这次,1575
支持,1557
伟大,1553
不想,1484
老龄化,1473
二战,1459
制度,1451
其他,1446
病毒,1438
常态,1429
眼睛,1427
一句,1416
一切,1408
好像,1397
民族,1389
为什么,1383
华夏,1379
因为,1375
经济,1374
检验,1352
政客,1333
姐姐,1329
在家,1303
真理,1300
西方,1282
！加油中国,1282
的下次,1277
设想,1275
骄傲,1274
啊啊啊,1273
是不是,1271
发展,1270
奥运,1265
几个,1252
湖北,1247
全国,1242
这种,1241
多少,1237
不好,1228
的话,1206
好好,1201
两个,1200
加油加油中国,1195
了哈哈哈,1187
！保护,1175
！下次,1175
不行,1169
啊下次,1161
所以,1159
国内,1148
呵呵,1146
东西,1143
永远,1129
？我,1120
成功,1109
了美国,1103
自由,1102
哈哈哈哈哈哈,1101
看看,1097
这些,1097
啊中国,1096
说话,1079
。下次,1078
只能,1068
反复,1068
确实,1067
一定我,1063
起飞,1060
事情,1052
了老,1034
爸爸,1029
老人,1027
团结,1018
秦始皇,1011
最好,1007
物资,999
nb,997
一定老,997
国徽,997
节目,983
波兰,983
一起,976
安倍,969
罪犯,959
法国,958
传统,943
强大,941
自信,935
100,913
？老,913
时代,911
哈哈哈哈哈哈哈,911
之前,908
容易,907
办法,902
？哈哈哈,902
一点,900
崛起,899
控制,895
！说得好,890
意大利,888
翻译,888
家里,887
时间,875
字幕,873
人家,873
了这,865
感谢,864
了解,862
？你,856
媒体,855
之后,853
川普,853
真正,848
了保护,847
NB,843
这是,842
以后,831
取消,830
大陆,829
其实,827
！美国,826
直接,824
？历史,821
。中国,816
人类,814
理解,808
政府,806
关系,804
回来,799
这句,798
澳洲,798
还要,797
以为,796
不敢,796
视频,791
过去,791
不用,783
决定,782
延期,781
当时,778
封城,778
！哈哈哈,778
意思,778
工作,769
不过,762
那些,762
哈哈哈下次,756
努力,755
毕竟,752
俄罗斯,751
根本,749
友军,747
社会,745
命运,745
肯定,741
天天,738
才能,737
支棱,737
完全,736
10,733
有人,732
保护保护,726
不够,725
继续,724
好多,723
了不,717
正常,715
吧下次,711
？美国,711
个人,709
是因为,703
实力,703
砖头,701
哪里,701
比较,699
第一,697
而且,697
这里,696
外国,696
口区,695
幽灵,695
一定这,694
不得,693
亲中,690
以前,689
作为,685
战争,685
少数民族,684
感动,683
本来,682
的中国,681
人比,679
韩国,676
眼神,674
了这个,672
非常,669
了加油,667
脑子,658
大哥,658
全球,657
种花,651
亚洲,651
明白,648
未来,647
人口,646
回家,645
物价,641
？这,640
当年,638
！我们,637
老年人,636
战忽局,635
不然,635
基本,633
爆发,633
发现,632
居然,629
解决,629
医疗,628
一定中国,628
30,627
不错,627
复兴,627
爽哥,627
评论,624
一定日本,624
隔离,622
每个,619
智贤姐,618
奇迹,616
天下,615
原因,614
！岂,614
习惯,614
？中国,613
新冠,613
出口,611
强盗,611
友谊,608
虽然,607
人加油中国,606
举办,606
了你,603
外国人,595
明白人,590
差不多,588
一群,588
男儿,588
打权,586
老大哥,584
没想到,582
整个,581
援助,581
一次,576
不到,576
今天,575
来世,572
重要,572
霍顿,571
颜色,568
时期,567
从来,565
政治家,565
就要,565
国际,563
老百姓,561
加油岂,561
和平,560
中国中国,557
没错,556
过来,555
一定你,555
年轻人,554
主要,553
tm,553
眼泪,551
。？,551
严重,550
相信,549
垃圾,549
愿意,549
别的,549
啊？,547
然后,545
想象,544
老子,544
人武汉,543
文明,543
太帅,542
超级,542
要是,542
不少,541
下来,541
同行,538
确诊,535
反对,533
自豪,532
上课,532
有个,531
必胜,530
加油我,529
治国,529
苏联,529
人加油,527
了哈哈哈哈,526
一定哈哈哈,525
所有,523
能力,522
孩子,521
一定历史,520
同意,519
推迟,518
实现,517
漂亮,516
大木,515
要求,514
值得,512
如果,512
情况,512
了建国,512
精神,511
特朗普,509
政策,508
越来越,507
一定不,507
面对,507
行为,506
为啥,504
我国,504
选择,502
六部,502
感到,501
滑稽,499
人我,499
当然,498
哪个,497
狗头,496
咱们,495
不如,494
道歉,493
同袍,492
警察,491
了澳大利亚,491
早就,490
只要,490
拒绝,490
朋友,489
终于,488
红领巾,488
里面,487
资源,487
正确,486
医院,486
上班,485
没什么,484
它们,484
就算,484
开口,482
增加,482
致敬,482
告诉,481
自身难保,479
高兴,478
十斤,478
暴露,477
好处,476
泪目,476
大国,476
了说,475
祝福,475
民众,474
异域,474
承认,473
争取,473
中华民族,472
压力,469
土澳,469
后代,468
来说,468
了武汉,467
何以,466
？反复,466
的我,464
老师,463
回到,463
小人,462
考古,460
二胎,460
08,460
想想,459
战役,456
一堆,455
兄弟,455
可是,455
导致,455
来看,453
地方,452
存在,452
了我们,451
出现,450
幸福,449
没事,448
日军,448
黄智贤,447
亲华,447
难道,446
大臣,444
吃饭,443
力量,442
太难,441
眼里,441
道理,441
招核,441
打脸,439
心理,439
领导人,438
实在,437
了川,436
原来,436
必须,436
除了,435
难民,435
道义,435
！？,434
老大,433
土著,431
男人,431
了智贤姐,430
说明,430
了川普,430
自首,429
声音,429
心里,428
灾难,427
200,427
公屏,426
那里,425
战术,425
出门,424
...,424
发达国家,423
帮助,422
？哈哈哈哈,421
代表,421
甚至,419
领导,418
传销,417
吧？,417
害怕,417
有些,416
允许,416
机会,416
坚持,415
哈哈哈我,414
变成,413
谢谢,412
面前,409
！泪目,409
中文,409
算是,409
没人,407
一定美国,407
十万,407
云南,407
带不动,406
而是,406
！辛苦,405
利用,403
中华,402
原子弹,400
低保,400
迷惑,399
干活,399
一些,397
而已,397
重点,397
语言,397
各国,396
解封,396
赶紧,396
台湾人,395
共同体,395
成为,395
北京,394
20,394
！此生,394
好看,394
人民币,394
生命,392
流感,392
同时,391
干嘛,390
开心,389
TM,389
侵略,389
体制,387
英勇,387
还行,387
唯一,386
确定,386
好帅,386
阴阳师,385
年代,385
认为,384
首相,384
加油加油武汉,383
了有,381
分裂,381
组织,380
人才,380
学习,380
吗下次,380
了日本,380
罗马,380
人下次,378
你家,377
看着,377
感染,376
同袍中国,376
华人,376
国民,375
别说,375
一生,375
万来,374
毫无,374
建议,373
军国主义,373
曾经,372
联合,372
的这,372
想要,371
贡献,370
21,370
动物,370
儿子,370
一天,370
高能,370
不怕,369
儒家,369
40,368
这话,368
？好,368
不悔入,367
抢劫,367
计划,367
。智贤姐,366
！致敬,366
殖民,364
普通人,363
当回事,362
老头,362
等等,361
坐下,361
哈哈哈哈哈,361
没用,360
！这,359
！你,359
欢迎,358
估计,358
凝聚力,357
最近,357
）下次,357
真实,357
期间,356
工资,356
如何,356
？我们,356
春节,355
国外,355
？不,355
加油致敬,353
三个,353
目标,353
下台,352
必将,351
问号,351
白人,351
最后,351
思想,351
福建,350
！智贤姐,350
付出,350
不要脸,350
2021,350
叔公,350
照片,350
样子,348
一定就,348
沙子,347
啊美国,347
贵姓,346
哈哈下次,346
出去,345
超过,343
一帝,343
脱欧,343
过年,342
处理,342
！这个,341
了你们,341
进口,340
家族,340
移民,339
想法,339
各位,338
河南,338
省委,337
不可,337
总是,336
快递,333
无辜,333
大爷,332
同胞,331
怀疑,331
一位,330
过后,330
帝国,328
平民,328
回去,327
兔子,327
500,326
加油保护,326
一定建国,326
。这,326
影响,325
最大,325
生还,324
逼中国,324
注意,324
！真的,323
华夏中国,323
精神分裂,323
一定我们,323
正在,323
证明,322
的哈哈哈哈,322
忽悠,322
英雄中国,321
思考,321
敌人,321
立场,319
看不到,318
的？,318
饭友,318
一种,318
一届,318
膨胀,317
一般,317
接受,317
了好,317
霸气,316
！加油加油,315
风月,315
太强,314
到位,314
一口,313
歧视,312
啊保护,312
多万,312
加油加油加油中国,311
！哭,311
！哈哈哈哈,311
地球,310
优秀,309
到底,309
那边,309
结束,308
啊这,308
队友,307
先生,307
自身,307
绝对,307
东京,307
灭国,306
百万,306
红中国,305
发生,305
皇帝,305
基础,304
小时候,304
前面,304
操作,303
2333,303
今年,303
表情,303
文字,302
活该,302
加油眼睛,302
可怕,302
不服,301
了此生,301
任务,301
死亡,301
好样,299
！泪目中国,299
认识,299
消费,299
千古,299
加油泪目,298
笑话,297
。保护,297
联盟,297
老哥,296
平安,296
？他,296
准备,295
演员,295
累计,294
70,294
我要,294
一定哈哈哈哈,294
求援,294
的确,293
检测,293
做出,292
放下,291
可惜,291
崩溃,290
秘密,290
啊哈哈哈哈,290
昭和,290
这儿,290
不仅,288
我爱你,288
完美,288
清楚,288
了大家,288
安排,287
皮下,287
普通话,287
哈哈哈美国,287
奇怪,286
点赞,286
成本,286
长得,286
对于,283
有没有,283
身不由己,282
主角,281
还好,281
后面,281
不靠,281
会儿,280
恰饭,280
我太难,280
理论,280
意义,279
小国,279
哈哈哈哈保护,279
心态,278
别国,278
任何,277
加油哭,277
资格,277
跳？,277
真心,277
怎么样,276
军事,276
车同轨,276
？日本,276
监狱,275
贬值,275
发达,274
优先,274
啊我,273
支援,273
简直,272
体系,272
牛批,272
。加油,271
工具,271
星辰,271
一脸,270
风评,270
日元,270
熟悉,270
失望,269
咋办,269
一下子,269
面子,269
平时,269
不通,268
现实,268
排华,268
是否,268
！建国,268
哈哈哈中国,268
那样,267
的老,267
不算,267
求助,267
认真,267
至少,267
人数,266
牺牲,266
艺能,266
袋鼠,266
跳下次,266
民族主义,266
困难,265
帅帅,265
14,264
实话,264
一家,264
首都,263
一个月,263
发出,263
蝙蝠,263
殖民地,263
陆克文,263
我家,263
25,262
全是,262
手机,262
四个,262
作死,261
做法,261
速度,261
不香,261
…下次,261
的日本,261
哈哈哈这,261
？澳大利亚,260
洗白,260
了他,260
多年,259
推特,259
如此,259
大事,259
反正,258
不好意思,258
脱离,258
女人,257
照样,257
两次,257
可不,256
赛亚人,256
不让,255
怎么办,255
养老,255
属于,254
退出,254
素质,254
疫苗,254
1984,254
搞笑,253
来自,253
太大,252
全部,252
国人,252
祖宗,252
！好,252
加入,252
罢工,252
up,251
的你,251
人均,251
感恩,250
几年,250
！日本,250
差点,250
哈哈哈？,250
角度,250
不管,250
官员,249
负责,249
！说,249
欧洲人,249
小学生,249
新闻,249
动员,248
加油泪目中国,248
19,248
外交,248
？说,248
大一统,248
一定这个,247
傻子,246
主角中国,245
自古以来,245
了要,245
名字,245
常态？,244
依赖,244
出生,244
啊妙,244
12,243
善良,243
生产,242
左右,242
啊日本,242
一定妙,242
事实,241
亿人,241
瞬间,241
啊哈哈哈,241
慢慢,241
一定飞飞,241
。美国,240
加油辛苦,240
了他们,240
创造,240
每天,239
这场,239
关注,239
不愧,239
哈哈哈哈？,239
南海,239
原谅,239
门下省,239
个个,238
货币贬值,238
客观,237
了就,237
了泪目,237
啊老,237
共同,237
非要,235
逗笑,235
了。,235
？不愧,235
？他们,235
忘记,235
天皇,235
一场,235
小区,234
了加油中国,234
一定呵呵,234
真话,234
！如果,234
带来,233
手段,233
孙杨,233
头发,233
阻止,232
背后,232
美帝,232
很棒,231
事儿,231
人性,231
检查,230
八方支援,230
达到,230
??,230
红利,230
学会,229
年轻,229
抗疫,229
再说,228
零头,228
芬芳,227
骨子里,227
挣钱,227
？就,227
流放地,227
必要,227
区别,227
经历,227
国徽中国,227
奶奶,227
？保护,226
同学,226
脏话,226
老奶奶,226
！今天,225
110,225
一年,225
..,224
离压,224
安倍晋三,224
欧元,224
前行,224
回归,223
结果,223
报德,223
生活,223
功劳,223
挡住,223
尼玛,223
doge,223
资本主义,223
怕死,222
防控,222
反过来,222
防疫,222
！湖北,221
暗示,221
不全是,221
。我,221
方法,221
很大,221
快乐,221
加油加油加油,221
常态老,221
投降,221
政坛,221
。老,221
所有人,220
位置,220
了已经,220
哈哈哈川普,220
强国,219
自私,219
尴尬,219
18,218
华为,218
我来,218
！川普,218
人道主义,218
度量衡,218
记得,217
阿巴,217
人们,217
用心,217
爱国,216
味道,216
劳资,216
机构,216
吗我,216
....,215
母亲,215
泪目中国,215
人泪目,215
报道,215
澳大利亚人,215
一定要,215
或者,215
开战,215
了啧啧,215
一定澳大利亚,214
大部分,214
一样下次,214
了那,214
男神,214
小心,213
吧我,213
上台,213
便宜,213
？妙,213
打拳,213
特别,212
祖传,212
市场,212
底线,212
羡慕,212
希望下次,212
打击,212
打赢,211
该死,211
记住,211
威胁,211
一定感觉,211
啊你,211
好中国,211
自求多福,211
2333我,211
！眼睛,210
欧美,210
？川普,210
看清楚,210
简单,210
！爽哥,210
做到,210
好美国,209
！不,209
优越感,209
无奈,209
极了,209
中国加油,208
一线,208
跪下,208
得罪,208
提出,208
是从,208
出钱,207
的澳大利亚,207
了真,207
！前方,207
心疼,206
神奇,206
不同,206
教育,206
动漫,206
形成,206
一定这次,206
地图,206
了现在,205
关门,205
一定好,205
一定所以,205
到处,205
了是,205
！还,204
没法,204
一部分,204
看见,204
胜利,204
了智贤,203
加油英雄,203
同袍武汉,203
一定就是,203
~下次,203
军队,203
想着,203
大唐,203
便利店,203
马上,203
不爽,203
本国,203
安全,202
添乱,202
人员,202
盛世,202
流放,202
下去,202
的智贤姐,201
医生,201
万岁加油,201
路过,201
年纪,201
权利,201
得到,201
想起,201
方面,201
！祖国,200
配合,200
学校,200
黑心白,200
商翦,200
外交官,200
无法,200
裂开,200
撒克逊人,200
大人,200
不去,200
毛病,200
找到,200
初心,200
石头,199
有利,199
太惨,199
了别,199
飞机,199
唯一标准实践,199
哈哈哈好,199
口音,198
行动,198
城市,198
地位,198
嘴脸,198
了全部,198
劳动力,198
了未曾,198
太快,198
之间,198
失败,198
拯救,198
不动,197
省级,197
偏见,197
老朋友,197
好不好,197
期待,197
真理性,197
商品,197
三省,197
一辈子,196
！碰拳,196
本人,196
老龄,196
带上,196
针对,195
小弟,195
每次,195
一定欧洲,195
没得,194
盛京,194
包括,194
同袍加油,194
改变,194
英语,194
白种人,194
恍恍惚惚,194
nm,194
好意思,194
突然,194
一手,193
通过,193
整体,193
令人,192
优势,192
了哭,192
目的,192
了不是,192
鬼子,192
离不开,192
营销,192
观点,192
机器人,192
说法,192
价值,192
了爽哥,192
环境,191
担心,191
普通,191
哥们,191
我叉会,190
决策,190
暴击,190
不值钱,190
一批,190
赶快,190
间谍,190
逐渐,190
不来,190
各自,190
哈哈这,189
双面,189
老二,189
梦回,189
世纪,189
主持人,189
良心,189
积极,189
各个,188
一定川,188
挺难,188
玩意,188
特色,188
直观,188
汪汪,188
付出代价,187
统治,187
破音,187
这事,187
太高,187
种族,186
吧哈哈哈哈,186
这币,186
病例,186
！国人,185
精分,185
。说,185
百年,185
这波,184
过分,184
输入,184
驰名,184
了历史,184
奴隶,184
打仗,184
脱亚入,184
一路,184
了来,184
别念,184
有点像,184
46,183
残酷,183
形象,183
常态下次,183
？这个,183
好川普,183
还敢,182
家乡,182
罢了,182
邻国,182
正好,182
一代,182
泡沫,182
刚刚,182
活着,182
中国我,181
最多,181
当人,181
一件,181
表示感谢,181
!中国,181
互相,181
诋毁,181
国旗,181
的哈哈哈,181
被迫,181
蔑视,181
本书,181
突破,180
一份,180
艰难,180
很难,180
欺负,180
你哈哈哈哈,180
阴阳,180
东北,180
家庭,180
完成,180
上次,180
标题,180
吧中国,179
内容,179
技能,179
更加,179
认同,179
你下次,179
？都,179
山节,179
结构,179
十年,179
忽局,179
自救,179
了波兰,179
人人,178
吐口,178
精神中国,178
身为,178
傀儡,178
不愿,178
么下次,178
故事,178
甩锅,178
一集,178
交给,178
早日,178
扎心,178
！加油武汉,178
超乖,177
肆虐,177
了都,177
网上,177
温暖,177
吗加油,177
英雄加油加油,177
老家,177
屏幕,177
吧建国,177
了妙,177
江苏,176
灵魂,176
平凡,176
勤劳,176
法语,176
自觉,175
不及,175
仇恨,175
弟弟,175
666下次,175
效果,175
人口老龄化,175
了没有,175
了这次,175
90,174
11,174
了那个,174
智贤姐我,174
！加油加油中国,174
碰到,174
早点,174
至上,174
？现在,174
落后,174
了因为,174
美丽,174
重庆,174
书同文,174
开学,173
你好,173
！太,173
了一,173
了给,173
吗？,173
外公,173
展现,173
治疗,173
配命,173
就让,172
威武,172
免疫,172
，中国,172
。因为,172
加油加油加油加油中国,172
考虑,172
延迟,172
乖乖,172
重视,172
公开,171
这栋,171
现代,171
细思极,171
马克思,171
呀中国,170
敬佩,170
了澳洲,170
屁股,170
放在,170
的保护,170
等于,170
讽刺,170
！给,169
预言家,169
加油加油岂,169
冒犯,169
刘翔,169
试试,169
一定?,169
保持,169
数据,168
作业,168
衬托,168
必胜中国,168
来临,168
白皮,168
哪来,168
野蛮,168
制裁,168
态度,168
应对,168
其心,168
一粒,168
牢记,168
砥砺,168
相当,167
加油泪目致敬,167
。那,167
友好,167
所谓,167
汉族,167
？陆克文,167
协议,167
拿破仑,167
60,166
隔壁,166
匹夫有责国家兴亡,166
输出,166
了特朗普,166
基本上,166
了1984,166
明年,166
红色,165
一帮,165
看待,165
赚钱,165
一定得,165
湖南,165
帮忙,165
了就是,164
NB哈哈哈,164
！夜问,164
稳定,164
中美,164
了原来,164
资本,164
左翼,164
嘴巴,164
退休金,164
战胜,164
老美,163
56,163
可悲,163
了也,163
不住,163
支持率,163
？然后,163
？还,163
不光,163
随便,163
！贤姐,162
入党,162
之力,162
食用,162
分析,162
啊他们,162
?下次,162
段时间,162
使命,162
了感谢,161
先见之明,161
！最,161
碰上,161
建立,161
？说实话,161
以上,161
各有,161
说出,161
！弹幕,161
了没,161
身上,161
哈哈美国,160
一片,160
你们中国,160
未敢,160
信心,160
商人,160
一定和,160
呸下次,160
保重,160
后仰,160
发言,160
大众,160
刚好,159
大姐,159
更好,159
本事,159
执政,159
养不熟,159
转型,159
旅游,159
？看,159
巅峰,159
！要,159
古代,159
智贤,159
15,158
换取,158
最强,158
加油谢谢,158
红线,158
一定那,158
相似,158
除非,158
公知,158
了飞飞,158
体现,158
危机,158
非洲,158
！这次,157
中华民国,157
。就是,157
小时,157
说完,157
其他人,157
泥石流,157
万岁中国,157
的真,157
意识形态,157
？这次,157
强调,157
瑞士,157
好因为,156
了眼里,156
过于,156
生意,156
齐楚,156
做梦,156
公司,156
哈哈哈哈下次,156
名嘴,156
解体,156
偶像,156
迟早,156
默默,156
佩服,155
点赞中国,155
加油此生,155
了泪目中国,155
本身,155
啊你们,155
辐射,155
运动员,155
国土,155
明星,155
西方人,155
出台,155
!我,155
指望,155
稳住,155
的妙,155
贤姐,154
来到,154
许多,154
运动,154
讨厌,154
打出,154
换算,154
内部,154
之地,153
加油这,153
必然,153
，这,153
流氓,153
不断,153
10w,153
重要下次,153
了昭和,153
成立,153
掩盖,153
门下,153
无论是,152
难过,152
宁配,152
激动,152
农耕,152
老龄化下次,152
了拼命,152
一定全部,152
留下,152
吗美国,152
英文,152
想到,152
哈哈哈哈哈哈哈哈,152
!保护,151
逃犯,151
势力,151
原住民,151
作对,151
员工,151
传染,151
自尽,151
适合,151
管理,151
听到,151
发言人,151
了这是,151
？智贤姐,150
了2333下次,150
了还,150
好下次,150
葛优,150
点数,150
哈哈哈哈川普,150
打工,150
奢侈,149
指挥,149
对手,149
消费水平,149
人群,149
奶死,149
生育,149
道路下次,149
！他,149
？。,149
恢复,148
限制,148
！感谢,148
系统,148
致敬中国,148
刺激,148
？弹幕,148
自我,148
服务业,148
面瘫,148
战后,148
圣母,148
同志建国,148
奉献,148
变脸,148
反感,147
源头,147
深深,147
何人,147
动用,147
人团结,147
官方,147
生存,147
？没,147
卧底,147
同情,147
只会,147
？飞飞,147
人想,147
。哈哈哈,147
专家,147
米国,147
打劫,147
管管,146
有力,146
如你所愿,146
！泪目我,146
一定自己,146
疯狂,146
快点,146
参议员,146
毒奶,146
吧说,146
古话,146
强烈,146
价值观,146
好评,146
护保,146
扣押,146
瓜分,146
希望美国,146
了真的,146
比起,145
输出美国,145
从事,145
加油他们,145
一定也,145
丹麦,145
？英国,145
一开,145
面临,145
心情,145
减少,145
瞧不起,145
陷阱,145
这帮,145
当成,144
！现在,144
了最,144
了疫情,144
稀罕,144
有钱,144
大火,144
了这些,144
。好,144
养不起,144
奥地利,144
满分,144
改造,144
！就,144
内蒙,144
130,144
了还有,143
。还是,143
难怪,143
浪费,143
走路,143
你币,143
增长,143
没关系,143
了在,143
金融危机,143
别致,143
一定笑,143
水平,143
放弃,143
自有,143
光刻机,143
呢我,143
照妖镜,143
你们美国,143
后来,143
太多,143
可爱哈哈哈哈,143
准确,142
玩具,142
夜问,142
加油我们,142
购买,142
专业,142
一波,142
大中华,142
地域,142
显灵,142
？感谢,141
形势,141
nb智贤姐,141
了蛮,141
？加油,141
符合,141
？什么,141
一带,141
厉害下次,141
超市,141
能够,141
泥菩萨过江,141
笑容,141
了德国,141
之一,141
哈哈现在,140
哭加油,140
为国争光,140
南半球,140
了自己,140
理性,140
这件,140
不由,140
吧你,140
唐汉,140
懂吗,140
健康,140
向前,140
人去,140
企业家,140
维持,140
哈哈说,140
保护我,140
140,140
造成,140
喜提,139
了一方有难,139
回避,139
有病,139
难受,139
加拿大,139
负担,139
人美国,139
好人,139
了?,139
方式,139
叫好,139
的是,139
必修,139
德意志,139
庄园,139
谎言,139
了憨,138
全村,138
十三太保,138
复工,138
了人民,138
万岁我,138
吧我们,138
可怜,138
全面,138
多人,138
。所以,138
压根,138
炫炫,138
啊真,138
重大,138
了太,138
在意,138
作者,138
几乎,138
的我们,138
智贤姐智贤姐,137
总有,137
你们好,137
谢谢你们,137
小孩,137
劳动,137
电视台,137
复杂,137
一定未曾,137
股票,137
的说,137
通衢美国,136
变好,136
争取时间,136
防范,136
，我,136
高明,136
憨我们,136
部分,136
一遍中国,136
加油加油我,136
身体,136
屁事,136
一定有,136
的就,136
不许,136
双标,136
了懂,136
哈哈川,136
！厉害,136
人生,136
成语,136
嬴政,136
产品,136
新干线,136
棒棒,135
！把,135
！眼里,135
台湾省,135
海外,135
看来,135
狭隘,135
无人,135
这位,135
！河南,135
此人,135
啊战忽局,135
乔治,135
奥威尔,135
全靠,135
花生米,135
。武汉,134
仔细,134
的你们,134
跑步,134
留学生,134
脑袋,134
啊那,134
红红火火,134
很少,134
头子,134
结婚,134
下水,134
哈哈你,134
没脑子,134
大型,134
通用,134
？欧洲,134
实行,134
手动,134
NB中国,133
？给,133
哲学家,133
听听,133
。不,133
自生自灭,133
16,133
正是,132
驱逐,132
貌似,132
一系列,132
国情,132
？…,132
老陆,132
了打,132
？只有,132
多饭友,132
完事,132
鼓励,132
？人类,132
哈哈我,132
我用,131
一遍,131
彻底,131
真不知道,131
…最,131
了谢谢你们,131
平安中国,131
！怎么,131
一定谁,131
上海,131
那种,131
身份,131
电视剧,131
概念,131
了对,131
真敢,131
实际上,131
得不到,131
全都,131
本质,131
计数,130
！兄弟,130
哪有,130
了传统,130
?我们,130
明天,130
双方,130
制造,130
？是,130
千万别,130
本土,130
233嫂子,130
监制,130
走向,130
明明,130
友军战忽局,130
学生,130
一定德国,130
进行,130
分类,129
传承,129
报道中国,129
盎克鲁,129
情绪,129
攻击,129
价格,129
哪边,129
主人,129
西装,129
一定真,129
闪击,129
！反对,129
方言,129
了辛苦,129
了保护中国,128
火神,128
gg,128
？别,128
靠着,128
了延期,128
太棒了,128
迅速,128
过得,128
名声,128
蛮夷,128
句句,128
真是太,127
的啊,127
美好,127
合作,127
亡国,127
侵略者,127
当真,127
科技,127
~好,127
那位,127
懂得,127
眼光,127
在于,127
自然,127
数字,127
无声,127
骄傲真的,126
53,126
父亲,126
了反复,126
？不是,126
落井下石,126
不理,126
！老,126
？呵呵,126
核弹,126
军训,126
小夫,126
上升,126
日本政府,126
飞飞飞已经,126
国徽哈哈哈哈,126
讥笑,126
煤钢,126
小说,126
哈哈我们,126
转世,126
一条,126
自愿,126
！太帅,126
减肥,125
病人,125
！一定,125
民警,125
不当,125
唐朝,125
？?,125
倒霉,125
冷静,125
说错,125
大势,125
二五仔,125
一定因为,125
岸信,125
党争,125
下面,125
国徽翻译,125
观猴,125
？武汉,124
工人,124
贵州,124
…中国,124
别想,124
逼下次,124
中华文明,124
？土澳,124
道德,124
无能,124
一定下辈子,124
给对,124
一定支持,124
奶粉,124
PR,124
是非,124
国徽保护保护保护,124
多么,124
好笑,124
瘟疫,124
青山,124
为证,124
河山,124
即名,124
24,124
老婆,123
！骄傲,123
他人,123
原料,123
中华中国,123
的加油,123
！看一遍,123
重要性,123
想整,123
某些,123
近代,123
能用,123
艺能我,123
下辈子,123
！也,123
残忍,123
领导者,123
高中,123
非黑,123
一下？,123
人好,123
回报,123
）美国,123
远远,123
友军武汉,122
执行力,122
反抗,122
衬托美国,122
呢好,122
！黄姐,122
！泪目加油,122
晚宴,122
？还是,122
？有,122
)妙,122
打成,122
集中力量,122
逃避,122
飞飞飞芜湖,122
？对,122
口罩美国,122
大多数,122
内味,122
竟然,122
终极,121
成熟,121
安逸,121
毁灭,121
不鸟,121
反省,121
摇摆,121
紧张,121
坚定,121
就业,121
不开,121
到时候,121
战忽,121
似的,121
爆炸,121
成吉思汗,121
放屁,121
飞飞飞,121
有利于,121
姐姐我,120
特意,120
低调,120
先辈,120
硬币,120
结局,120
一定没,120
干得,120
治理,120
少子,120
头型,120
拉动,120
65,120
的意大利,120
看过,120
巨大贡献,120
?？,120
世界大战,120
黑暗,119
流弊,119
了前面,119
撒克逊,119
一定快,119
人老,119
同样,119
提醒,119
)你,119
吧谁,119
刚才,119
哈哈哈哈我,119
了有点,119
三连,119
太好了,119
有意思,119
老实,118
情感,118
首先,118
吧历史,118
？关,118
作用,118
养老金,118
没点,118
参加,118
不生,118
人来,118
房子,118
↓我,118
？笑,118
救援美国,118
一定波兰,118
啥事,118
各种,118
要不是,118
暗号,118
两百万,118
13,117
收复,117
物流,117
主持,117
加油感谢,117
~加油,117
？怎么,117
不累,117
路亚,117
不得不,117
依然,117
受害者,117
阴影,117
吟唱下次,117
资本家,117
污蔑,117
口头,117
别挡,117
不戴,117
老祖宗,117
敌方,117
赶上,117
。是,116
通衢,116
考古智贤姐,116
没能,116
了当年,116
呢中国,116
冻住,116
华夏我,116
人加油加油,116
坚强,116
老是,116
一定在,116
呢下次,116
记仇,116
？厉害,116
了牛,116
邻居,116
乳法,116
了70,116
H1N1,116
考古友军,116
了阿中,115
赞赞,115
了甚至,115
小哥,115
的对不起,115
铁路,115
给予,115
生于,115
加强,115
被害,115
不在乎,115
之类,115
接近,115
言论,115
关闭,115
换成,115
吓人,115
战斗,115
哈哈哈实践,115
国徽爱,115
!？,115
中东,115
外币,115
知识,115
各地,115
寒心,114
足够,114
姑娘,114
加油如果,114
责任,114
人这次,114
人今生,114
一定别,114
红脸,114
，哈哈哈,114
认可,114
有权,114
一套,114
抗击,114
死敌,114
?当时,114
一定有点,114
？卧槽,114
一定还,114
智慧,114
厉害保护,114
危难,114
即使,114
一百多万,114
病死,113
抢救,113
生长,113
了老双标,113
社区,113
正式,113
国家这,113
太平洋,113
了知道,113
？未曾,113
追求,113
研究,113
称为,113
有幸,113
。川,113
西欧,113
周伯通,113
惩罚,113
毛子,113
。哈哈哈哈,113
1美国,113
没救,112
经验,112
了看到,112
武汉中国,112
！为什么,112
落泪,112
。他们,112
寻思,112
一定难怪,112
鲜艳,112
中日,112
？弟弟,112
法律,112
看不惯,112
何在,112
每年,112
啊安倍,112
老年,112
缓和,112
真帅,112
玩家,112
认证,112
看热闹,112
印度,112
1000,111
封闭,111
老一辈,111
洋葱,111
!我们,111
无知,111
消息,111
加油泪目我,111
沙尘暴,111
加油致敬中国,111
人这,111
民族团结,111
不说,111
啊哇,111
关系这,111
投入,111
国力,111
在乎,111
第二,111
电视,111
？有点,111
好这个,111
原有,111
生病,111
失去,111
了句句,111
美元,111
一百万,111
香上,111
皇宫,110
哭中国,110
中国武汉,110
一定他,110
利亚,110
？双标,110
？建国,110
1960,110
土地,110
一定人算不如,110
回事,110
太久,110
十分,110
睁眼瞎,110
一定是,110
哥哥,110
不屑,110
116,110
92,109
幕后,109
上下,109
五千年,109
上帝,109
宇宙,109
了你币,109
你们加油,109
主张,109
知乎,109
一定反华,109
人反复,109
太弱,109
流量,109
背锅,109
一定啥,109
一定让,109
平成,109
啊没人,109
了保护我,109
大概,109
666,109
！这是,108
。其实,108
传说,108
那会,108
透明,108
活得,108
毛病下次,108
反而,108
）？,108
白？,108
？以德报怨,108
党内,108
袋鼠袋鼠,108
舒服,108
当初,108
做事,108
去掉,108
汶川,108
给力,108
肺炎,108
作家,108
80,108
合并,108
？川,108
最棒,108
白眼狼,108
nb我们,107
人民智贤姐,107
了国家,107
一刻,107
祖国武汉,107
不配,107
？没有,107
不知,107
聪明,107
？波兰,107
的山川,107
产生,107
骨气,107
国徽爽哥,107
评价,107
排面,107
场面,107
。欧洲,107
思维,107
！对,106
多月,106
不小,106
战士,106
中华我,106
念头,106
回事儿,106
眼熟,106
整天,106
反美,106
好坏,106
预期,106
！帅,106
一定。,106
一定现在,106
表现,106
单纯,106
？为什么,106
方方,105
工作人员,105
伙食,105
我大,105
加油加油辛苦,105
！奥利,105
！?,105
汉唐,105
的没有,105
高赞,105
蹦迪,105
对外,105
熟练,105
条件,105
陛下,105
士兵,105
抗花,105
啊不愧,105
呢老,105
了友军,105
奥利,105
西班牙,105
工作室智贤姐,105
除外,104
了加油我,104
集中,104
弯弯,104
卫生纸,104
英雄加油,104
加油沙子,104
千千万万个,104
！谢谢你们,104
人？,104
？真,104
一定哈哈,104
否定,104
区域,104
了果然,104
啦传统,104
2333？,104
著名,104
一定哦,104
的都,104
各州,104
实际,104
玩儿,104
超越,104
永不,104
抹黑,104
？德国,104
？那,104
货币,104
升值,104
东风,103
吗不,103
了为,103
养成,103
！md,103
两位,103
~中国,103
闭嘴,103
东南亚,103
狗下次,103
旅游业,103
一定不管,103
。。,103
来朝,103
恐怖,103
屏蔽,103
一段,103
真滴,103
？怪不得,103
？小肥羊,103
宣扬,103
病毒川普,103
一级,103
忍不住,103
哈哈？,103
一架,103
盟友,103
其它,103
被动,102
红武汉,102
了喜欢,102
优秀我,102
！加油没有,102
加油不要,102
！当,102
了看,102
谢谢中国,102
加油祖国,102
锻炼,102
、？,102
永远都是,102
吗哈,102
父辈,102
春秋,102
。我们,102
跟着,102
。就,102
啊历史,102
观看,102
中日关系,102
差不多下次,102
废物利用,102
一顿饭,102
了开始,102
要来,102
通胀,102
嘛下次,102
无人机,102
团结智贤姐,101
家国,101
外卖,101
提议,101
人口数,101
中华爱,101
了加油加油真看,101
这种中国,101
！泪目一个月,101
想家,101
了加油加油你们,101
最帅中国,101
任何人,101
还给,101
did,101
轻易,101
留学,101
日常,101
一定霍顿,101
啧啧,101
人哈哈哈哈,101
说不定下次,101
使劲,101
板载,101
模式,101
植物,101
一定强行,101
了资本主义,101
睿智,101
北美,101
其中,101
百姓,101
进入,101
保命,101
群体,101
叉会,100
福建人,100
逼红色,100
的2020,100
！还有,100
？前面,100
说实话,100
加油每个,100
人岂,100
人民中国,100
。加油中国,100
一定祖国,100
英雄加油中国,100
加油加油都,100
哭眼睛,100
华夏加油加油加油加油中国,100
团结湖南,100
团团哎呀,100
！泪目泪目,100
泪目加油胜利,100
因有,100
。加油和,100
六七,100
神似,100
，Bgm,100
Chasingcars中国,100
人梧州武汉,100
了平凡,100
一嘴,100
无关,100
没学过,100
糟蹋,100
游牧民族,100
霸王,100
？200,100
给我,100
人命,100
打死,100
啊川,100
呢？,100
了不愧,100
吧妙,100
刺螈,100
汇率,100
没人敢,100
很下次,100
尽快,100
不至于,100
不久,100
纽约州,100
！台湾,100
荷兰,100
兴趣,100
经典,100
一体化,100
这部,100
好事,100
？反对,100
始皇,100
哈利,100
外面,100
离谱,100
不像,100
200W,100
重新,99
的美国,99
本地,99
保卫祖国,99
！初次见面,99
！活该,99
！加油这次,99
好帅中国,99
人加油泪目中国,99
加油加油加油荣昌,99
中国加油武汉,99
，哭,99
了主角辛苦,99
用手,99
啊啊啊加油,99
了惊现,99
人们中国,99
加油一定,99
美洲,99
算个,99
艺能你,99
。主要,99
信仰,99
毛线,99
功夫,99
？自己,99
？太难,99
？铭记,99
…日本,99
呀我,99
腾飞,99
生化,99
看透,99
。他,99
反求诸己行有,99
底下,99
剩下,99
宗教,99
周边国家,99
尊重,99
帅气,99
第一个,98
装睡,98
，感谢,98
还来,98
我酸,98
的天下,98
了加油加油中国,98
的此生,98
！泪奔,98
办公我,98
一员中国,98
加油原来,98
社会加油眼里,98
龙卷风,98
加油太棒,98
可眼睛,98
永恒想,98
哭啊啊啊,98
哭英雄,98
！难过,98
！看不下去,98
头子加油,98
了家有哎,98
加油泪目加油泪目都,98
哭加油你,98
！时代,98
火灭,98
？这么,98
？哈,98
进程,98
内心,98
教授,98
好哈哈哈,98
翻译成,98
最为,98
之冬,98
哈哈哈哈秦始皇,98
了红红火火,98
消失,98
加油泪目武汉,98
路易,98
可爱哈哈哈,98
账号,97
附属,97
共同努力,97
du,97
中华武汉,97
不太想,97
。我姓,97
！一名,97
…一名,97
…武汉,97
羞愧中国,97
归中国,97
加油为,97
！果然,97
nb团支书,97
加油英雄中国,97
看手,97
接触你们,97
肾上腺,97
激素,97
飙升加油,97
对得起,97
多方,97
跳老,97
干净,97
了滚滚,97
看不见,97
两边,97
怎样,97
乱说,97
人口基数,97
有毒,97
原地,97
不亲,97
。不是,97
宣布,97
花钱,97
玩蛋,97
啊牛,97
要死,97
没谱,97
？云南,97
矛盾,97
！都,97
回头,97
三国,97
道路,97
警惕,97
这点,97
文化圈,96
诚恳,96
骄傲那个,96
加油前面,96
xswl,96
回家凡,96
强大中国,96
人加油谢谢加油加油加油真的,96
了加油中华人民共和国,96
自己加油,96
啊泪目泪目加油泪目不,96
…就是,96
封面,96
途乐,96
权威,96
？政治,96
跳反复,96
立下次,96
热点,96
同志这,96
沉淀,96
不怎么样,96
乌托邦,96
印象,96
一定秦始皇,96
美利坚,96
门口,96
切腹,96
艺能这个,96
相当于,96
华夏此生,96
公斤,95
管制,95
枪毙,95
相比,95
。加油我们,95
好贤姐,95
出力,95
！谢谢此生,95
华夏加油加油加油谢谢fulan,95
到眼睛,95
下加油中国,95
必胜爱,95
啊加油岂,95
同袍要,95
咯卧槽,95
有点儿,95
澳大利亚澳大利亚,95
键盘,95
经过,95
以直报怨,95
等到,95
回答,95
一定来,95
幼稚,95
快去,95
一定啊,95
买个,95
配方,95
了李梅,95
？国家,95
一定梭哈,95
啊我们,95
来源,95
了实践,95
哈哈哈感谢,95
始终,95
命脉,95
标签,95
。爽哥,95
天然气,95
论文,95
很快,95
满嘴,95
企业,95
一打,95
妹妹,95
骄傲我,94
儒家思想,94
举国之力,94
建成,94
主角加油中国,94
不悔,94
击倒,94
它加油,94
啊啊啊眼睛,94
了茂名,94
里头,94
石头加油中国,94
加油都,94
媳妇,94
5g,94
民间,94
战败,94
内涵,94
坏事,94
广告,94
！看,94
源远流长,94
信奉,94
了夜问,94
高能前方,94
可太,94
果然,94
一定欧盟,94
最早,94
广岛,94
同盟,94
坏人,94
还世,94
艺能开始,94
200w,94
莫名,93
！那个,93
17,93
辽宁,93
点名,93
从来不,93
起飞这个,93
回国,93
！最好,93
最棒加油辛苦,93
？哭,93
！泪目此生,93
一员泪目,93
身在,93
幸福中国,93
！猛男,93
平静,93
了呵呵,93
一顿,93
一定反复,93
比如,93
太远,93
岗位,93
祖安,93
变异,93
加油这是,93
莫如,93
霸权,93
看起来,93
啊波兰,93
美术,93
始皇帝,93
啊哈,93
颓废,93
工业,93
了又,93
普遍,93
飞飞飞飞,93
宁愿,92
打错,92
根深蒂固,92
保护美国,92
来讲,92
伦理道德,92
医院智贤姐,92
村长,92
小朋友,92
同袍泪目中国,92
了英雄,92
一线加油武汉,92
了加油卧槽,92
加油声音,92
jonyj中国,92
人泪目泪目爱,92
万岁多难兴邦加油泪目,92
泪目加油致敬中国,92
了啊啊啊,92
啊加油,92
时刻,92
大伟,92
逻辑,92
一定呸,92
新西兰,92
外来,92
火烧,92
勤奋,92
？666下次,92
了已近,92
哦下次,92
高层,92
看下次,92
可能中国,92
未富,92
要脸,92
！没事,92
疾病,92
出身,92
）哈哈哈,92
批评,92
闪光,92
微笑,92
空客,92
！法国,92
大会,92
思潮,92
相对,92
一定说,92
记者,92
不带,92
啊都,92
天算,92
…哈哈哈,92
抑制,92
耿直,92
三分之一,92
预警,91
命令,91
别跑,91
吗前面,91
动手,91
了胖,91
最乖,91
为重,91
缺这是,91
习惯祖国,91
万岁军民一家,91
所向披靡军民一家,91
所向披靡换,91
勇为,91
点赞保护如果,91
开窍,91
了坚定,91
决心我,91
分割胖,91
十斤良言,91
鬼这个,91
友军铁,91
憨有,91
的剑,91
履上,91
入朝,91
不趋不,91
人国力,91
逼红警,91
？保护可,91
了+自己,91
人泪目还,91
了外国,91
吃饭整个,91
共泪目中国,91
加油芜湖,91
，因为,91
大哥台湾省,91
了王者,91
不动中国,91
NB种地救,91
爆发不用,91
住说得好友军,91
！贤姐贤姐,91
好中央,91
硬杠台湾,91
明白人最,91
节日主要,91
吗十天,91
到位救,91
人2050,91
中心因为,91
信仰正常,91
中国医科大学,91
辽宁我,91
力挽狂澜,91
很棒这,91
视角我,91
了伪,91
嗷嗷叫,91
自豪我,91
红色加油致敬,91
加油姐姐,91
人泪目其实,91
医护,91
保安加油泪目中国,91
加油发,91
！泪目辛苦,91
了谢谢你们中国,91
原则,91
了漂亮,91
优越,91
教他,91
吗感觉,91
言论自由,91
干什么,91
步入,91
右翼,91
灵性,91
一来,91
私货,91
了那么,91
作风,91
吗说,91
包子,91
分子,91
叫做,91
人这个,91
what,91
面积,91
美国欧洲,91
马克,91
50,91
遇到,91
一定这是,91
原著,91
泡面,90
角度看,90
少部分,90
憨批我,90
友军此生,90
月中国,90
nb这,90
执行力友军,90
打权日本,90
很人道,90
容易武汉,90
城市我,90
初四,90
巧取豪夺为,90
加油当时,90
百倍,90
爱国者,90
了一听,90
友军少,90
负责加油,90
！听党,90
打胜仗我,90
完网,90
还发,90
了我要,90
一下我们,90
自由为智贤姐,90
了骄傲看到,90
台湾别,90
怕死可,90
上课讲,90
床上带,90
节奏友军,90
！关键时刻,90
以国,90
轻重缓急英雄,90
热干面长春,90
武汉也,90
救世主谢谢你们,90
！配音,90
好棒哭,90
了真棒中国,90
加油加油加油辛苦,90
!希望,90
践行,90
加油因为,90
儿媳妇,90
得利,90
会员,90
往来,90
不买,90
傅莹,90
艺能？,90
吧老,90
一定奥运,90
夏季,90
现状,90
读书,90
！黄智贤,90
呼吸机,90
。翻译,90
推荐,90
98,90
股权,90
出个,90
列支敦士登,90
陆沉,90
六国,90
太阳,90
手风琴,90
大洲,90
艾滋病,90
一百二十万,90
通衢我们,89
保护中国,89
？爱,89
你美国,89
不到中国,89
沙雕,89
过段时间,89
华夏现代,89
智贤姐中国,89
我养,89
医院我,89
。一,89
让步为,89
藏匿,89
家原谅,89
不同那个,89
赞罪犯,89
加油夸,89
友军大大的,89
华夏厉害,89
国不要,89
多想,89
想多活,89
几年他们,89
会为,89
。66666日本,89
了天天,89
搓麻,89
炒得,89
好菜,89
叫外卖,89
注意安全饭,89
很多准备,89
~医大,89
二院,89
逼长胖,89
哈哈哈友军制度,89
三观,89
爸办,89
案子,89
了黑龙江,89
齐齐哈尔加油中国,89
！加油加油加油,89
人看,89
十秒,89
天加油加油中国,89
努力奋斗岂,89
同袍心痛这个,89
击掌此生,89
人重来,89
了2333,89
！。,89
表演,89
啊有,89
用来,89
一定新,89
创意,89
不止,89
！有,89
蔑视王之,89
只不过,89
熔断,89
清朝,89
的好,89
帮帮我,89
未有,89
了制度,89
经济危机,89
鄙视,89
哈哈哈老大哥,89
严格,89
一部,89
很长,89
整笑,89
你？,89
上网,89
呀下次,89
大战,89
一座,89
到头,89
变白,88
中间,88
搞清楚,88
！但是,88
折磨,88
鲁迅啊因为,88
更棒,88
事情保护,88
的真个,88
路障,88
哈哈哈智贤姐,88
零头泪目台湾,88
正常那个,88
骄傲保护加油,88
一例,88
天人,88
很足我们,88
救泪目智贤姐,88
声音中国,88
放飞,88
...带,88
啊叉腰,88
人记,88
北京烤鸭,88
几回,88
近几个月,88
。4.1,88
万中国,88
加油感恩,88
祖国加油,88
！武汉市委中国,88
4000,88
万人让,88
好让,88
下来把,88
斤保护,88
我方偷跑,88
万感谢,88
加油黄姐,88
好曾经,88
首都赞赞,88
赞赞毕竟,88
重要保护颟顸智贤姐爱,88
～中国医科大学,88
优势泪目只有,88
力量是,88
！保护我,88
差不多没有,88
加油真,88
了一切,88
崛起武汉,88
爷整,88
无敌加油泪目加油,88
！泪目想到,88
长时间,88
阴阳家,88
过家家,88
动不动,88
？罪犯,88
吗这是,88
？媒体,88
飞飞下次,88
自动化,88
？飞飞飞,88
越共,88
抗战,88
奇观,88
资本主义哈哈哈,88
一定平成,88
！战忽局,88
1999,88
啊对,88
了俄罗斯,88
72,88
合久必分,88
环保,88
英美,88
比喻,88
大多,88
登日,88
禁止,88
定居,88
！加油我,88
万岁中华人民共和国,88
战死,87
白宫,87
好保护,87
潜力,87
连饭,87
姐保护我,87
23333真的,87
感受你,87
挨个,87
？出去,87
万去,87
？泪目哈哈哈,87
十斤让,87
腰福建,87
逼福建,87
赛高福建日报,87
脊梁不,87
支持换掉,87
2333这,87
团结这里,87
啊说句,87
良心话,87
、说,87
了节目,87
…保护明理,87
人希望,87
热干面我,87
腹肌,87
变两个,87
字特,87
断叶问,87
前边,87
夜间中国,87
？舔,87
..保护保护智贤姐,87
好隔离,87
好多全国,87
一条心智贤,87
。巾帼英雄,87
智贤姐泪目我特,87
～哈麻批被,87
中华儿女,87
自豪胖,87
优点这,87
顶还好,87
自豪他们,87
主角回不去,87
路过我,87
了567你,87
加油泪目加油我,87
！币,87
加油泪目泪目泪目加油,87
中国进,87
逼这个,87
抵制,87
滚下次,87
大选,87
死皮,87
？这是,87
一定嗯,87
厉害哈哈哈,87
？奶,87
罪行,87
察觉,87
？全部,87
啊飞飞,87
大事下次,87
死人,87
倒退,87
了战忽局,87
听成,87
一笑,87
哈哈哈前方,87
可爱好,87
千年,87
了反对,87
警告,87
清醒,87
…？,87
开放,87
了东京,87
玩具遥控,87
口才,87
了不起,87
建设,87
了一个,87
第四,87
技术,87
证据,87
哈哈哈波兰,87
斯坦,87
团结一心,86
要紧,86
不肯,86
美分,86
传播,86
好乖,86
啊现在,86
女子,86
气死人,86
󾓭保护后面,86
排版,86
斤赶紧,86
吧毛子,86
可以保护智贤姐,86
大佬怕死骄傲前面,86
我宅,86
！预言家保护湾湾,86
吧胖,86
了保护老黄,86
市政保护,86
保护友军,86
友军体制,86
保障别的,86
保障保护,86
贤姐来世,86
我宅全民,86
下巴,86
家人,86
一家人,86
！眼泪,86
流下,86
了加油生,86
弄出来中国,86
人一说,86
愿生,86
了哇,86
烧死,86
越是,86
中国崛起,86
安好,86
一定西方,86
死？,86
抱歉,86
啊芜湖,86
辉煌,86
别刷,86
了高兴,86
了起飞下次,86
基础设施,86
甲级战犯,86
战下次,86
冬奥会,86
交税,86
测试,86
嘉宾,86
吗哈哈哈哈,86
底部,86
高能中国,86
）（,86
护保护,86
项羽,86
一定感谢,86
已死,86
黄天,86
四川,86
独立,86
西德,86
飞飞飞下次,86
舌战群儒,86
了岂,86
啦走,86
误国,86
解禁,85
好丑,85
业务,85
友军很,85
速度1.25,85
新大陆我,85
~别谋独,85
正谋,85
呢奇迹,85
中国灭,85
了非典,85
封她,85
老友,85
哈哈为,85
自豪美国,85
日增,85
考古又,85
？4.3,85
了战争,85
恐惧我们,85
了保护当代,85
脊梁,85
！以疫谋独,85
意识您,85
谢谢您感謝京東,85
感謝,85
小哥中国,85
逼居家,85
十斤喜欢,85
已经可,85
崩溃预言,85
成功中国,85
响应这是,85
中华民族此生,85
人也,85
愤青必须,85
吓人󾓭,85
广州,85
乖字,85
写叉,85
省会,85
）加油中国,85
中国加油今天加油致敬加油中国,85
泪目位卑,85
忘忧国中国,85
！你们,85
干预,85
，下次,85
变化,85
产业,85
欲望,85
？白,85
北京奥运,85
有史以来,85
高速,85
的取消,85
机器,85
微妙,85
礼貌,85
）精罗,85
请问,85
乌合之众,85
长城,85
顶尖,85
建国特,85
陨石,85
格局,85
男儿老,85
英雄武汉,85
嘲讽,85
加油没事,85
路线,85
负责女神黄姐,84
好很,84
骄傲武汉,84
帮助加油1000,84
发货,84
❤谁,84
男美国,84
好低调,84
低调为,84
感动感动友军,84
这些救,84
的此人,84
敌人而且,84
警告武汉,84
姐姐哈哈哈哈哈哈保护大,84
大力支持我,84
",这",84
人后,84
内疚别说,84
道理要,84
毒派,84
之一美团,84
!全,84
人几千,84
啊封城,84
腰那个,84
憨批我们,84
居民都,84
中华人民共和国,84
！加油泪目河南,84
核能中国,84
加油加油加油风,84
大加油给,84
加油感谢人,84
关怀,84
体谅致敬加油,84
了加油祖国,84
稀里哗啦中國,84
加油真哭,84
人每个,84
这个这,84
热爱,84
一定澳洲,84
站队,84
一定为什么,84
了《,84
永恒,84
的反复,84
一定要脸,84
自作孽,84
贸易,84
大哈哈哈,84
到来,84
登顶,84
费钱,84
了山川,84
励志,84
这群人,84
一定毒奶,84
一本正经,84
听话,84
唯一标准,84
青年,84
难保,84
嘲笑无情,84
老公,84
总和,84
！澳大利亚,84
偏要,84
德国人,84
了帅,84
！欧洲,84
你哈哈哈,84
王朝,84
！全国,83
真想,83
接触,83
耐心,83
统一照抄,83
不会换帅,83
逼保护贤姐,83
…14,83
不动武汉,83
受委屈,83
了老朋友智贤姐,83
了md,83
荒诞朝廷,83
）智贤姐,83
好看得,83
激动李,83
凉凉我,83
体重一句,83
！必须,83
三连这,83
衬托关键,83
救加油,83
家中,83
加油致敬国家兴亡,83
匹夫有责加油传销,83
那个中国,83
！国有,83
战召必,83
回战,83
主角徐州市,83
公安局,83
一定都,83
/我,83
别用,83
利益？,83
患者,83
滚滚,83
故意,83
？这些,83
敌视,83
绑架,83
万国,83
吧日本,83
趁着,83
卡哇伊,83
一定虎父无犬,83
？草,83
吵个,83
年下次,83
的那时,83
老本,83
脑子里,83
掩耳盗铃,83
结尾,83
交了,83
男神保护,83
狂笑,83
落榜,83
50w,83
为何,83
啊菩萨,83
我会,83
看不得,83
啥时候,83
一出,82
应验,82
。然后,82
了保护感谢,82
各省,82
一条心听,82
的话八方支援,82
英语翻译,82
文库,82
没有看到,82
发展九省,82
笑低调,82
低调有,82
的保护来,82
省就是,82
绿娃们,82
！惜命,82
什么换,82
好在家,82
人口智贤姐,82
加油1.5,82
最佳保护,82
友军救,82
呀友军武汉,82
人叉会,82
腰我们,82
听话我,82
假扮,82
！万岁,82
≦人民,82
微不足道,82
！加油加油Nbnb中國,82
！欢迎,82
加油加油致敬中国,82
高级,82
海盗,82
一定人民,82
高新科技,82
大叔,82
jpg,82
皇粮,82
？注意,82
了全去,82
拍片,82
老一代,82
一定延期,82
一定这句,82
？啧啧,82
总结,82
你老,82
优胜劣汰,82
友军说得好,82
美国我,82
工厂,82
呵呵我,82
了还是,82
建国兄弟,82
能量,82
偷亲,82
！再来,82
震怒下次,82
恍恍惚惚秦始皇,82
政哥,82
…美国,82
日月,82
！因为,82
英超,82
理由,82
预言,82
！山河,82
吗老,82
大规模,82
沙俄,82
一战,82
？加油中国,82
艺能下次,82
几十年,82
？欧盟,82
寿命长,82
哈哈辛苦,81
了4.8,81
了保护还是,81
土改,81
祖祖辈辈,81
有家保护请容,81
骄傲外卖,81
了谁切,81
拿远点中国,81
一条心武汉,81
啦保护也,81
里举,81
自救保护,81
智贤姐解葑,81
突发事件,81
优势保护智贤姐,81
你好越,81
逼今天,81
解封救,81
多其实,81
发疯,81
水骂,81
医护黄姐,81
逼但,81
兔智贤姐保护,81
牛壁不仅,81
够吃,81
减肥想,81
哭这,81
优秀继续,81
继续姐姐,81
姐姐这,81
加油加油：,81
！碗,81
卤粉,81
…致敬,81
意识,81
战败国,81
密码,81
？为了,81
自贸区,81
军力,81
梳成,81
下一代,81
了…,81
人工,81
快速,81
太郎老,81
规定,81
深圳,81
涉及,81
打断,81
像你币,81
了个,81
屁？,81
一定小泽,81
玛丽奥昭和,81
废物那个,81
天皇讲,81
中国梦回,81
大唐妙,81
啊失去,81
凑合传统,81
技能港区,81
南麻安倍晋三,81
光辉,81
前夜,81
昭和奥运,81
日本国,81
象征下次,81
一定朴槿惠,81
一定2333日本,81
好爽我们,81
了】,81
’改造,81
贫是,81
不得志安倍,81
气氛,81
！全部,81
层面,81
啊招核,81
吵起来,81
哈哈已经,81
失业,81
贩卖机,81
？到,81
一定然而,81
了纽约时报,81
一定山川,81
清理,81
手上,81
特靠,81
这套,81
有错,81
本币,81
了意大利,81
万人,81
做点,81
怀念,81
第一次,81
群众,81
哈哈哈你,81
倾向,81
核武器,81
加油支持,80
总体,80
乃至,80
已然,80
悠久,80
情怀,80
吃我,80
健身房,80
中国三观,80
太正,80
同胞们剑及履及友军,80
友军三连,80
话保护保护美国,80
考古堪,80
比美,80
片我们,80
陆陆续续,80
疫情加油,80
他这件,80
了保护预言,80
成功你们,80
呀全靠,80
友邦,80
。外卖,80
发明,80
币自己,80
人一夜之间,80
吧姐姐,80
吧深红色,80
。对,80
了虽然,80
加油交给,80
人谢谢你们中国,80
加油眼里,80
人哭,80
呗你,80
死下次,80
一定怎么,80
当做,80
口吐,80
基因,80
啊还,80
了想,80
玩完,80
一个个,80
不怎么,80
sao,80
现实下次,80
我怕,80
的奥运会,80
共荣,80
一定炫炫炫,80
一定当年,80
炫炫炫6芜湖,80
起飞借势当年,80
忘不了觉得,80
。敌视,80
渊源我,80
正向,80
迈进视频,80
一定李梅,80
烧烤听说,80
宪法,80
首都下次,80
一定光荣,80
梦想2010,80
经济体源远流长,80
解决办法下次,80
子川普,80
命牛,80
啊难难,80
难难,80
难蜡笔小新,80
吗高兴,80
皱起,80
眉头高兴,80
漫画飞飞,80
飞飞真,80
日本天皇中国,80
敢生中国,80
啊还有,80
人当,80
香饽饽,80
道路前面,80
奥运会60,80
电车,80
透真的,80
团结满脸,80
哈哈哈天亡,80
日本没有,80
开玩笑报应,80
税率,80
贵人口,80
牛头,80
马嘴嗯,80
了起飞别说,80
了老公所以,80
…泡沫经济估计,80
不怎么样日本,80
的前排,80
更佳,80
！集中力量,80
大事那,80
牛皮小朋友,80
可爱地价,80
高到,80
不行青春岁月天气,80
之子木,80
大退行,80
现象暗示,80
doge古文,80
容易但是,80
打蒙,80
公知们,80
特质,80
小时候我,80
木大被迫,80
惨平成,80
死宅天气,80
之子等等,80
置于,80
发力,80
军事未曾,80
道路有点,80
可爱盲目,80
太草,80
能否,80
复兴老,80
无处不在下次,80
强友善,80
比喻？,80
他舅躬匠,80
读书这钱,80
多弹幕,80
官网,80
看延期,80
一定哈哈哈哈哈哈,80
了消化,80
呗不,80
要素,80
可以不,80
？呵呵哈哈哈,80
什么哈哈哈哈,80
中国日本,80
。传统,80
之光,80
和平相处,80
当地,80
委员,80
共青团,80
一亿,80
利于,80
一定反对,80
一定英国,80
护士,80
魔鬼,80
一定不愧,80
美方,80
！姐姐,80
目前,80
不缺,79
一条心,79
太坏,79
推手,79
赞赞赞,79
友军日本,79
憨美国,79
考古美国,79
考古现在,79
希望东亚,79
封城口吐,79
合适不是,79
说智贤姐,79
✨我们,79
智贤姐这个,79
！种菜,79
肌肉,79
哈哈支持还,79
爱智贤,79
政治保护表白,79
智贤姐叉会,79
腰彻底,79
44,79
。刚好,79
春节前夕,79
！致敬不,79
膨胀保护抢劫,79
小编,79
了立刻,79
能力真实,79
不少最,79
抢成,79
什么样说,79
数次,79
这边,79
！人民,79
！加油泪目茂名,79
路过加油中国,79
加油天佑,79
2加油中国,79
！泪奔我,79
洋葱宇宙,79
碰拳喜欢一方有难,79
极端,79
奖牌,79
两面,79
一定对,79
一声,79
一定已经,79
摆脱,79
是關,79
戶老,79
存在…,79
小看人,79
怪人,79
阔多然而,79
多灾多难,79
梦？,79
～这,79
国耻有,79
光顾,79
解决确实中国,79
计划生育去过,79
老头儿香蕉,79
啊敢,79
大乱现在,79
岁月亏炸葛优,79
淦未曾,79
道路6666下次,79
一定那里汰,79
打工计划,79
.所以,79
了Q,79
炫炫炫炫？,79
？不得不,79
两把刷子,79
的天朝,79
大海新干线,79
吗炫炫炫,79
想这个,79
单说,79
。天诛,79
病毒招核,79
奥运会卧槽,79
！说明,79
重要性哈哈哈,79
味道超级,79
健康你,79
了....芜湖,79
飞飞飞芜湖起飞去,79
离谱去,79
老龄化发达国家马超,79
好事老,79
道路。,79
一定失落,79
帝国武士道,79
xswl十分高兴,79
海星下次,79
一定每个,79
口罩太,79
内需这,79
精神害怕李梅,79
烧烤中国,79
毒奶一口,79
哈哈每,79
吧666切腹,79
吧算了,79
退休年龄,79
一推,79
？1964,79
锤子挺,79
安倍平成,79
废物624,79
人民币约合,79
640,79
人民币开放,79
烧烤知子莫若父十万,79
。60,79
？核平,79
小男孩太秀,79
了秀秀真,79
鲜明对比呸,79
花天酒地飞飞,79
飞飞在理…,79
起飞厉害摊着,79
残疾人,79
。借机,79
可好何其相似,79
我们都,79
交钱,79
钱民众,79
友谊哪个,79
生存空间,79
挤压,79
？Gemini下次,79
更好广场,79
私心,79
大锅老,79
？彼此彼此我们,79
捐给,79
起飞你,79
看哆,79
猛你,79
不来飞飞,79
飞飞炫炫,79
炫炫炫加厚,79
举办那,79
。秀哈哈哈,79
心疼他,79
吃哇,79
老东西,79
贬义,79
一定人家,79
耻辱那,79
了搁,79
着装,79
孩就,79
？红,79
....飞飞,79
飞飞祝福,79
老龄化说得对,79
放弃是,79
不会歪嘴,79
哈哈哈艾玛,79
季翻,79
死北是,79
冬夏,79
？建,79
笑脸满脸,79
高兴友谊,79
tui哇,79
靠？,79
祝福？,79
清奇草食,79
系太,79
确切,79
？一对,79
吗一对,79
人父慈子孝,79
研制成功这次,79
不准我,79
了砸锅卖铁疫情,79
可以家,79
？草食,79
⊙曾经,79
？卧槽拖,79
硬拖换位,79
封顶,79
违章建筑,79
拆掉,79
受得了下次,79
一定nonono细思极,79
！面神经,79
？朕,79
富国强兵,79
？气候,79
武器太快,79
了家电,79
下乡日本,79
奇迹下次,79
了回来,79
补票,79
推迟日本,79
三鹿,79
吃有句,79
恩爱,79
快聪明,79
把握,79
机会你,79
哈哈哈三战,79
一定取消,79
啦真实,79
极了下次,79
大起飞你,79
飞飞片,79
一定歪,79
？加油哈哈哈哈,79
奶一波美国,79
一样韦驮,79
韩国我,79
东林党,79
”更正,79
當時,79
池田勇人,79
？两个,79
了没错,79
大海日本,79
！难道,79
造福,79
？不活,79
.日本,79
吧中日,79
信心下次,79
）指桑骂槐满脸,79
那样又,79
一样…,79
…柯南,79
力量饭友,79
离谱中国,79
首相飞飞飞哈哈哈哈它,79
对奥特曼,79
了转世灵童下次,79
甩包袱,79
人口安狗下次,79
的没人,79
沉思,79
死妙,79
啊停,79
。当年,79
剧痛,79
强挺,79
未来其实,79
？加油然后,79
用到,79
现在卧槽,79
？可能,79
发放,79
一定2333下次,79
不妙,79
游戏,79
了R,79
请求,79
！制度,79
公务员,79
自信哈哈哈哈,79
69,79
上头,79
！致敬加油,79
大队,79
利来,79
不该,79
一定精罗,79
加油加油加油加油,79
停办,79
白要,79
下方,78
日记,78
海峡,78
捕鱼,78
谋毒,78
位我,78
过瘾保护我,78
十多斤,78
55555555铁,78
憨我长,78
公斤保护,78
不能不,78
！抱歉,78
全世界全世界,78
带不动蛮,78
太好了智贤姐,78
！自豪感,78
忽然,78
涌出来,78
了文言文,78
序数词中国,78
五斤,78
人太少,78
加油与子,78
死与子,78
同行泪目必胜加油加油,78
！湖南,78
了胜,78
！英雄致敬中国,78
东亚,78
常态陆克文,78
一定反复无常,78
一心,78
房价,78
了战术,78
西瓜,78
了难怪,78
有下次,78
啊天,78
回复,78
呢这次,78
一定勿忘,78
国耻国贼,78
COVID,78
1910,78
?火烧,78
东京日本,78
时存,78
高“,78
干劲,78
”德国,78
行为天意,78
人祸,78
该泪目下次,78
天算清理,78
离谱知子莫若父中国,78
复兴贼喊捉贼可,78
老害,78
了小弟,78
金镶玉,78
那才真,78
高级安倍,78
审时度势,78
控制中国,78
狂奔,78
路途,78
上日本,78
早过,78
大不如前西巴原來,78
爷爷奶奶在这个,78
！杀马特,78
流行我们,78
吧这嘴,78
…妈耶tuinb奥运会,78
的今天,78
链子,78
摘下来结果,78
晴空万里下次,78
得下次,78
饿肚子,78
穷日子殖民,78
自信前面,78
靠哆,78
梦芜湖结果,78
了毒奶我们,78
吧绝望,78
好惨OK,78
哈哈哈哈哈防范,78
从我做起远离,78
。毒奶,78
成功友谊,78
地久天长,78
东西梦回,78
可能丧,78
文化小男孩,78
转世飞飞,78
飞飞飞哦,78
喽芜湖,78
全球真正,78
男儿未曾,78
道路自己,78
。哆,78
!握草德国,78
同天我要,78
飞老公下次,78
交见,78
…诸位,78
一两百,78
相比之下,78
衡量中国,78
呀夹带,78
。makeJapangreatAgain对不起,78
好赞落日余晖,78
啊二,78
总刷,78
nt为,78
马屁精低保,78
多贵,78
高阿,78
裂开并,78
吹大,78
提早,78
挤破,78
泡沫没,78
一定日月,78
同钉哇塞不,78
啊泪目牛,78
逼亲戚,78
。92,78
长野,78
...额牛牛,78
啧啧我们,78
满是,78
搞好,78
庆祝这次,78
晴明,78
更能,78
”不,78
捣乱,78
不信,78
老先生,78
美化,78
太空,78
。说得好,78
。自己,78
好不好你,78
牌面,78
！开始,78
。开始,78
汉武帝,78
维持现状,78
哈哈哈不,78
吧都,78
目泪,78
嫉妒,78
熙熙,78
了精罗,78
正统,78
大佬,78
了所以,78
一心智贤姐,77
！瘦,77
三斤因为,77
公共财产,77
党吃,77
哈哈2020,77
一年方方,77
很不简单,77
中国躺,77
贡献宅家,77
自豪带不动,77
世界有智贤姐,77
付款,77
转钱,77
丢乌纱帽,77
学习然而,77
最新消息,77
了了不起,77
！甚至,77
人民一群,77
带不动辽宁,77
放心,77
同袍加油致敬加油武汉,77
加油加油泪目中国,77
加油泪目泪目泪目泪目泪目泪目对拳,77
泪目加油加油中国,77
雄起！,77
唉你们,77
英雄太,77
主动,77
介绍,77
中华人民,77
一定又,77
！反复,77
圣人,77
碰见,77
困境,77
一定这套,77
好看下次,77
一定想法,77
…炼,77
炼—,77
—不生新,77
爆发猪,77
哈哈太惨,77
）核平,77
毛病熟悉,77
）专利权,77
到期,77
虾仁,77
啊葛,77
被害延期,77
啦卡其,77
太OTTO,77
三战可是,77
四亿下次,77
呵全,77
用不上,77
了回不去,77
啦心酸,77
~索,77
达斯,77
捏下次,77
厉害哈哈我,77
真服了,77
劲这,77
么我们,77
自信御前会议没,77
吧传统,77
桃子,77
状况,77
！全球,77
！讲得,77
空气,77
！战争,77
无情,77
了英国,77
666我,77
。这个,77
阶级,77
一定瑞士,77
！没有,77
几天,77
响应,77
三次,77
出事,77
！致敬中国,77
加油谢谢你们,77
了眼睛,77
隔岸观火,77
标准,77
墨尔本,77
13.1,77
前途,76
了想想,76
我方中国,76
弯弯非典,76
事其实,76
暴露出,76
憨保护,76
！虽然,76
算轻,76
。b,76
你⭐,76
️保护智贤姐,76
～永远,76
不醒,76
人友军,76
喷不好意思,76
了全国,76
差不多你们,76
怎么办胖,76
脸前面,76
宁波,76
洗脑,76
平安加油中国,76
！谢谢你们对,76
啊中华人民共和国,76
人格分裂,76
同志？,76
啊二战,76
不帮,76
后悔,76
阴阳怪气,76
变得,76
黄金,76
劣质,76
自欺欺人,76
钱下次,76
小树苗,76
的人民,76
万物,76
哈哈哈躬匠,76
？想起,76
啊一个,76
一定别说,76
奶死下次,76
惨起飞半斤八两太敢,76
吧人民,76
无关用,76
管店,76
呗有点,76
惨哈日本,76
执政党,76
小中国,76
杰瑞,76
质疑这,76
～葛,76
大爷高兴,76
机缘,76
再生,76
档次躺,76
输出这有,76
呢祝福说实话,76
好处中国,76
王骁他们,76
东西呵呵纽约时报,76
说.好,76
哈哈哈招核,76
冤魂下次,76
一定房子,76
生结尾,76
升华原子弹,76
冤魂我,76
不认,76
能奈,76
我何噗,76
这小嘴,76
的梭哈,76
一下哈哈哈,76
人安倍,76
梗下次,76
开头,76
柯南,76
一定满分,76
降低,76
生育率,76
了建议,76
背景,76
日本下次,76
封锁,76
！实践,76
了哈哈,76
！妙,76
底层,76
。谁,76
政委,76
。荷兰,76
来换,76
治国美国,76
了拒绝,76
了不靠,76
输出建国,76
你品,76
第三,76
本是,76
一定他们,76
了73,76
统计,76
！没,76
团结武汉,76
意呆利,76
一百年,76
？但是,76
顺应,76
180,76
明智,75
！黄,75
啊让,75
六十万,75
阿自豪保护我,75
！贤姐保护,75
nb黄智贤福建人,75
对岸,75
优先保护智贤姐,75
。保护保护并,75
带不动保护,75
人确实,75
...粉粉智贤姐,75
给力当年,75
主帅,75
的福建,75
是为,75
28,75
人心,75
了我爸,75
今年过年,75
哈哈哈哈泪目自动,75
变色泪目这,75
到中国,75
!加油泪目,75
!给,75
！不负,75
砖头加油加油中国,75
男生,75
狗腿子,75
？想,75
容不下,75
赢得,75
哈哈哈全部,75
承担,75
瘫痪,75
一定明,75
jojo那个,75
一百多,75
。注意,75
人民笑,75
哈哈哈额额啊啊啊我们,75
大海有人,75
非常适合,75
成功全部,75
木大这么,75
飞飞上天,75
天命,75
啊开是,75
苟延残喘,75
猝死,75
目标蛤,75
小日,75
子过,75
友谊。,75
辛酸真的,75
佩服我,75
？智能,75
了问题,75
天气晴朗,75
。精气神,75
了人口,75
打工妙,75
啊卧槽下次,75
男儿啊啊啊,75
恐原子弹,75
民族日本,75
梭哈不了,75
咋办你,75
哈哈哈厉害,75
一定这些,75
年老,75
亿日元,75
不必要,75
一定打问号,75
糟糕,75
疑问,75
算了吧,75
?你,75
无疑,75
治国实践,75
痛点,75
制服,75
定体,75
不救,75
27,75
同林鸟,75
中书,75
精波,75
吃苦耐劳,75
五百万,75
同袍岂,75
45,75
今日,74
考古党,74
可以我,74
减因为,74
。保护保护世界舞台,74
一下感动据说,74
了好保护,74
！智贤姐不能,74
你此生,74
。此生,74
智贤中国,74
！回,74
没有有,74
34,74
LED,74
1200RMB保护,74
智贤姐ly,74
鲁豫算个,74
屁保护,74
姐姐如果,74
不了中华民族,74
民族大家,74
。鼻子,74
一酸加油,74
加油泪目加油甘肃,74
中华加油,74
川剧,74
资敌,74
？天皇,74
的谁,74
人干,74
此处,74
啊66666长残,74
歪嘴大家,74
GG真命,74
的日剧,74
来好,74
可爱莫名,74
....回到,74
了胖fakenews马里奥,74
行召核,74
男儿该,74
厉害牛皮23333333歪嘴,74
大道理切腹,74
？牛皮看,74
差不多中国,74
更要,74
老从,74
亲华到,74
反华满分弹幕,74
思考下次,74
自治区,74
？仿佛,74
核平,74
师兄,74
了直接,74
可怕下次,74
突出,74
了米国,74
不求,74
出动,74
试剂盒,74
枪战,74
唯恐天下,74
了high,74
偷笑,74
呀一,74
哈哈川普,74
逼其实,74
未见,74
！正,74
麻烦,74
了大理,74
希望不,74
）我,74
2020,74
一定云南,74
听不懂,74
黄石,73
嘻嘻那个,73
憨爷,73
斤猪,73
腰伟大,73
祖国生而为,73
三生有幸,73
的保护姐姐,73
哈泪目保护,73
智贤姐保护不,73
并不一定,73
完美没饿,73
过智贤姐,73
大',73
！哎,73
外人,73
好痛中国,73
武汉国士无双加油,73
加油人民,73
回家年纪,73
了泪流满面致敬碰拳,73
真有,73
？还有,73
气度,73
掠夺者,73
一定这种,73
龙虾,73
孤立,73
哈哈哈哇,73
比赛,73
？已经,73
有近年来,73
这代人,73
承受下次,73
得戴,73
思考问题,73
？实际上,73
呸其,73
天降,73
核导,73
凋零,73
、这个,73
是真别,73
起来不信谣,73
传谣我,73
高强行,73
升华,73
一定推迟,73
了爽日本,73
陆沉先给,73
忘你币,73
怀抱,73
服务员,73
结不结,73
你啥,73
？那位,73
冻症,73
后靖彦,73
边上,73
重度,73
木村,73
英子,73
.推迟,73
精神注意,73
待会儿,73
日元你,73
一定成立,73
！飞不,73
样子老,73
一定仿佛,73
了寿命长,73
hhhhhhhhhhhhhh坐,73
日共,73
了民族,73
首相下次,73
不够我,73
妈呀,73
！瞎说,73
实践,73
)哈哈哈,73
高能美国,73
得病,73
哈哈哈荷兰,73
太好了哈哈哈,73
唯一标准谁,73
美国河南,73
哈哈自欺欺人,73
画地为牢推特,73
治国老师,73
川普一,73
可能保护推特,73
治国而且,73
不会美国,73
韩国保护,73
输出一,73
优先666保护说得好,73
哈哈哈明白人因为,73
傻Nb事实胜于雄辩哈哈哈,73
~保护荷兰,73
给台,73
左保护建国,73
活干,73
防护服讲得,73
好明白人厉害,73
了荷兰人,73
！23333说,73
好保护叶,73
没错中国,73
好半时,73
真名大哥,73
明白人秒,73
啊患难见真情美国,73
州哈哈哈哈我,73
十分美国,73
包子保护优秀保护保护明白人找,73
去对,73
啊保护有,73
哈哈河南,73
？智贤姐在,73
港台地区,73
川普其实,73
川普挺,73
卷子,73
老好人实践,73
唯一标准荷兰,73
几层,73
皮实话不仅,73
胜利制度,73
明白我们,73
呗美国,73
张大嘴推特,73
啥是,73
欺骗性,73
赢家,73
手里,73
疗效不,73
他这国,73
怎定体,73
陷思我,73
问题患难见真情,73
没找,73
没用说,73
笼统,73
同志光刻机,73
？有空,73
去川,73
上其实,73
了政委,73
大变局哈哈检测,73
剂保护,73
们对对,73
自身难保保护,73
命商人,73
铁公鸡保护哈哈哈我们,73
人道主义太,73
了保护哈哈哈,73
蛇这样,73
直接保护,73
我放川普保护说,73
哈哈哈这国,73
陷思,73
问哈哈哈,73
啊河北,73
哪里大自然,73
想发,73
考卷美国,73
捐过,73
屁事实胜于雄辩讲,73
了通共,73
实锤对保护经常,73
上智贤,73
节目川普,73
嘛马克思,73
高频,73
忽悠建国,73
局罗斯福,73
吗制度,73
维持建国,73
了废,73
！厉害在理建国,73
永世难忘,73
呢资本主义,73
问题估计,73
哈哈哈太帅,73
不干,73
了和,73
博士,73
刘邦,73
中书省,73
憔悴,73
一只,73
春运,73
荣幸,73
吟唱开始,73
加速,73
地点,72
支部,72
村智贤姐,72
支持开除,72
官员方方,72
能量高福,72
靠边站,72
、谢谢,72
武汉河南,72
十省,72
各洲,72
物资一省,72
包一市没错,72
下除了,72
台湾省谢谢,72
传到,72
外边伟大和,72
！天下兴亡,72
匹夫有责中国,72
！团结,72
回家泪目泪目向,72
狗狗,72
同志老,72
纯粹,72
机会主义,72
细节,72
了哎,72
做饭,72
天地,72
有限,72
了躬匠,72
考不够,72
大居然,72
信可以,72
在编,72
谱说,72
好他,72
？该日本,72
保守,72
进步活该,72
啊呵呵徐大,72
儿子这个,72
了彩电,72
54,72
。哈哈哈细思,72
。穷是,72
不得志日本,72
脱离现实,72
将军下次,72
一定清理,72
呗低,72
社会奥运会,72
1600,72
！飞飞,72
飞飞飞(,72
)666哈哈哈哈,72
哈哈哈哈奶得,72
好监制,72
王可蓉我们,72
去7,72
、选择,72
你一,72
了梭哈人民,72
？佛系,72
年轻人不能,72
算成,72
功劳日本,72
性格,72
国家日本,72
山上可,72
啊幸亏,72
爱祖国6666祝福怪不得,72
啊嗯,72
。大,72
个头,72
的哇,72
自大,72
弱小,72
～自己,72
真知,72
明镜,72
开展,72
！老大,72
你说,72
了有个,72
中美关系,72
呵呵这个,72
吉言,72
哦特,72
谱别,72
了只能,72
当务之急,72
战争霉国,72
声援,72
棒老大哥,72
校霸赞病毒,72
人“,72
不保一针见血哈哈哈,72
哈哈哈哈真相,72
会播,72
？说得好所以,72
断层,72
队友明末,72
历史教训这个,72
...制度,72
优势推特,72
啊赢,72
了阴性超级,72
哦保护哈哈哈,72
了精辟没,72
明白人保护推特,72
治国推特,72
了好保护老大哥,72
叭叭,72
必掉,72
造完,72
了掩耳盗铃上帝保佑,72
了明白人,72
牛叉荷兰,72
光刻机自然选择小,72
大变局thebest我们,72
见证人,72
!但,72
各路,72
积极响应美国,72
明白人战忽局,72
留检测,72
剂天佑,72
万岁明白人什么,72
圣经,72
在手,72
？推特,72
唯一标准老天,72
安排特朗普,72
。川普直接,72
毛病因为,72
一伙儿,72
的嘿嘿嘿,72
嘿嘿实践,72
唯一标准高效,72
政府红红火火,72
恍恍惚惚好敢,72
！秒,72
啊精辟,72
呀哈哈哈哈美国,72
执法,72
不帮人,72
哎呀呀,72
哦说得好保护保护说,72
万岁建国,72
道理哈哈哈,72
哈哈鼓掌打到,72
了自大,72
可笑保护川普,72
哈哈保护这,72
？实践,72
认识老大哥,72
了666保护中国,72
万岁现在,72
！好多,72
人聋,72
逼实践,72
唯一标准川普因为,72
的啧啧,72
啧中国,72
的名嘴择其,72
善者,72
优劣友军,72
！保护一切,72
出发川普,72
23333中国,72
自身难保保护川普,72
？工具,72
人hhhhh战忽局,72
拖走,72
先关,72
。保护保护各有所长挣钱,72
少来点,72
利益集团,72
防疫保护哈哈哈哈,72
逼保护是,72
阿有点,72
了各有所长疫症,72
癔症,72
六月,72
美国夜问,72
qwq上,72
战火纷飞川,72
老二前面,72
钱我,72
红媒,72
执行,72
千万,72
的政哥,72
。英国,72
效率,72
触动,72
你我,72
攘攘,72
在线,72
复兴下次,72
在此一举,72
眼看,71
来不及,71
了种花,71
家此生,71
华夏保护有,71
红保护这个,71
吧武汉,71
城市其他,71
带不动一,71
味省,71
主说,71
全民,71
加油感动加油我,71
家我爱你,71
中华泪目加油岂,71
同袍泪奔泪目不敢,71
哭肿,71
制定,71
了不好意思,71
二皮脸,71
像是,71
一定懂,71
一定做,71
侮辱,71
了少数民族,71
日报,71
中国澳大利亚,71
？果然,71
一定老子,71
武力,71
起来下次,71
五个,71
！梦回,71
自己哈哈哈,71
儿子你,71
正常下次,71
万万,71
呢活该日,71
…说,71
泪目砸锅卖铁,71
？暗示,71
不行这么,71
？诶,71
暴脾气,71
千算,71
万算,71
木大难怪,71
奥运日本,71
的草我,71
妈呀@,71
neru,71
爸爸nb,71
未来已经,71
不了日本,71
唉的确,71
热血,71
弹幕wt楢,71
形象天,71
巡回居然,71
一定惨,71
who招核延期,71
了他外,71
外相,71
他弟,71
相赌下次,71
一定泡沫经济飞飞,71
飞飞消化,71
……,71
哪真的,71
呢小肥羊,71
？火炬,71
一定开始,71
不见,71
科研,71
与人为善,71
名称,71
救人,71
原话,71
多我们,71
冤大头,71
挑战,71
会理,71
明白人支持,71
好世界,71
啊冤大头保护没错川普,71
好怕,71
！叶,71
老师不是,71
尽嘴炮推特,71
治国友军,71
实锤保护因为,71
啊死,71
骄傲你币,71
法老王这,71
人品问题夜问,71
打权哈哈哈哈川普,71
~说,71
太好了妙,71
啊马上,71
分享保护保护叶问,71
了不光,71
。11111讲得,71
好讲得,71
好讲,71
好赞保护说,71
np中国,71
np只是,71
而已此人,71
留此人,71
呀分裂,71
唯恐,71
！天花,71
坠保护真实美国,71
自身难保泰国,71
华夏哈哈哈哈是不必,71
考试真实患难,71
真章笑,71
就行什么,71
哈哈哈河南,71
求援癔症,71
哈哈保护川普,71
建国说得好,71
不够川普干,71
漂亮实践,71
途径患难见真情自己,71
人从,71
出发哈哈哈大自然,71
微妙说得好老大哥,71
人生保护刀枪不入中国,71
了保护确实,71
川普用,71
说话因为,71
第一不,71
找麻烦,71
找麻烦美国,71
收钱,71
大哥这话,71
说得好荷兰,71
人没事,71
装时间,71
唯一标准抽个,71
…爱,71
建国确实,71
并不比,71
差夜问,71
别浪,71
赢这战,71
吧保护推特,71
治国说,71
!就,71
站队你,71
我点,71
饭馆,71
。借,71
节目夜问,71
！稳住,71
别浪实践,71
唯一标准大国,71
担当哈哈哈,71
谢谢美国,71
崇尚,71
弟弟厉害,71
哥没有,71
我过,71
了大自然,71
在座,71
弟弟推特,71
的美国佬,71
没拉,71
油头滑脑,71
朝不保夕,71
自身难保说,71
好天佑,71
啊老大哥,71
自身难保独立思考,71
实话划,71
！u1s1,71
qs祖国,71
最好特没普哈哈哈哈,71
清奇病毒,71
显露,71
…病毒,71
！残酷,71
建国检测,71
阴性明白,71
难度,71
难度伟大,71
精神这个,71
懂明白人保护真,71
名嘴美帝,71
陨落,71
疫情川普,71
哈哈哈哈卧底,71
你保护霉国,71
设备,71
nb保护,71
多次,71
。为什么,71
互搏,71
英剧,71
欧洲议会,71
不痛,71
海军,71
总会,71
宣传,71
仇视,71
喊话,71
生产力,71
中立,71
哈哈哈这个,71
财富,71
！来,71
2008,71
！贱,71
居家,70
祖国中国,70
好评对,70
投案自首,70
的保护感动,70
了保护下狠,70
手要,70
巨浪,70
去中央,70
老美够,70
考得,70
成绩,70
谢谢我,70
骄傲这句,70
小哥米国,70
考古没错就,70
村庄,70
控疫,70
厉害福建,70
漳州,70
斤还,70
逃犯自己,70
gaoxing,70
全世界饱和,70
救援大是大非,70
我节目,70
夜间战忽局,70
叫声,70
事情这,70
好比,70
还帅中国,70
加油泪目我们,70
加油相信,70
世界中国,70
的历史,70
…这,70
厕所,70
了这种,70
普及,70
大校,70
？老双标,70
！拒绝,70
高度,70
呢一堆,70
弹幕比,70
惨希望,70
起来说实话,70
。家有,70
一老,70
如有,70
一宝中国,70
生子美国,70
这图,70
呢但是夫妻,70
节目每届,70
吧感觉,70
。妙？,70
一定京滨,70
新桥,70
站那,70
养老保险,70
fox,70
痛苦,70
吗人民,70
精神阳菜,70
功劳飞飞,70
可以咱们,70
一样是从,70
qin,70
越干越,70
厉害三个,70
吗能,70
亿美元？,70
跑不了,70
插入政治家,70
~政治,70
了芜湖文化,70
废物11下次,70
老师炫炫,70
炫炫炫家贫,70
志穷下次,70
?低保,70
！趁机,70
哈哈哈那,70
了友谊,70
狂犬,70
喝成,70
！别,70
1保护,70
啊川普,70
骡子,70
靠不住,70
军火,70
福建人我们,70
福建人党和国家,70
生命安全,70
放在首位,70
。说得好因为,70
办法美国,70
不管这是,70
诡计,70
哈哈哈哈不能,70
留祖国,70
万岁应该,70
吧奥巴马,70
哈哈哈特朗普,70
疫情他,70
嘎实践,70
实话百年,70
毁于一旦自顾不暇呼吸机但是,70
好亏,70
自身难保马克思,70
真理蓝派,70
还有优秀表示,70
求助保护这个,70
灵性说得好,70
呗人,70
jian,70
天收两,70
镇里明白人实践,70
唯一标准美国,70
太好了前面,70
而已因为,70
谱川普,70
乾隆,70
得太多,70
了修斯底,70
灾难怕,70
哈哈保护优秀保护保护,70
保护找,70
好友战忽局,70
?有理精辟wv5,70
dc美国,70
中后期,70
吧事实胜于雄辩保护这才,70
gp,70
说得对大变局保护被,70
…懂太多,70
使不出美国,70
不了保护保护保护大便,70
啊保护荷兰,70
先是,70
求援美国,70
高能哈哈哈哈,70
答案,70
不玩,70
从不,70
吧哈哈哈,70
起源,70
！笑,70
弱者,70
原材料,70
嘛？,70
了干得,70
爸妈,70
对不起,70
是澳大利亚,70
无产阶级,70
之外,70
出钱祖国,69
的听到,69
！泪目天津,69
那船,69
宣传美国,69
了中华人民,69
黄姐黄姐,69
加油红色,69
断我们,69
事情岂止,69
自觉自愿,69
隔离我,69
太棒了主要,69
吃喝玩乐,69
开心武汉,69
么主持人,69
挨打战忽局,69
挨打保护台湾,69
了卜,69
对还,69
憨这个,69
体重,69
主角不,69
加油加油加油武汉,69
基于,69
高估,69
好下场,69
博物馆,69
滚滚滚,69
随意,69
…想,69
成长,69
陆克,69
一定无,69
鸡蛋,69
战斗力,69
想像,69
手办,69
之际,69
还好下次,69
’狠日本,69
加油要是,69
了童年,69
回忆可怕太狠,69
！666未曾,69
道路不是,69
大嘴,69
歪嘴安倍晋三,69
十...........毕竟,69
动漫平成,69
肥宅好,69
涉猎,69
广泛？,69
恐怖五位一体,69
）人民,69
战犯中国,69
引以为戒令,69
昭和是,69
情况道义,69
…纽约时报,69
大蕾,69
姆这嘴,69
？总结,69
？好好,69
一定异色,69
短片,69
。真实,69
作文我们,69
了小男孩,69
转世芜湖,69
飞飞如你所愿已经,69
不解之缘追求,69
核平在,69
调教,69
下国家,69
补贴,69
。取消,69
断崖,69
同天反,69
话天,69
哪未曾,69
道路？,69
两国,69
一定加油,69
美国下次,69
恐怖下次,69
一定可以,69
赞同,69
离谱哈哈哈,69
一贯作风,69
适者生存,69
？所谓,69
自顾不暇,69
了求,69
马拉,69
白做,69
员工瞎说,69
实话经疫,69
知否,69
泰智贤姐,69
明白人是,69
明白人保护真,69
呀判断,69
真性情,69
听其言,69
观其行,69
雄辩,69
遮蔽,69
一时这个,69
阴阳人加油,69
小人川普,69
祖国过,69
了夜问节目,69
夜问打仗,69
算了哇,69
哦对,69
生命他,69
不到老大哥,69
别浪夜问,69
～暗杀,69
名单开始,69
砖家,69
自顾不暇虽然,69
少战忽局,69
叶问,69
黄智贤没有,69
高着,69
呢大,69
实话乱世,69
彰显,69
国力这个,69
站位,69
的实践,69
唯一标准前面,69
各有所长,69
！荷兰,69
想都别想这个,69
新奇,69
啊我要,69
用我要,69
何用战忽局,69
难处保护,69
保护优秀说,69
好强制,69
？好活,69
当赏美国,69
么好保护川普,69
身体大,69
大佬说得对那,69
了川普是,69
这些美国,69
嘛病毒,69
想法明白人河南,69
求援这,69
么川普,69
的保护保护,69
我方大哥,69
嘛敬畏,69
自然大自然,69
厉害老大哥,69
要实践,69
唯一标准建国,69
满分英国,69
臣妾,69
细品,69
大难临头,69
事件,69
属实,69
功绩,69
的那,69
数量,69
明朝,69
啊不,69
一半,69
？要,69
哈哈哈妙,69
破冰,69
理念,69
三百万,69
！精罗,69
★★,69
不哭,69
同天,69
啊真的,69
啊没,69
万波兰,69
160,69
了法国,69
号召力,68
党铲车,68
集合保护通过,68
耗材,68
之一虽然,68
当过兵,68
轻于鸿毛,68
重于泰山保护保护保护特朗普,68
牛湖北,68
清零,68
中国希望,68
轻松,68
老死,68
过劳死,68
加油加油每个,68
加油cashingcar加油加油泪目中国,68
头头,68
运气,68
换个,68
？各位,68
理智,68
！会,68
一定媒体,68
了？？,68
一定政客,68
人笑,68
中这,68
害怕这,68
屈辱,68
打爆,68
撤回,68
集团,68
在世界上,68
？董佳宁,68
真够,68
说哇,68
啊666666庞令明,68
哈哈该,68
香饽饽你好,68
董佳宁飞。,68
特色666666中国,68
一批太,68
上台降低,68
人口老龄化学到,68
了歪,68
啧真的,68
吧东亚,68
传统笑笑,68
谢到非,68
国民素质,68
抹黑下次,68
猪狗不如下次,68
强行,68
当狗,68
一定上次,68
大自然,68
哈哈哈所以,68
了特,68
富人,68
好处今天,68
了说得好,68
q保护保护保护说得好,68
黄智贤是,68
刷屏,68
！紧急状态,68
最流批,68
的纽约州,68
川普这是,68
人性智贤姐,68
了保护好向,68
唉小,68
病菌,68
~日常,68
马屁,68
真出,68
…妙,68
逼送,68
分题事实胜于雄辩很,68
可以红,68
了没有因为,68
顾不过来美国,68
MakeAmericaGreatAgain走向,68
共和智贤姐,68
沉迷于,68
吃播赞同来自,68
四川省,68
色郎姆,68
享受天下大同妙,68
友军意大利,68
纰漏这,68
！保护病毒,68
公平什么,68
后仰友军,68
!友军,68
友军听,68
舒坦,68
试保护想,68
好多年什么,68
共同体保护保护,68
人句句实话说,68
对保护保护没人别,68
了解说,68
欠钱,68
祖宗友军,68
啊保护保护←,68
衡量,68
标准？,68
或保护lyq,68
了明白人保护川普,68
听保护这种,68
越来越少,68
一去,68
了供,68
好叶问,68
遛啥,68
的秒,68
翻译官,68
太短,68
的精罗,68
衣食,68
想当,68
谎话,68
一颗,68
关键,68
没见,68
骑墙,68
狂喜,68
离开,68
还会,68
狗咬狗,68
人写,68
哈哈哈哈你,68
！不得不,68
吓死,68
文在寅,68
了赌,68
五十步笑百步,68
一党制,67
友军真的,67
我爱你没有,67
ba听得,67
牛批我,67
两斤我,67
的政府,67
国保护,67
输出保护13,67
智贤姐憨,67
憨阿中,67
nb同行,67
衬托此生,67
！湾湾,67
·老,67
贤姐武汉,67
红当,67
帮不上忙,67
添乱其他,67
周末,67
哈哈三连,67
三月,67
很正,67
东方,67
必胜泪目哭,67
了谢谢中国,67
加油多好,67
孩子愚公移山,67
！这辈子,67
投胎,67
人中华民族,67
实现眼睛,67
那点,67
托尼,67
贵族,67
联合国,67
荣誉,67
奇葩,67
一定聋,67
了孙杨,67
维护,67
？安倍,67
几代,67
没个,67
这样下次,67
正义,67
教会,67
文说,67
让给,67
流行,67
？为,67
一定想,67
前后,67
?老,67
了但,67
开幕式,67
意思我,67
高都,67
你全部,67
木大哈哈哈,67
太拼,67
哈哈哈哆,67
梦格力,67
高武道馆,67
！小肥羊鞠躬,67
f老天,67
办法笔记本,67
电脑,67
）惨惨厉害前面,67
就生,67
？希望,67
举办日本,67
一定保持,67
重新分配回,67
拥军真敢,67
hhhh？下次,67
近现代,67
一定昭和,67
英国首相,67
发挥,67
滚大自然,67
玩稳住,67
别浪说得好保护物竞天择,67
？红红火火,67
恍恍惚惚川,67
同志老大哥,67
呢妙,67
呀强盗,67
遇险,67
天堂视频,67
写错,67
夜问呵呵,67
了说得好各有,67
啊川普说,67
啊天下,67
搭理,67
！翻译,67
亿遍,67
细细的,67
最先,67
早晚,67
找个,67
似乎,67
英国人,67
了欧洲,67
哈哈哈哈好,67
菩萨,67
休息,67
哦中国,67
尽力,67
病夫北美,67
鼻子,67
伽利略,67
了罗马,67
呢我们,66
一段时间,66
。真是,66
二十斤狗命,66
啊九省,66
自律,66
爱惜,66
不动那个,66
逼每个,66
乖战忽,66
局局长,66
拍桌子,66
绿营,66
你祖国,66
八万多,66
！小姐姐,66
自己感谢,66
勇者,66
天使好多,66
太严,66
无处,66
，主持人,66
！全是,66
曲面,66
。抢劫,66
我在家,66
打团本,66
乐哉乐,66
了加油他们,66
。一大,66
真泪目,66
爷爷,66
双标下次,66
了双面,66
重现,66
？hetui？,66
气死,66
啊好,66
反对党,66
地盘,66
互换,66
八个,66
吧一个,66
常态政客,66
不要脸下次,66
事上,66
亲戚,66
了阴阳人,66
生二胎,66
太下次,66
。6666下次,66
欺负孩子,66
差不多丧,66
文化起飞,66
飞飞飞十分高兴,66
飞飞11？,66
？毒奶中国,66
化不比,66
大推迟,66
一年梦碎,66
证据削减,66
。两,66
千差万别,66
?这么,66
同心,66
。发现,66
哈哈有,66
生哪儿,66
看还,66
挺萌确定,66
啊毒奶卧槽佛祖将,66
模样？哇,66
昭和哈哈哈,66
的格力,66
单车,66
理不糙,66
一方,66
人生为,66
骄傲保护特,66
说话这,66
考验保护对真实美国,66
！患难见真情,66
允许川普,66
谱中国,66
万岁实践,66
唯一标准保护荷兰,66
死荷兰,66
淡说得好,66
唯一标准黄智贤,66
！自顾不暇,66
喽川普,66
啊出水,66
两脚,66
泥这位,66
知道川普,66
川普一针见血当局者迷,66
听得懂,66
现场,66
这人,66
头盔,66
怀着,66
拉拢,66
破坏,66
少于,66
我快,66
代价,66
芜湖,66
教科书,66
反华下次,66
画家,66
质疑,66
！一省,66
细思,65
换血,65
漂亮我们,65
强太多,65
了社区,65
送菜保护中国,65
NB我们,65
相由,65
心生,65
英气逼人救,65
不了智贤姐,65
离谱多谢,65
点3.28,65
哉可以,65
”当时,65
词款,65
尽份,65
心力智贤姐,65
支持智贤姐,65
黄姐,65
饿死,65
同袍加油哭,65
！加油给,65
!武汉,65
抗议,65
买买,65
利益下次,65
诸国,65
两句,65
情报,65
变脸？,65
一定不好意思,65
哈哈哈都,65
变强,65
科普,65
的把,65
一定滚,65
？这倒,65
一样美国,65
艺能中国,65
吧表面,65
？啊,65
有关,65
一共,65
政党,65
国家澳大利亚,65
道路卡其,65
一定辐射,65
？嫂子,65
6完,65
血亏无中生有大,65
不由毒奶老,65
庄周,65
木大葛,65
被害老,65
了开口,65
真没想到未曾,65
道路高兴日本,65
一定时局,65
想法太难,65
一定自欺欺人下次,65
期待日本,65
了找,65
？战忽局,65
！马云,65
病毒定体,65
问老大哥保护哈哈众所周知,65
一方川普,65
应为,65
帮过,65
翻脸不认人不,65
慌何其,65
华夏真的,65
感动保护保护他,65
自顾不暇战忽局,65
优先同志,65
失火,65
这才,65
一定意大利,65
损失,65
何等,65
囚犯,65
国运,65
世仇,65
只想,65
少有,65
秦朝,65
反求诸己,65
自豪感,65
非我族类,65
和服,65
考古九省,64
考古贤姐,64
憨福建,64
np总能,64
感动现在,64
回过头来,64
魄力好,64
表现遇到,64
人带,64
不了？,64
她加油真的,64
加油致敬泪目中国,64
老娘,64
常态这,64
心中国,64
就别,64
澳货,64
了罪犯,64
进去,64
吗真,64
废话,64
…建国,64
艺能老,64
提高,64
儿子666有,64
三百年,64
熟悉去,64
人格化德国,64
我未曾,64
木大？？你,64
骂看看,64
参加飞飞,64
一定忍不住,64
给钱,64
我超,64
国安局,64
望战,64
守望相助,64
同志万胜哈哈哈哈保护来,64
l来,64
了保护嗯,64
明白人明白人中国,64
吗叶问,64
吧保护,64
0.5,64
自主,64
一定前面,64
啊罗马,64
懒得,64
一边,64
啊?,64
人哈哈哈,64
东西？,64
新加坡,64
要说,64
本性,64
太牛,64
苍梧,64
精确,64
一统,64
爽爽爽,64
搞定,64
！起飞,64
考古你,64
相处,64
一人,64
。啧啧,64
了、泪目保护美国,63
恐极,63
体现聊,63
事情智贤姐,63
全错看到,63
鄂州,63
的刚刚,63
中国湖南,63
!活雷锋同胞们,63
啊哭,63
了加油泪目中国,63
了泪目泪目泪目泪目泪目泪目泪目泪目泪目泪目中国,63
T加油,63
同志真,63
影响力,63
？拜拜,63
需求,63
一定有个,63
分手,63
东西下次,63
的现在,63
了感觉,63
显示,63
迫害,63
硬气,63
踏平,63
疫情下次,63
召核日本,63
全新,63
人不愿,63
业能不别,63
爱国心,63
人高多,63
有志,63
扯皮就,63
商周,63
衣裳,63
衣是,63
上件,63
件套日本,63
欠缺,63
学习可惜,63
断脊,63
狗活该苦尽甘来,63
喊苦,63
系列任世宰2,63
3336666666你币,63
的666祝毒呵,63
前一天像,63
前一天哈哈哈,63
哈哈哈血亏我,63
飞飞了加油真的,63
旭东,63
吗你,63
！漂亮,63
幻听,63
震惊美,63
帝都,63
纸老虎人性,63
面子河南,63
建国祖国,63
顾及,63
不暇美国,63
自身难保川普会,63
精美,63
天呐,63
恐美国,63
一百多个,63
｀美国,63
打权扎心,63
太扎,63
万多例,63
优美,63
啊他,63
了再来,63
？来,63
明月,63
哈哈哈历史,63
散装,63
不利于,63
感情,63
常态真,63
语气,63
）哈哈哈哈,63
还行下次,63
催泪,63
哈哈哈奶奶,63
干掉,63
办法下次,63
这辈子,63
加油对,63
啊没有,63
烧烤,63
。庞德,63
炮击,62
人一个,62
的可,62
腰先看到,62
省级我,62
哭保护我,62
付诸,62
良多,62
八嘎黄智贤,62
伟大祖国,62
课上,62
收回,62
老父亲,62
啊加油加油,62
打算,62
坏话,62
！快,62
多多,62
忠实,62
？可怜,62
如此中国,62
聪明人,62
、下次,62
女孩子,62
人会,62
事关,62
条懒,62
成精,62
加倍下次,62
不必,62
黄字,62
竞选,62
我？,62
胡说八道中国,62
吧小,62
一定很,62
大脑,62
差异,62
报复,62
哈哈哈保护老,62
了保护说得好在理精美,62
了哈哈哈实践,62
唯一标准哈哈哈,62
死光,62
没带,62
不负,62
好建国,62
说瞎话,62
参与,62
了芜湖,62
逼感谢,62
俄国,62
加油这句,62
阅读,62
手艺,62
了居然,62
就够,62
没有下次,62
两头,62
！德国,62
希腊,62
林炜翔何不,62
肉糜牛,62
可能起飞,62
了徐昊龙,62
？666666666666梦回,62
飞飞飞飞飞,62
记着,62
了牛批,62
无可,62
说白了,62
创伤,62
元朝,62
衣服,62
2012,62
百万友军,61
开枪主要,61
金门,61
贡献我,61
卧槽全靠,61
衬托所以,61
了由,61
硬要,61
！加油加油一起,61
强硬,61
海草,61
了其实,61
？哈哈,61
变色龙,61
恍恍惚惚哈哈哈,61
中国什么,61
？特朗普,61
愚蠢,61
相互,61
划掉,61
之内,61
洗地,61
狗都,61
差别,61
老兵,61
背猝不及防,61
转台,61
没缓,61
过来日本,61
成分安倍,61
的ok,61
起飞反向,61
23黄,61
日美,61
…这是,61
道路他,61
的这个,61
歪歪,61
答应,61
啊话糙,61
快完了这个,61
多美帝,61
NO1,61
NO51,61
？黑天鹅他,61
！保护保护,61
吟唱不,61
土耳其,61
省份,61
国家下次,61
了不忘,61
了40,61
？又,61
大明,61
打工日本,61
收拾,61
加油泪目加油,61
，？,61
反驳,61
来过,61
啊传统,61
一定牛,61
南亚,61
*下次,61
！加油加油加油泪目泪目所有,61
、哈哈哈哈？,61
飞飞飞哎,61
有罪王骁,61
一定惨我,61
去木,61
大一对,61
五万块,61
年收入招核,61
啧芜湖传统,61
艺能那,61
拖下去,61
。楢,61
考下次,61
一点歪嘴,61
臭虫中国,61
贸易战卡棋,61
太核平都,61
瓜不,61
流传,61
友军姐姐,60
可怕姐,60
嘴下,60
留情,60
脸来,60
晓得,60
哪门子,60
消灭,60
多钱,60
逆差,60
复制,60
啊辛苦,60
要下次,60
制衡,60
?真,60
弄死,60
以来,60
更何况,60
。在,60
了？下次,60
那条,60
！想,60
非得,60
的罪犯,60
太不容易,60
给哈哈哈,60
盎格鲁,60
同志哈哈哈哈,60
呵呵下次,60
哈哈哈所有,60
只管,60
花是,60
的国际,60
大约,60
2040,60
比例已经,60
啦招核,60
男儿罗马,60
≦下次,60
一定呐,60
高一,60
太郎,60
万是,60
一搏,60
呢说,60
了保护精妙,60
哈哈疾风知劲草其实,60
帮别人,60
好好看,60
训练,60
犊子,60
卡廷,60
同志什么,60
党派,60
成钢,60
这方面,60
反观,60
徘徊,60
可不是,60
人能,60
一块,60
真牛,60
悲哀,60
。财富,60
老爷,60
耿爽,60
永言,60
出来这,60
骄傲如果,60
买保护,60
！谢谢,60
封国,60
熬过去此生,60
母狗,60
？好惨,60
指数,60
懂别,60
吗卧槽下次,60
一定发现,60
退群,60
了等,60
！保护你,59
十几斤身为,59
了结果,59
不动这句,59
老手,59
！云阳,59
给中国,59
最欢,59
一定！,59
？懂,59
王骁下次,59
可笑,59
？阴阳人,59
一脚,59
权力,59
?他,59
向来如此,59
大下次,59
好评你,59
？完,59
一定你们,59
直到,59
阎老西,59
广东,59
口型,59
跳我,59
一刀,59
自以为是,59
想法下次,59
两面针,59
白眼狼下次,59
了美帝,59
理想,59
跳澳大利亚,59
一定扎心,59
行哈哈哈6666感谢,59
啊饭友们,59
吧哈哈天,59
知道招核民族,59
哈哈可惜,59
今年川普,59
新闻过于,59
现实？,59
十岁,59
寿命,59
优秀保护保护借,59
吉言生物,59
大战秒,59
你荷兰,59
吧MAGA,59
警告英国保护这个,59
。天选之子因为,59
可亲可敬,59
同志冲,59
了保护精准保护说得好太棒了明白人大自然意呆利太,59
没想到明白人什么,59
无论,59
窗口期,59
从上到下,59
？这种,59
全球性,59
考了,59
追踪,59
重建,59
措施,59
支配,59
一定666下次,59
）好,59
流动,59
昨天,59
此生,59
热干面,59
家中国,59
一定给,59
一定小夫,59
待在家里,59
了霸气,59
怪物,59
汉武,59
改口,59
了100,59
受到,59
一下团结,59
怕死台湾,59
日据,59
奴化教育泪目武汉,59
惨中国,59
nb每个,59
人4,59
＋来,59
受众,59
了致敬而且,59
！加油他们,59
！加油加油我们,59
跳哈哈哈,59
演讲,59
航空,59
起来所以,59
现实在,59
困难日本,59
你品真的,59
的可别,59
啊芜湖别说,59
小肥羊令和宅,59
！大唐人口,59
了人算不如,59
啊现代,59
复杂性,59
时间轴,59
的天时地利人和这个,59
发钱,59
啊支棱,59
了庞德一样,59
河北,59
组织者,58
执行者,58
赞美三连,58
全力,58
敌军,58
！泪目帅帅帅安全,58
原样,58
渺小中国,58
判断,58
诚实,58
趴下,58
因此,58
了真有,58
了下,58
?没有,58
见风使舵,58
越发,58
？凭,58
呵呵来,58
了习惯,58
财团,58
他反复,58
姥爷,58
一毛,58
不屑于,58
人澳大利亚,58
矿工,58
啊上,58
一定臭,58
不要脸老,58
买好,58
一定事实上,58
了这货,58
后代川,58
配澳大利亚,58
知道呵呵,58
呵缝合,58
？厚颜无耻,58
人gun我们,58
哈哈哈学习,58
b?,58
?自古以来,58
自古以来你,58
？....我们,58
你们一群,58
垃圾祖传,58
懒惰跟,58
基辛格,58
吗6662333,58
xxx西方人,58
非此即彼澳大利亚人,58
吧秘密都,58
贱种不,58
？让,58
排斥,58
的一,58
?这,58
叔叔,58
病夫,58
啧啧哈哈哈哈不能？,58
衷心,58
了卧槽,58
默认,58
大炮,58
老米,58
人帮人,58
少保护川,58
了不必,58
)很,58
学者你,58
没有美国,58
了天,58
沦为,58
了书同文,58
？很,58
啊欧洲,58
！懂,58
灭六国,58
在历史上,58
后遗症,58
错误,58
比肩,58
玩吧,58
地区,58
哈哈哈呵呵,58
的有,58
年龄,58
列强,58
周边,58
免费,58
引以为戒,58
指责,58
自家,58
考古全家,58
绿出,58
…颟顸自我,58
催眠泪目感动国力,58
高感谢,58
武汉叉腰,58
腰保护保护我们,58
民族美国,58
人加油一句,58
中华儿女武汉,58
了平成,58
羊毛下次,58
木大便利店,58
…道理,58
管用,58
枪炮躬匠,58
精神招核,58
男儿老饭友,58
一定这下,58
了养,58
活该我,58
叼?小肥羊,58
不相干,58
？炫炫炫,58
炫炫炫梦回,58
2008支棱,58
哈哈哈哈6666话,58
人真,58
China,58
解释此生,57
华夏封,57
！保护保护YouTube,57
！加油泪目加油加油泪目加油泪目中国,57
加油泪目奥利,57
随风,57
下次老公,57
顺序,57
的墙头草,57
吗弹幕,57
坐在,57
吗你们,57
掺和,57
上万,57
蛋蛋,57
能成,57
废物,57
?不,57
6哈哈哈,57
吗就,57
其位,57
泯灭,57
争议,57
了我服,57
满族,57
上这,57
你已,57
去反复,57
挨过,57
一定脸,57
点美国,57
？挺,57
卢克文,57
不畏,57
精神分裂这,57
都行老,57
了?下次,57
妖婆光速苗族,57
脏话凉拌这,57
啊奥大,57
当真政客,57
嘴脸政客,57
~涉及,57
矿石下次,57
。纳贡结果,57
南非,57
白人新,57
金山澳大利亚,57
了666嚯全是,57
最大化呵呵丢,57
一定冷战,57
思维混子,57
王舔,57
行为666没有,57
脚踏,57
两条船笑,57
死澳大利亚,57
排名,57
武汉想来,57
是在,57
外贸绿帽,57
希哈哈哈哈,57
想一样,57
谢谢滚,57
可下次,57
一定小菜一碟,57
行程,57
诊治,57
悲惨有,57
淘宝,57
居民,57
别人中国,57
利益滚一言不合,57
大国维吾尔族,57
嘛人才满族,57
不服亲华,57
打架澳大利亚,57
一定澳洲人,57
朴槿惠,57
？哈哈哈哈泡沫哈哈哈哈下次,57
一定哈哈哈哈…,57
？强行,57
友谊脱离群众日本,57
没有无中,57
吧不是,57
考试,57
！看来,57
！保护保护保护明白人并,57
特性大家,57
厉害希望,57
是老大哥,57
？保护考试找,57
，说得好中国,57
亿个,57
扣罩,57
国徽国徽,57
文言文,57
心中,57
？今日,57
恶化,57
宝贵,57
之春,57
哈哈哈欧洲,57
防止,57
巴掌,57
红字,57
非典,57
加油中华人民共和国,57
改成,57
固化,57
可爱我,57
落泪下次,57
呜呜,57
将近,57
。日本,57
停下来,57
大理,57
了被,57
吸血,57
亿斤,57
藏不住,57
！胖,57
飞行,57
文化教育,57
处理结果我国,57
没靠,57
力带,57
发展四个,57
核试验666蔷薇,57
太郎希望,57
符号幼年期起飞,57
喽错,57
不认你币,57
问题招核,57
男儿成也萧何,57
败也萧何来,57
围中,57
救外,57
了感同身受？,57
先去,57
表率想太多,57
再现,57
辉煌好,57
罢了日本,57
好笑已经,57
死宅说,57
吗薅,57
就会,57
好没有,57
看过友军没哭,56
喉咙,56
哽住不用,56
憨中国,56
起中国,56
？西方,56
？那么,56
心里有数,56
而已下次,56
摧毁,56
不太好,56
？这才,56
跳想,56
只顾,56
以德报德,56
求生,56
自求多福我,56
…什么,56
吧他们,56
的666历史,56
建国历史,56
丑陋,56
执政者,56
？英勇,56
学好,56
一次?,56
?和,56
吴谦,56
的常态历史,56
哪算,56
政治家没有？,56
节操无语,56
跳风真大。,56
这草,56
真快？,56
反澳,56
排澳不好意思,56
崛起囚犯,56
仁义道德？,56
！川剧,56
变脸一群,56
后代你们,56
挣脱,56
好被,56
妄想症反复,56
常态太,56
妒忌233333,56
了233323333带,56
阴阳师666厉害,56
小兔子,56
狂骂,56
弟弟国外,56
呗经常,56
恩活该,56
啊反向,56
自由哈哈,56
飘扬,56
前胸反复,56
罢了秘密,56
全让,56
人性？,56
抹杀,56
墙头草啥,56
B真是,56
快哎,56
排华2333黄中,56
出台老,56
，人类,56
行为新,56
）以德报怨,56
报德怎么,56
？搁置,56
哥？,56
太太,56
迷惑他怕,56
成灾,56
了233秀,56
？非我族类,56
必异？,56
？华为,56
nb中,56
什么又,56
。亲华,56
不大父子,56
决裂混蛋,56
吧害怕,56
害怕害怕把,56
者双子座,56
2333要点,56
台词,56
骁说,56
跳哇,56
真多,56
。双标间谍好,56
剧本,56
。哼下次,56
吧卖,56
一定博古,56
呢滚2333祖先,56
一定回到,56
常态哈哈哈哈秘密,56
哈哈哈2333驰名,56
双标墙头草古文,56
漂亮跳梁小丑下次,56
不你,56
吧臭,56
给他们,56
崩溃不过,56
哈哈可以,56
吧它,56
！呵呵下次,56
一定熬,56
灭国就是,56
全部打,56
了也许,56
吧看不起不,56
的丑恶嘴脸我,56
。ohhhhhhhhhhhhh下次,56
！万国,56
！一群,56
而已反复,56
小人我,56
了一台,56
戏猴子小人,56
彻头彻尾墙头草下次,56
多土澳,56
了口,56
梦澳洲,56
游泳队,56
哈本来,56
当颗,56
一边倒愚蠢,56
哈哈哈陆克文,56
两手,56
投机者,56
血脉下次,56
一定华为,56
手机华为,56
买手机说明,56
义无反顾,56
大本营忘记,56
？滚日军,56
吗宁,56
陆克文下次,56
一定信不信,56
常态毗连下次,56
一定666啥,56
b梁,56
某妍上次,56
得罪历史,56
常态下,56
了凉拌把,56
经商,56
了呵你,56
？超大,56
boss,56
派头,56
。噗可,56
華人,56
這證明,56
華人天,56
x阿囊,56
给关,56
卵事回归,56
常态二,56
谁白皮,56
艺能它,56
自己…,56
…拿,56
来中国,56
厉害历史,56
常态野蛮,56
忠犬,56
之一工具,56
吧媒体,56
严重反华,56
没有家里,56
做生意我,56
？丢人,56
香三天,56
台北,56
征服没想到,56
同志走马灯墙头草让,56
屈服畏威,56
德绝不,56
帮助澳大利亚,56
原生,56
的怪,56
？楚灭,56
？其他,56
用下次,56
不万邦,56
来朝？下次,56
流放地然而,56
移民澳大利亚,56
正确澳大利亚,56
民族盎格鲁,56
hetui,56
民族打,56
不四川,56
容得,56
友人,56
活没有多重人格宁配,56
？-历史,56
常态凉拌跟,56
有点像老老六,56
实弹,56
军演,56
圣届,56
领土＼,56
／怕,56
据说,56
第二个,56
小丑,56
生友芜湖,56
梗加油,56
哈哈哈来,56
靖国神社,56
共青团等等,56
?扛着,56
你自由全知全能,56
建国特普朗,56
呼吸机良政劣政,56
是夜,56
感激,56
不道德,56
行有,56
中国还有,56
了德意志,56
了欧,56
原型,56
公民,56
脑壳,56
收购,56
嘲笑,56
农场,56
治安,56
同一,56
一致,56
阿美,56
哪有什么,56
啊就,56
吧是,56
了欧盟,56
厚道,56
难民潮,56
见到,56
了应为,56
牡蛎,56
女性,56
矿石,56
墙头草下次,56
！他们,56
吟唱我,56
国徽不,56
坐等,56
技能好,56
100W,56
！李兰娟,56
还作,56
！加油伟大,56
人感谢,56
环节,56
绑定,56
？你品,56
集合,56
天诛地灭,56
断子绝孙梦回,56
牧羊犬招核,56
嘛飞飞飞,56
飞飞真是,56
妙语连珠要,56
死先,56
哈哈不如,56
表率飞飞,56
飞飞？,56
？hhhhh“,56
董佳宁666每,56
说民族,56
啊很多,56
少年,56
梦别老,56
滴神,56
考古今日,56
董仲舒,56
丰富,56
了其他,55
全军覆没,55
美国阿蒋,55
训政,55
遗毒一听,55
。骄傲,55
人■,55
发声,55
！逃犯,55
绝无仅有,55
强者,55
一定不要,55
半天,55
不要脸？,55
可伶,55
海权,55
亲美,55
，你,55
。呵呵,55
反击,55
澳大利亚？,55
上位,55
锅下次,55
批判,55
主见,55
了财富,55
正确？,55
没有？,55
？澳洲,55
？幼稚,55
法西斯？,55
跳建国,55
还行安倍,55
不配下次,55
一定墙头草他们,55
脑力,55
吗海洋,55
拼不过,55
抢澳大利亚,55
那儿一出,55
好戏寂寞,55
挑事,55
会谈,55
他长得,55
联播,55
王老师加油,55
哦等,55
原始部落,55
了666中国,55
哈哈6日本帝国,55
做人放下,55
传统老,55
常态呵呵建国,55
呀别别,55
姓陆,55
世人,55
眼光666666我刚,55
？？funnymudpee滚,55
？歪,55
比巴卜真有,55
的吃里扒外,55
掮客南太平洋,55
国家苏州,55
警告五,55
联盟土澳,55
！比元末,55
牛壁罪犯,55
后裔自愿,55
当刀,55
祭天陆双标政客下次,55
一定《,55
》乖乖,55
真惨,55
呵呵哈哈哈其它,55
?下回,55
champion,55
好历史,55
建国能当,55
？没有？,55
跳原住民,55
还行澳洲,55
了川剧,55
不错自己,55
喽果然,55
利益人格分裂,55
了阴阳师,55
实锤反复,55
跳弹幕,55
常态是不是,55
玩不起666？,55
整乐,55
舒服这,55
的跑步,55
澳国我,55
认可下次,55
一定澳狗。,55
任才,55
自己真的,55
白种,55
去不,55
白眼狼老,55
屁股澳洲,55
只算,55
动物标准,55
政客澳大利亚,55
滚主要,55
一路想,55
呢666下次,55
逼阴阳人,55
哈哈哈明白,55
条狗呵呵,55
这老,55
软弱感觉,55
反华？,55
你商人,55
特朗普狗,55
节操狗？,55
错中国,55
呗陆,55
阴阳下次,55
语有,55
跳舞政坛,55
不反,55
呗以后,55
算了中日韩,55
搞凉,55
堪培拉,55
一定保护,55
常态双标不好,55
狗反复,55
跳又,55
一定面子,55
了胸口,55
格外,55
耀眼非洲,55
外籍人,55
一定不要脸又,55
命根子我们,55
文明老,55
啦没弹,55
…看,55
gun这女,55
了呵,55
不要脸有人,55
？执政,55
zzzq,55
鸟样《,55
》CHUANTONGYINENG奥黛丽,55
？某些,55
工作呼,55
董佳宁澳大利亚,55
多人川,55
适时,55
抛出,55
真实下,55
咩你,55
没人拦,55
着yi他,55
正确布依族,55
逼凑,55
不要脸干,55
闹事,55
第一名就,55
流放地墙头草有,55
吗转移,55
话题,55
第一名是,55
暗黑,55
陆克文拿,55
骂娘神经病西方,55
！25,55
仔大概,55
其政时,55
跳hhhhhhhh见,55
常态附属国,55
体质,55
哈哈哈下次反复,55
跳滚蛋这,55
得换,55
牵着,55
给？,55
新疆,55
的建国,55
事不,55
提供,55
光荣,55
感受,55
技能现在,55
吧挺,55
可爱newyorktimes,55
fakenews66666非,55
国民人类,55
放晴,55
差一点,55
木大下次,55
了只有,55
！或许,55
了保护支持,55
啊夜问,55
被关,55
问所以,55
吗此子,55
有句,55
蓝色,55
！心里,55
欧共体,55
变味,55
吹出来,55
西边,55
你不,55
荷兰人,55
慷慨,55
下降,55
就行,55
一说,55
保险公司,55
建国川,55
中国保护,55
。澳大利亚,55
一圈,55
？也,55
好智贤姐,55
能比,55
问题下次,55
为难,55
锤子,55
？就是,55
艺术,55
多例,55
特殊,55
嘻嘻,55
英法,55
一张,55
耿哥,55
秦皇汉,55
历史课,55
负重,55
！前面,55
算这个,55
逼保护保护保护保护,55
友军吃,55
河豚人民,55
力量美国,55
万黄智贤,55
包一市隔离,55
！加油感谢,55
加油平凡,55
加油害怕中国,55
）借日,55
讽天,55
？怕,55
罚钱下次,55
畅销,55
，ACG,55
了郝劭文,55
细品弹幕,55
呢芜湖,55
事实上,55
言简意赅,55
。感谢,55
■友军看到,54
身在其中,54
团结保护智贤姐,54
加油加油泪目这,54
顶得住,54
了沙子,54
跳这,54
遏制,54
？说白了,54
况且,54
的原来,54
联盟不,54
了正片,54
？名言,54
他们下次,54
。看到,54
吗墙头草,54
两边倒下次,54
有？,54
BBC,54
哈哈哈哈老,54
了想屁,54
哈哈哈因为,54
了玩不起起来,54
唱出来,54
了...........,54
国歌,54
？亲中,54
屈服,54
美国反复,54
跳其实,54
容易美国,54
的远交近攻阴阳人小丑？,54
？为啥拿,54
啥这些,54
改变ez,54
鸽老鹿fnmdp澳大利亚,54
鬼才,54
一定五眼,54
联盟心低,54
才行没什么,54
亲华有,54
而已吃,54
一样噗嗤？,54
什么党魁建国,54
了全员,54
恶人建国,54
呀自由跳梁小丑666这,54
人生阴阳,54
到底祖先,54
啥样上梁不正下梁歪整个,54
荒漠有钱能使鬼推磨累死,54
自己狗辈呵呵坚决,54
傻袋鼠,54
袋鼠该死,54
不帮袋鼠,54
滚反华,54
袋鼠建议,54
批斗软弱,54
傻秘密,54
柠檬精,54
啊隔壁,54
陆夫人,54
…666这是,54
墨尔本6666这次,54
！好可哈哈哈,54
嗝总之,54
弟弟我们,54
不论,54
！太难,54
了弟弟哦,54
吼玛德淦啧啧,54
啧啧红红火火,54
哈哈佛,54
不行墙头草,54
…然后？,54
是红红火火,54
恍恍惚惚下次,54
的真可怜,54
陆克文害下次,54
不行？,54
弟弟要钱,54
吧哦,54
吼下次,54
自由市场,54
？他学,54
hhhh666666666孙杨,54
决绝墙头草下次2333下次,54
屁事历史,54
常态墙头草hhhhhh哪儿,54
区不愧,54
同志啊,54
*工具,54
人工具,54
人MDZZ川,54
建国会,54
哈哈哈亚洲,54
屁事没,54
啊没错讲,54
啊说到底,54
狗1700,54
哈哈哈666美国,54
一定囚徒,54
后代囚徒,54
后代这个,54
憨gohomegohome牛,54
啊蛇鼠,54
两端首鼠两端希望,54
很近,54
吗情绪化,54
一瞬间,54
朋友workinghoilday,54
苦力中国,54
。过,54
伙计蒙古族,54
疑惑666又,54
孤儿建国,54
党中国,54
惭愧澳洲,54
打沉,54
咯确实,54
宠物想,54
喜欢陆夫人,54
被害野蛮,54
人墙头草所谓,54
加入下次,54
？2333他,54
占华,54
!呵呵他,54
树懒,54
没当回事两边,54
鬼带,54
阴阳师多党制,54
啊多党制,54
的说实话,54
小澳,54
哈？,54
吃祖传,54
手艺他们,54
康康,54
至极666,54
了英勇,54
咯不断,54
了？老,54
。父慈子孝是不是,54
妄想症跟,54
屁事国外,54
笑话说白了,54
指示讨,54
》老,54
呀?,54
?回归,54
感情和,54
脑袋0666有,54
锅？,54
监督,54
鼻子走他们,54
脏话建国,54
！哈利,54
样子哈哈哈,54
bb,54
同志川,54
敌对,54
共同体政治,54
美日,54
如此？,54
了太快,54
当上,54
一定噔,54
罗森,54
它算个,54
啥制度,54
修修补补,54
问题美国,54
向来,54
掏钱早已,54
美利坚有,54
留资本家,54
受过,54
怨天尤人,54
。都,54
！合影保护,54
了瑞士,54
中立国,54
吗意大利,54
农村,54
。你,54
因素,54
好吃,54
清晰,54
舌尖,54
盯上,54
！不能,54
战队,54
哪位,54
女神,54
？在,54
哈哈哈我们,54
豆腐,54
或哈哈哈哈,54
算不上,54
请勿,54
人我们,54
欣赏,54
减轻,54
绕晕,54
地形,54
哈哈哈还有,54
一定三省,54
意大利人,54
合计,54
领先,54
万岁有,54
用户,54
生草黄,54
万保护115,54
米利坚,54
万118,54
调侃,54
原型翻译,54
秀北京,54
搜xiaciyiding东京,54
龙哥,54
?韦驮,54
情结flag生,54
头疼差点,54
圆谷,54
迪迦,54
的话同期,54
韩亚,54
空难更想,54
基的鞠躬,54
木大第三次,54
NO,54
动动脑,54
万多,54
了中书,54
太差,54
170,54
令人感动我们,53
）想起,53
防护服,53
了确实,53
！谢谢你们加油中国,53
？亚洲,53
推着,53
明确,53
瑞典,53
五眼,53
嘴炮,53
OK,53
出席,53
阴阳师下次,53
呗呵呵,53
发配,53
忍辱负重,53
一定等等,53
门前,53
毛？,53
？蒙古族,53
借口？,53
打交道,53
一定文明,53
脸要,53
高处,53
影响问号,53
小朋友小朋友,53
问号反复,53
.反复,53
跳记住,53
阴阳人其实,53
咯老,53
阴阳人阴阳人黄鼠狼下次,53
位我们,53
一定畲族,53
常态孤立,53
欠揍政治家,53
做建国,53
牛批他们,53
幼儿园画,53
回归就是,53
了？妙,53
啊英勇,53
啊哈哈哈哈入关政治家,53
这样孙杨,53
谁错,53
亚洲地区华人,53
满清,53
？666你,53
气死影帝谁家,53
血统怪不得,53
高达里,53
澳大利亚666我,53
先锋下次,53
一定加油哈哈哈哈,53
智障,53
？盎格鲁,53
别信,53
逻辑恶毒,53
拉席克中国,53
特指,53
澳熊,53
)呵呵,53
?就是,53
呵呵澳大利亚,53
阴阳呵老伏,53
拉夫,53
的臭,53
不要脸66666666hhhh罪犯,53
祖先哇,53
)土著,53
好烦为了,53
从政,53
良心还有,53
裂掉,53
下意识,53
这条,53
dog养不熟历史,53
常态航海,53
汽车,53
囚车,53
接送,53
节目主持,53
情节下次,53
一模一样一直,53
趴着建国,53
汉子都,53
好陆克文,53
够滚小霸王,53
游戏机,53
?南方,53
吗鬼子啥,53
b罪犯,53
重点我们,53
哈哈儿子,53
？哈哈哈老,53
。行为,53
。言论自由,53
？咱们,53
阴阳家秘密,53
国家事实证明,53
历史进程,53
主导者666事实证明,53
主导者美国,53
dog贱,53
那666?,53
?阴阳人,53
哈答案,53
money666那,53
牛批跳梁小丑跟米国,53
尿性西方,53
一定666老双标,53
了墙头草2333下次,53
。孤独感看,53
眼神当地,53
。叫,53
拉稀,53
？宁做,53
！商人,53
要不得把,53
人格化,53
成年,53
..澳大利亚,53
"了,下次",53
一定没有一个,53
倒立,53
？轰炸,53
达尔文我,53
种族主义者,53
难看,53
。换,53
跳因为,53
阻止不了,53
亚太地区,53
？小国,53
国民下次,53
一定陆克,53
文人,53
…不愧,53
西方人？,53
？袋鼠,53
使袋鼠,53
小丑美国,53
我们666国际,53
政治建国,53
吃历史,53
词历史,53
少不了,53
市场历史,53
常态还,53
吃墙头草,53
吗？？,53
报德哈利,53
？稀拉,53
裤里要钱中国,53
狭义,53
爱国主义别忘了,53
。你家,53
？输入,53
2333输入,53
2333泪目媒体,53
治国老精分,53
常态被,53
阻止看不起,53
心疼支持,53
孙杨下次,53
v5奥义,53
跳不愧,53
你吓,53
skr,53
吃个,53
可能你,53
国家？,53
讲得,53
点子,53
哈哈坏,53
来个,53
立马,53
？爽哥,53
了对不起,53
认同感,53
法治,53
法兰克,53
的英国,53
哈哈哈开始,53
明显,53
做人,53
了什么,53
哈哈再,53
很惨,53
你中国,53
万岁武汉,53
了这么,53
了加油武汉,53
漂亮话,53
。亚洲,53
！王之,53
否则,53
肺纤维化,53
游记,53
诚意,53
死爷,53
一定罪犯,53
海关,53
左下角,53
要点,53
波兰？,53
穿越,53
鲁迅中国,53
雨衣,53
？冻住,53
走自己,53
人第,53
共青团加油泪目加油加油中国,53
加藤,53
警告庞德,53
666小猪,53
霍金,53
？一年,53
？哈哈哈中国,53
咯这句,53
魄力,53
！祖传,53
了二次,53
大团结,53
」米國,52
還在,52
自由保护,52
掐会,52
哈哈哈如果,52
红细想,52
全世界有,52
友军加油,52
？宁配,52
。爽,52
怎么样下次,52
吃药,52
基督教,52
挑拨离间,52
狗贼,52
李世民,52
换位,52
哈哈哈不愧,52
他罪犯,52
冠军,52
亿定下次,52
行为美国,52
→？,52
很棒等等,52
吧照妖镜,52
...踢,52
屁屁才,52
多年精准,52
雷？,52
认贼,52
父有,52
区别强,52
同志？这女,52
好人真惨,52
安倍细节,52
投降？,52
！间,52
方法说实话,52
得间,52
。狂羊狂,52
惊呆,52
！阴阳人需要,52
当家,52
陆权,52
边缘化,52
开始不是,52
吗2333最先,52
?狗咬狗,52
台这,52
学吧这,52
啊变色龙56,52
少脸皮,52
城墙,52
还厚霍顿,52
说满族,52
了',52
\、,52
、【,52
】下次,52
问题666？,52
疑惑啊,52
nia,52
气赖就,52
任由,52
耍来,52
常态曲婉婷,52
？哈哈哈对,52
政治舞台建国,52
呀他们,52
后面不过,52
白脸还,52
兴奋剂,52
国际泳联,52
再装,52
泳池,52
掉歧视,52
一定翻译,52
美这次,52
是给爷,52
死政治,52
糙哥这是,52
一定前来,52
考古这,52
dog,52
东西老,52
阴阳师呀,52
手足无措,52
，习惯,52
，它们,52
施舍,52
啦川剧,52
变脸你,52
。歧视,52
何以自处其实,52
他其实,52
？内部,52
分工,52
白脸永远,52
下次哟哈哈哈哈,52
去祖传,52
精分呵,52
了本来,52
可恨呕吐害怕下次,52
感情滚滚,52
滚脑海,52
粉色,52
你贱,52
呐建国,52
！..................然后,52
力量你,52
吗反复,52
跳笑,52
贵国,52
真乱漂亮没脑子？,52
！哇偶？,52
秘密你,52
了漂亮下次,52
给营销,52
治国这群,52
眼前,52
？独立思考,52
跟风下次,52
00就,52
戏和,52
啊666有些,52
黄钟,52
？粗666你,52
好奇反手,52
2333这种,52
?腆,52
灭国便,52
所扉,52
陆克文妙,52
？反复无常啧啧下次,52
一定妖婆?历史,52
生意下次,52
大梦,52
吧233333切祖先,52
不得下次,52
心说,52
锅以德报怨,52
。老鹰,52
b不,52
复杂精分,52
傻草不愧,52
流亡者,52
后裔。,52
背得,52
气死?老,52
啊呵呵、,52
跳本质,52
。五连开,52
没赢,52
等着瞧,52
吧种族,52
掂量,52
国家墙头草广东,52
脏话下次,52
不二战,52
战俘,52
长时间呵呵不听话,52
以直抱怨孙杨有,52
？奔来,52
利益作为,52
市场二线,52
份政客,52
了囊,52
给而且,52
真佛,52
？踩,52
拼尽,52
人出,52
点事,52
觉得商女,52
.商女,52
恨在,52
啊团结,52
力量历史,52
配说,52
只认,52
一定祝福？,52
自信哈哈哈,52
圣火,52
嘛保护他,52
资本主义有,52
笑声,52
担当,52
保护哈哈哈哈,52
…翻译,52
高能合影,52
心动,52
学家,52
树敌,52
ICU,52
学位,52
压制,52
一定招核,52
...下次,52
吧美国,52
!加油,52
diss,52
快成,52
后代老,52
！呵呵,52
倾销,52
个别,52
之子,52
一定儒家,52
波兰下次,52
差不多一言不合,52
友军当代,52
平安如果,52
致敬致敬中国,52
庞德,52
)歪嘴,52
)亏,52
o家,52
啊小闸,52
总泡沫经济,52
泥菩萨,52
土豆,52
22,52
超越我们,51
事世界,51
别救,51
牛壁主要,51
宅友军主要,51
！飙泪,51
吵架,51
什么样,51
！？下次,51
了小,51
啊自由,51
一定56,51
两边倒,51
有着,51
的政治,51
奇妙,51
实权,51
小不点,51
一定央格鲁,51
？有多远,51
滚多远？,51
哈哈哈哈？老,51
国了苗族,51
山沟,51
？没骨头,51
澳大利亚就是,51
ex他,51
历史学,51
晚宴25,51
仔666666历史,51
王骁2333美国,51
真脏,51
啊》,51
》这,51
政治舞台,51
？多重人格,51
？是不是,51
玩不起？,51
？陆双标,51
阴阳陆双标表演,51
到位哈哈哈哈,51
纸牌,51
屋？,51
？？给钱四,51
！666就,51
产业链,51
！两面三刀《,51
》有,51
一定情绪,51
生意带,51
一定哈萨克族,51
一定土澳左右,51
怪就是,51
就口,51
巨人小学,51
鸡下次,51
知道川,51
了比川普,51
、别理,51
如同,51
弱治我,51
矿石真,51
或诶,51
呦？,51
不信是,51
黑龙江,51
呵呵秘技,51
跳?,51
滚反复,51
跳要,51
牛批下次,51
一定变色龙变脸,51
真快逼,51
C具体,51
细节呵兄弟,51
上不要脸实力,51
不起你,51
？除非,51
联系澳大利亚,51
躺下去,51
说得好白种人,51
一定弟弟,51
军政,51
说事人民日报,51
？二战,51
美国goodchuanpu民族,51
区别怎么,51
知道反复,51
癫痫,51
澳大利亚哈,51
？演员,51
修养他们,51
现实历史,51
？反过来,51
实力精神分裂症老,51
了淘金,51
？过度,51
抬举,51
事情有,51
精神国际,51
孤儿新西兰,51
重要川,51
心系,51
情报二战,51
互有胜负,51
红眼,51
那种对得起,51
工具他,51
迷失,51
吗两面派,51
阴险不买,51
好墙头草川,51
常态支持,51
孙杨墙头草您,51
疲劳,51
了无意,51
冒犯笑,51
天秀?,51
干嘛下次,51
啊干得,51
？屁股,51
电话,51
一定父慈子孝集中力量,51
投币祝福,51
过去塑料,51
姐妹这次,51
到来真不容易,51
新冠招核哈哈哈,51
哈哈哈奥运会,51
战争下次,51
容易说实话,51
。自动化,51
？加冕,51
加冕,51
局长妙你,51
道理2333妙,51
！真,51
外媒,51
国徽笑,51
国徽我,51
！始皇帝,51
大声,51
看多,51
重要哈哈哈,51
一定牢不可破,51
了重庆,51
啊所以,51
门阀,51
绕口令,51
了四月,51
脸上,51
顺利,51
了满嘴,51
face,51
啊但,51
排队,51
一定太,51
？芜湖,51
鸡皮疙瘩,51
震怒,51
唱红脸,51
唱白脸,51
优秀下次,51
巴不得,51
！这句,51
罗马帝国,51
。有,51
即便,51
自杀,51
哈哈哈保护,51
确信,51
梦想,51
月亮,51
！这么,51
怎能不,51
人加油加油谢谢你们武汉,51
。纽约时报,51
敢说话,51
媒体这,51
带不带,51
储备,51
问题英语,51
周报,51
天才沉没,51
说马屁精,51
道歉请,51
同款,51
！老双标,51
怕死泪汪汪泪汪汪保护,50
隐藏,50
！有些,50
同袍喜马拉雅山,50
又哭又笑岂,50
政治立场,50
显然,50
了啊,50
风度,50
人双标,50
精神分裂你,50
悉尼,50
？胸前,50
熟日本,50
一定唉,50
随之,50
常态别,50
烦人,50
猎巫,50
行动人家,50
？表面,50
？标准,50
选票确实,50
装傻,50
跳2333下次,50
了戏精当,50
自己反华,50
国周边国家,50
呵呵对,50
别太高朝秦暮楚,50
国？老,50
太监精分老,50
阴阳人多,50
皮脸老,50
阴阳人澳大利亚,50
的56,50
们哈哈哈,50
贱国丹麦,50
啧去,50
M澳大利亚,50
贱国别问,50
2333劣币,50
良币秘技,50
了呸正,50
走得,50
死于,50
安都,50
嘛劣币,50
良币23333333下次,50
的双面,50
人格老,50
阴阳人孙杨,50
李娜,50
丁俊晖,50
姚明,50
的为啥,50
为天,50
可汗,50
根子,50
谁澳大利亚,50
中国五,50
眼儿,50
反着,50
说习惯,50
留好,50
嘛英国,50
反华他,50
弃明投暗,50
了给钱就会,50
好处动,50
动嘴,50
小丑也,50
蛋西方,50
推崇,50
狼性,50
”这种,50
马仔,50
不太好？,50
？老狐狸这种,50
可笑河南,50
脏话北半球,50
的真有,50
罢了历史,50
哈哈哈主要,50
基地下次,50
王骁666下次,50
2333你,50
秘密别乱,50
素质自己,50
钱带,50
罚款这些,50
非常明显,50
呗翦,50
商日本,50
某种意义,50
挑衅那,50
吗起,50
风浪本性,50
自启动,50
色真香狗,50
国家谁,50
国小丑跳梁2333这些,50
垃圾美帝,50
dog我们,50
思考他,50
嘴脸阿囊,50
跳民族主义移民,50
地方这么,50
屁大,50
没道理下次,50
呢研究,50
中国政客,50
货下次,50
联盟200,50
说不定跳梁小丑我们,50
入境666说白了,50
欠揍？,50
怎么办不,50
一定孙杨,50
下次澳大利亚,50
六下次,50
新冠已经,50
飞飞飞我国,50
控制你,50
说哈哈哈哈下次,50
一定鞠躬想,50
减负,50
…全部,50
木大人间,50
失格退化,50
史观三个,50
一口日本,50
吃老,50
漂亮台湾,50
真特,50
差评,50
！霸气,50
把玩,50
果仁,50
统一下次,50
统一？,50
。原来,50
希望？,50
西南,50
？你们,50
了200,50
加油哈哈哈,50
，建国,50
费用,50
中止,50
交易,50
就行了,50
发烧,50
！辽宁,50
快来,50
一定下,50
美国佬,50
精彩,50
夸张,50
三战,50
？R,50
哈哈哈说,50
德治,50
主义,50
伤害,50
提升,50
官僚,50
大海,50
家伙,50
风气,50
源自,50
坚决有理有据,50
讨好,50
了安倍,50
罢了老,50
音译,50
哈哈哈爽哥,50
捧场,50
借着,50
…现在,50
距离,50
了然后,50
方向,50
招牌,50
考古嗯,50
乖封,50
！泪目加油中国,50
当天,50
?昭和,50
男儿5,50
重温,50
了毒奶哈哈哈,50
哈哈毒奶,50
哈哈准备,50
主义者问题,50
美国问题,50
美国二战,50
纯黑,50
阻碍,50
？哈哈哈哈下次,50
数学,50
看得,50
神圣,50
智贤姐保护湖北,49
同袍加油chasingcars中国,49
闪闪发光加油武汉,49
回家吧加油加油谢谢你们,49
澳军,49
啊澳大利亚,49
。反复,49
？滚,49
吧只有,49
现象,49
利己主义,49
风采,49
官媒,49
的作为,49
有时候,49
了蒙古族,49
睡觉,49
问号下次,49
一定2333老,49
玩过,49
一定呵老,49
给怼,49
不过这句,49
踢出去,49
什么誰,49
一目了然日本,49
澳洲人有,49
用劲下次,49
逼迫,49
？真就川,49
气息想当,49
face老,49
狮子狗,49
了好家伙,49
了哈登,49
版老,49
了宁配,49
一定666然后,49
支持父慈子孝下次,49
同志聋,49
。利益,49
之上下次,49
一家23332333老,49
了？澳洲,49
安倍关门,49
不？233333孙杨,49
磕药,49
泳协,49
啦大家,49
战略伙伴,49
靠得住,49
！好吃,49
吗滚应该,49
东半球,49
？2333走,49
送他,49
董佳宁管,49
那笑话都,49
墙头666就是,49
派习惯,49
好舔,49
跳跃,49
狗妙,49
呀西方,49
信老双标,49
小弟下次,49
一定吉拉德,49
利益位置,49
改变祖传,49
艺能迷惑,49
大赏2333土澳,49
的6669,49
段线,49
奉陪,49
！抵制,49
澳货再见,49
您驰名,49
双标老,49
殖民者,49
惯性,49
思维对,49
残杀,49
可能做,49
cao下次,49
同志666666历史,49
？建国哈哈哈,49
一定一看,49
分裂老,49
6傀儡标准化,49
一定拿,49
加价历史,49
好评历史,49
好评不能,49
受害,49
心疼舔,49
一无所有祖传,49
了主,49
左派,49
精辟购买,49
男儿奶,49
期望,49
截2333下次,49
了起飞,49
”你,49
？任天堂,49
变节,49
土匪,49
BGM,49
还行保护保护叶,49
共赞同讲,49
好病毒,49
？空屏,49
吗爽哥,49
君保护,49
好帅不,49
抓狂,49
hhh,49
好评翻译,49
摸摸,49
学派,49
军阀,49
？算了吧,49
警告下次,49
一定可,49
啊听,49
行为下次,49
冷嘲热讽,49
一定用,49
幸运,49
看好,49
意见,49
.你,49
。没人,49
股市,49
做好,49
？因为,49
一定安倍,49
？08,49
鸵鸟,49
宝宝哈哈哈哈,49
如一人,49
人真的,49
阴谋,49
吧这,49
轻蔑,49
物质,49
迎风,49
试问,49
买单,49
吗哈哈哈,49
本国货币,49
！传统,49
一定精秦,49
素养,49
有用,49
吧那个,49
封建,49
间接,49
。全世界,49
不领情保护,49
神射手,49
DOSS保护我,49
祖国保护,49
自己支援,49
友军保护美国,49
援鄂,49
归来保护我,49
努力奋斗中国,49
就是中国,49
高中生,49
庞令明,49
啊秋叶原,49
不少那,49
以身作则,49
啊循环,49
哟原子弹,49
牛皮官宦,49
世家小肥羊,49
hhhhhhh吸引,49
啊otto,49
历代,49
DNA,49
第三次,49
狙击,49
屁用,49
少女,49
挺不错,49
一大半日本,48
一封,48
不到团结,48
有钱出钱,48
的感谢,48
英雄多,48
人呐我爱你,48
中国我爱你,48
同化,48
主子,48
?彝族,48
共同体哈哈哈,48
当政,48
极度,48
问题周边国家,48
。.下次,48
说印第安人,48
不服白人,48
反黑,48
一定有些,48
艺能身不由己,48
啊悲哀真是,48
好笑日本,48
屁墙头草弹幕,48
。，,48
se,48
@精明,48
政治家也,48
妖婆中国,48
真多媒体,48
似的这些,48
白猪,48
总听,48
白皮书,48
白写,48
了打死,48
算了问,48
逼要是,48
懵壁也,48
罢了在,48
阴阳人白人,48
好蛮个个,48
归类,48
去以德报怨,48
？啊哈,48
？立场,48
....凉拌老,48
一定投资,48
反澳只有,48
主人你,48
苟沈,48
壮族,48
无知反复,48
炸老,48
不倒翁秘密,48
掉资源,48
我少,48
办法又,48
媒体有些,48
？和,48
促膝长谈,48
一下老,48
到：,48
了啊你,48
的说到底,48
菜为,48
服务日本,48
省你,48
厕所？,48
计较就,48
卢比,48
？土澳下次,48
不川,48
你传统,48
文化种族,48
吧秘技,48
跳阻止,48
一定老滑头,48
双子座,48
到墙头草墙头草建国,48
？2333这,48
精神病,48
思维八国联军,48
视为,48
炸弹因为,48
害怕自由站,48
？争气,48
看累,48
嘞叫,48
爹祖传,48
技能不愧,48
混下次,48
吧开花下次,48
血肉,48
民族2333四川,48
脏话澳大利亚,48
？首鼠两端,48
毫无信用反复,48
跳？多重人格口吐,48
跑吉拉,48
鲍鱼,48
基因23333不,48
神评土澳站,48
23333333澳大利亚,48
2333333我,48
了华为,48
常态何以,48
？h,48
跳梁小丑妙,48
常态想,48
?龙,48
?一嘴,48
了虫族,48
基地本,48
阵子,48
神经,48
切断,48
离谱他们,48
。世界,48
余粮,48
了南太平洋,48
哈哈中国,48
技能下次,48
啊麻绳,48
逮狼,48
打23333下次,48
一定?哈哈哈,48
哈哈？那,48
咋活,48
？Q,48
特能,48
男主,48
吗还要,48
噔哇,48
比巴卜对,48
毛选哇,48
比这,48
养鬼,48
养猪中百,48
拼搏,48
参拜,48
来源度天,48
！帅我,48
哈哈哈名,48
国徽男神,48
爽哥保护,48
反躬自省,48
国徽你,48
帅哥,48
哈哈哈一个,48
多去,48
何时,48
学期,48
几岁,48
汉弗莱,48
啊你好,48
一定p,48
一定说实话,48
了此时,48
哈哈这个,48
秦始皇？,48
领空,48
？精罗,48
落泪精罗,48
以外,48
秦始皇下次,48
危险,48
再次,48
？真的,48
后果,48
天花,48
掠夺,48
万欧洲,48
并且,48
了保护保护,48
那儿,48
同志泪目,48
优势智贤姐,48
加油历史,48
肉糜,48
一定梦回,48
印第安人,48
哈哈哈内蒙,48
哈哈哈怎么,48
哈哈哈哈哈哈哈花园,48
转机哈哈哈,48
开炮,48
杠精,48
？法国,48
对比,48
反应,48
了姐姐,48
巨大,48
县城,48
加油中华民族,48
加油你币,48
梭哈,48
反思,48
我能,48
主宰,48
这时候,48
汉语,48
带头,48
了眼神,48
暂时,48
疫区,48
长三角,48
趁机,48
于是,48
阉割,48
考古保护何止,48
何得,48
国家了不起,48
一员,48
热泪盈眶泪目中国,48
太少,48
吧那,48
哈哈哈飞飞,48
高中历史,48
哈哈哈哈德国,48
咪咪,48
都还没,48
育碧,48
闻到,48
前两天,48
利往下次,48
？如果,48
00,48
固定汇率,48
索罗斯,48
融化,48
我说,48
的毛子,48
吟唱？,48
神人,48
嫖下次,48
一定毛子,48
何必,48
忘忧国,48
事定,48
犹须,48
智贤姐救,47
这届,47
人头智贤,47
好评团结,47
实力低调,47
好湾湾,47
骗人,47
倡导,47
上边,47
的媒体,47
唉下次,47
？当年,47
→没,47
。666老,47
）宁配,47
吧没有怕,47
挨揍看,47
下去咋,47
豪横,47
呢动武,47
一定666？杀,47
来劲,47
买办,47
？下次哈哈哈,47
哈哈这人,47
人?,47
?滚流利,47
还行现在,47
了变色龙加油英勇,47
？漂亮,47
一定？估计,47
之流小菜一碟秘密,47
？2333臭,47
氓流,47
呗澳洲,47
？墙头草老,47
无可厚非,47
对哈哈哈哈哈哈哈你好,47
阴阳师向,47
自己滚滚,47
表现额,47
三炮,47
没用呀,47
你白,47
黑心xswl一脸,47
逼是不是,47
？妙过家家,47
呸太狗,47
了哈哈哈给,47
了只有？,47
你好这个,47
军务,47
详尽,47
于未然,47
助攻,47
呢反复,47
哈哈哈哈纸牌,47
屋人生,47
帝国下次,47
5G,47
呗？,47
了管,47
两家,47
打到,47
…这个,47
？马飞飞起飞下次,47
了66,47
大叔天诛,47
！老套路,47
五万,47
·想,47
知子,47
一举两得,47
愿望,47
呢实践,47
初级阶段没有,47
！好帅,47
～美国,47
高能保护,47
红保护,47
国徽加油,47
我心,47
场合,47
可爱爽哥,47
？哇,47
加油翻译,47
波兰法国,47
在位,47
引发,47
触犯,47
阶层,47
啊得,47
一根,47
一定建议,47
石锤,47
逗乐,47
琢磨,47
78,47
闲得,47
斯柯达,47
逼这,47
解除,47
是川普,47
那得,47
打假,47
手指,47
同志保护保护,47
标点符号,47
回大陆,47
战时,47
弹弓,47
相同,47
洪流,47
发源地,47
巴西,47
赵司,47
了太帅,47
帅帅帅,47
！意大利,47
胖子,47
不争气,47
了毒奶,47
博士学位,47
了自由,47
利率,47
动脑子,47
。疫情,47
做菜,47
哈哈在家,47
好开心美国,47
了130,47
人老哥,47
帅加油加油,47
国今天,47
什么加油,47
大臣小野,47
寺崩三,47
玩家我,47
美宜佳,47
仔面miku2012,47
井喷,47
死宅夹心,47
经济天野阳菜,47
哈哈可爱,47
可爱可爱山川,47
同天大家,47
王晓让,47
风凉话飞飞国仇家恨,47
日本抬棺,47
举办你,47
了秦始皇,47
截胡,47
一定/,47
艺能德国,47
再发,47
丢脸,47
哈哈哈哈特朗普,47
担忧,47
意大利欧洲,47
普通人终,47
一定？惨？,47
跑巴菲特,47
比喻盎格鲁,47
啦666说,47
遥远,47
置身于,47
队列下次,47
一定666开始,47
了1德国,47
闷声,47
发大财,47
躲开,47
视线播放,47
不哈哈以德服人666哈哈哈,47
哈哈哈语言,47
统一666确实,47
希望666通货膨胀,47
有头,47
他们大秦,47
/哈,47
我兄弟,47
不5,47
乳法事实证明,47
选错,47
。悄,47
瓜就,47
似的波兰,47
？这里,47
类产品,47
嘛快,47
跑这个,47
离得,47
远且,47
明白不愧,47
发源地难怪,47
脱欧云南,47
有话要说法国,47
！然而,47
的和平,47
爆发在,47
pasta666通货膨胀,47
最广,47
一下秦始皇,47
严刑峻法,47
武略,47
有大,47
成就,47
皇帝乔治,47
奥威尔谁,47
？拿破仑禁止,47
套娃宗教,47
原因各自为政通货膨胀,47
哈哈哈我大秦奇怪,47
了互相,47
坑害,47
…计算题,47
闪电战666云南,47
委屈怎么,47
...日本,47
道理666666666666对于,47
分题,47
命题共和党,47
宣言,47
？66666666666666666666666666666我,47
希望6662333开始,47
迷惑6666666？,47
媒体缺个,47
猛男2333前面,47
出口那,47
给点钱,47
啊通胀,47
英国因为,47
不了难民,47
锅在,47
一样天下,47
哈哈1941嗯,47
敢干,47
！6666666明白,47
了rufa,47
了哈贝马斯,47
！不攻自破,47
欧盟666666哈哈哈,47
/草哈哈哈哈,47
哈哈哈指,47
打劫哈哈哈,47
哈哈哈哈可以,47
欧洲就,47
啊一语道破,47
天机,47
秦王弹幕,47
吧三省,47
快散,47
好强,47
依次,47
排列2333100,47
类似恭喜,47
升原来,47
这样精罗,47
落泪拜谢,47
嬴政换句话,47
没有所以,47
承诺,47
英镑,47
成功不,47
希望中国,47
蹦美国,47
-下次,47
秦末,47
排不上,47
北欧,47
了花里胡哨,47
了多人,47
一定疫情,47
了666掀起,47
了德理,47
好内心,47
？原来如此啊,47
啊666,47
波兰董佳宁,47
一定气得,47
哈哈哈13.1,47
白学,47
？6666666666下次,47
一定哈哈哈病毒,47
当回事要是,47
林肯,47
打输,47
。文科生,47
狂喜传统,47
艺能哈哈哈哈希望,47
吟唱340w哈哈哈,47
一家独大,47
最好开始,47
？？师父,47
头疼废话,47
吗欧元,47
蛋糕还有,47
隋文帝红红火火,47
哈哈哈哈有大,47
全死,47
好评帅欧,47
感想,47
233难,47
允许…,47
呵可惜,47
几季…,47
该无话可说,47
吧政客,47
好秀,47
逗嬴政,47
。1453不,47
了懂不懂,47
狭小,47
心胸狭隘,47
啊反对,47
一切搞,47
的用,47
回来2333好,47
想法！没错,47
没错过分,47
门下真实,47
啧但是,47
啊哈哈哈哈欧,47
很多很多,47
统一嗯,47
嗯厉害候感谢,47
秦始皇政,47
哥儿晕,47
大学不,47
、每个,47
正常意大利,47
pasta2333大家,47
王骁还要,47
秦皇,47
的反俄,47
槽工,47
所系？反对,47
哈哈法国,47
长城精波,47
落泪老双标,47
尚书哈哈哈,47
啊惨,47
惨晕,47
2333已晕政哥,47
落泪前方,47
！加勒比海,47
盗武汉,47
考古老,47
孔乙己,47
了点名,47
酱紧急,47
106,47
Doge明目张胆,47
鸭都,47
呢5,47
113666666666666666打倒,47
一切666666666从,47
考古他们,47
高真香现在,47
敌？,47
110w,47
哈哈哈秦始皇,47
？快,47
一定真香,47
了110,47
说得好这句,46
低调因为,46
110中央,46
河南这个,46
祖国这,46
举报,46
城市武汉,46
！加油加油伟大,46
！加油暂停,46
王骁,46
配？,46
感你,46
p下次,46
再说老,46
一个精致,46
者聋,46
机密,46
人怒斥得,46
卖乖,46
一定团结,46
力量机密,46
没落,46
了2333随便,46
就行也,46
选票那,46
吗2020,46
傲立,46
世界澳洲,46
艺能23332333命运,46
中华民族祖传,46
】祖传,46
治国2333真狗你,46
自信都,46
？勤奋,46
嫉妒中国,46
罢了一切,46
罢了维京,46
狗口区,46
口区没有2333666各取所需,46
为己屁股,46
脑袋2333老,46
了二皮脸为什么,46
中国2333下次,46
！精分,46
哦2333历史,46
重点澳村,46
”说白了,46
好带,46
阴阳师23333对得起,46
恰饭都,46
一定考古,46
了自古以来,46
跳孙杨,46
清白,46
一定滚说,46
比人,46
呗跟,46
关系怎么办,46
干已经,46
。有矿您,46
吗求个,46
屁不愧,46
如戏？袋鼠,46
脑子下次,46
霍顿孙杨错,46
那事,46
？旋转门做到,46
连点,46
......冲着,46
没火,46
？666不是,46
几个他,46
不不是,46
？其实,46
沦落,46
多下次,46
佛系危夺笋,46
多笋,46
？曰,46
本好,46
升华不行,46
哦你,46
妈妈,46
得救,46
要关,46
了帅好帅,46
！轻蔑,46
六倍,46
国徽怼,46
那会儿,46
一定辛苦,46
吓坏,46
呢今日,46
乳法666秦始皇,46
厉害93,46
考古还好,46
身子美国,46
帮忙美国,46
93,46
了666哦,46
吟唱法国,46
权利好,46
急不急哈哈哈哈,46
吧666太对,46
80w后来,46
证实,46
假图一战,46
发源,46
吧夫妻,46
飞补充,46
士大夫,46
西周,46
封建制,46
既得利益者,46
利益即使,46
充其量,46
南欧,46
一定2333精罗,46
狂喜2333让,46
了生草,46
传统完蛋没,46
毛病英国,46
吧农夫,46
~666我,46
美国那,46
罗马帝国下次,46
没人能,46
了德法,46
啊至少,46
）2333大毛别,46
有肉,46
伏特加,46
打鹰,46
吗6666666666女少,46
口阿那个,46
说光,46
军权,46
韩国三星,46
？说得好山楂片,46
土豆哈哈哈哈,46
哈哈哈首先,46
退让,46
乳法难,46
啊嬴政,46
前无古人,46
来者精辟塑料,46
希望法兰克福,46
赈灾,46
不得劲入,46
坑作下次,46
一定真香真相足球,46
强邀请,46
码是,46
帅哥下次,46
一定巴菲特,46
了精法,46
一定6666666666.66666民国时期,46
小九九自然选择,46
进化版666下次,46
谁家,46
一眼,46
屁事前面,46
道歉波兰,46
复生,46
国家捷克斯洛伐克,46
命运开始,46
吟唱人口,46
买卖这,46
同志这些,46
局面,46
联想起,46
五代十国,46
乱七八糟欧洲,46
nb董佳宁,46
？4.21,46
79,46
万666千古,46
吧听得,46
欧盟委员会jackslowfuck韩国,46
总额绅士4,46
了7英国,46
脸进,46
一定大秦,46
逼2333这个,46
森林不,46
的已晕哈哈哈哈,46
哈哈哈天花乱坠老大哥,46
地下,46
你老婆一战,46
做成,46
事业精罗,46
落泪惨惨美国,46
78w哈哈哈,46
哈哈哈¿,46
¿阿拉伯,46
原罪哈哈哈哈,46
？德意志,46
斯坦说,46
考虑一下,46
没道理波兰,46
过来闪击,46
→事实如此我们,46
分法国,46
法鸡,46
让出,46
勾心斗角,46
航空航天,46
丢光,46
简称,46
艺能6666666666666营销,46
号眨,46
眨眼6662333祖龙,46
逼很,46
哈哈哈哈2333下次,46
对不起666howdareyou,46
之光民众,46
2333天花,46
坠早,46
小胡子,46
内耗,46
论证,46
看又,46
)666出口,46
贸易条件好,46
666秦始皇,46
的感恩,46
亲手,46
。互联网,46
%下次,46
琢磨武汉,46
作出,46
？秦始皇,46
精辟,46
的德国,46
最终,46
主导,46
的还是,46
了谁,46
一个没有,46
撒谎,46
话语权,46
吧这次,46
回收,46
程度,46
之下,46
多久,46
可爱可爱哈哈哈哈,46
炖鸡佛祖,46
哈哈哈菩萨,46
可爱弹幕,46
要么,46
万一,46
自信心,46
服务,46
哈哈哈红红火火,46
用过,46
漂亮干得,46
类似,46
圈外,46
了王之,46
冷战,46
一定哈利,46
阴间,46
内地,46
的苍梧,46
吗天,46
厉害外,46
哈哈哈真惨已经,46
了麻生太郎,46
谢罪大炼钢铁,46
美东海道,46
高铁,46
线路,46
决死,46
大将军xxx你币,46
120w,46
考古再,46
吟唱一个,46
自由主义,46
罢工反对,46
一切真,46
闪电战祖传,46
截胡瑞士,46
干干净净医疗,46
全聚德哈哈哈哈666哈哈哈哈,46
好所以,46
赢咯法兰克,46
王国欧洲,46
呵我,46
哈哈哈一语,46
乳下次,46
youl奇怪,46
freedom,46
嘛欧盟,46
骂胜利,46
给汉武帝,46
比下次,46
一定66666我穷,46
见谅下次,46
一定早,46
懂哈哈哈,46
哈哈哈66666666下次,46
一定6666666666666对不起,46
一集好,46
，666下次,46
多人类,46
冲出,46
统一散装,46
欧盟黑龙江,46
希望666说,46
心胸,46
狭窄,46
独善其身传统,46
金猪是,46
更贵,46
出口666哈哈哈,46
妄想症666哇,46
发展999哈哈哈,46
隐忍德意志,46
欧盟哈贝马斯,46
了嗯多,46
弹幕好,46
佳宁互相,46
！赞,46
了分赃,46
行玩,46
哈哈哈哈煤钢,46
共同体主要,46
委员会是,46
…分赃对不起,46
哈哈哈尚书省难民,46
灭亡现在,46
有意思哈哈哈,46
哈哈哈真三省,46
考古我,46
认真学习666666掀起,46
波兰俄罗斯,46
不止一次,46
…666德国大众,46
削弱,46
版23333下次,46
一定世界史,46
路过666嗨,46
斯摩棱斯克,46
听首,46
曲子,46
先祖,46
哈哈哈666哈哈哈,46
了平平淡淡,46
真2333确实,46
子别,46
圣母第三,46
罗马确实,46
心收,46
一收,46
了既然,46
）墨索里尼哈德良,46
）刷,46
无罪真,46
。法兰克精罗,46
落泪5,46
日美国,46
考古哈哈哈哈666红红火火,46
瞧不上眼,46
匈奴,46
战力别,46
呀洗脑他们,46
不在乎没有,46
大臣人类,46
共同体开始,46
了666？,46
？宗教,46
。666皇帝,46
尚书省666俄罗斯,46
历史潮流语言,46
办法波兰,46
我信,46
希望要来,46
了好险,46
举起,46
双手?,46
?666666蓝字,46
可知,46
弊大于利,46
?6662333666中立,46
）弹幕,46
来点,46
笑话。,46
照片我,46
跳过只是,46
独立思考欧洲,46
黑手110w噗,46
·？,46
？三省,46
1000w,46
的666正解,46
了吸血美国,46
PTSD,46
早點,46
欧下次,46
教化还,45
不少最强,45
凝聚力喜欢,45
说话保护一声令下,45
事情中文,45
啊颟顸之前,45
菜菜,45
好像最近,45
投完,45
剩赞,45
凝聚,45
成功泪目武汉,45
nb哈哈哈,45
照顾,45
？儿子,45
啊等,45
