2020-04-09,我爱中国
2020-04-09,三观太正了爱了爱了
2020-04-09,保护
2020-04-09,感谢武汉同胞们
2020-04-09,剑及履及
2020-04-09,友军友军
2020-04-09,三连了听这句话
2020-04-09,保护
2020-04-09,保护
2020-04-09,美国40万前来考古
2020-04-09,堪比美片
2020-04-09,我们那时候基本陆陆续续开始全国各省都开始封闭了，都开始帮助湖北的同时解决自己本地的疫情
2020-04-09,加油啊，台湾也要好好的
2020-04-09,智贤姐来b站了
2020-04-09,智贤姐来b站了，大家可以去支持他
2020-04-09,这件事真的值得骄傲
2020-04-09,我也胖了
2020-04-09,保护
2020-04-09,预言成功
2020-04-09,你们真的好乖呀
2020-04-09,全靠友邦衬托
2020-04-09,美国喜提40万来考古。
2020-04-09,外卖简直是有先见之明的伟大发明。
2020-04-09,智贤姐！！
2020-04-09,给一个币
2020-04-09,自己人
2020-04-09,一夜之间，不仅是武汉，连湖北都封了
2020-04-09,这就是大预言家嘛，i了i了
2020-04-09,4.8武汉解封了
2020-04-09,保护
2020-04-09,还是老一辈的基础啊，光一个土改，就让人祖祖辈辈有家
2020-04-09,保护
2020-04-09,请容我骄傲
2020-04-09,外卖是我了
2020-04-09,谁切的洋葱拿远点
2020-04-09,中国团结一条心
2020-04-09,武汉解封啦
2020-04-09,保护
2020-04-09,也只有中国才能在这么短的时间里举全国之力以自救
2020-04-09,保护智贤姐
2020-04-09,解葑了
2020-04-09,美国40万了
2020-04-09,这很奇怪吗中国的政治制度就决定了。处理这种突发事件本来就有优势
2020-04-09,保护
2020-04-09,智贤姐你好
2020-04-09,越听越感觉牛逼
2020-04-09,今天→_→武汉解封
2020-04-09,救不了全世界，作死的太多
2020-04-09,其实也有少部分发疯的，吐口水骂医护
2020-04-09,黄姐NB
2020-04-09,哈哈哈哈哈牛逼
2020-04-09,但还有人跑了
2020-04-09,保护台湾兔智贤姐
2020-04-09,保护保护
2020-04-09,中国牛壁
2020-04-09,不仅够吃，解禁后还得忙着减肥
2020-04-09,想哭
2020-04-09,这就是中国！
2020-04-09,我们上下一条心
2020-04-09,听国家的话
2020-04-09,八方支援你拿英语翻译一下，它们文库里没有
2020-04-09,看到外国蒙B俺好高兴，它们能了解我们刻在我们骨子里的文化吗
2020-04-09,前面的，辽宁从事医疗的人才是最多的
2020-04-09,我不知道大家咋想，反正我们这里我接触的所有人现在都特反感台湾人，它们把我们的耐心成功耗没了。。
2020-04-09,智贤姐台湾封你的节目欢迎你来大陆发展
2020-04-09,九省通衢之地诶，开~玩~笑
2020-04-09,低调低调
2020-04-09,有东西吃的主要原因是过年啊，哈哈，家里囤了一堆吃的
2020-04-09,保护
2020-04-09,来大陆！我们保护你！
2020-04-09,加油！智贤姐！
2020-04-09,湖北到任何一个省级最多跨两个省
2020-04-09,就是强国啊，怎么样，不服吗绿娃们！保护智贤姐！
2020-04-09,惜命没错啊真不知道他们骄傲什么
2020-04-09,换的好，换的好
2020-04-09,在家很幸福就是不小心添了人口
2020-04-09,智贤姐加油
2020-04-09,1.5倍食用最佳
2020-04-09,保护友军
2020-04-09,救不了全世界只能救中国。给他们争取了那么多时间，他们自己不要。现在他们也已经付出代价了，而我们也带不动了。
2020-04-09,智贤姐好呀
2020-04-09,友军
2020-04-09,武汉人叉会腰
2020-04-09,我们听话
2020-04-09,我还以为看不到了
2020-04-09,有啊，我们这里假扮警察疫情检查开始抢劫！
2020-04-09,还不够强，台湾还没统一
2020-04-09,照抄你都不会
2020-04-09,换帅这波操作真的牛逼
2020-04-09,保护
2020-04-09,贤姐可以…
2020-04-09,14亿差不多，全世界实在是带不动
2020-04-09,武汉受委屈了
2020-04-09,老朋友
2020-04-09,智贤姐来B站了
2020-04-09,md小时候看这栋楼还挺好现在好丑啊
2020-04-09,现在国外更荒诞
2020-04-09,朝廷可以啊
2020-04-09,中国NB
2020-04-09,哈哈哈，我东风快递的国内业务已经相当成熟了（暗示）
2020-04-09,智贤姐好
2020-04-09,看得我好激动
2020-04-09,李凉凉
2020-04-09,我在家里呆了几个月天天吃都不敢称体重
2020-04-09,一句中国人，厉害！！
2020-04-09,必须三连
2020-04-09,这真的是自觉啊，为自己负责为大家负责
2020-04-09,女神
2020-04-09,黄姐好
2020-04-09,很骄傲
2020-04-09,武汉人民感恩大家的帮助
2020-04-09,加油
2020-04-09,1000片口罩发货了吗？蔡？
2020-04-09,爱你❤
2020-04-09,谁说女子不如男
2020-04-09,美国30万了，是是全球110万了
2020-04-09,这个疫情无论是那个省也不可能比湖北做的好
2020-04-09,低调低调
2020-04-09,为我们自己感动，为中国感动
2020-04-09,感动
2020-04-09,友军友军
2020-04-09,很敬佩她在台湾能说这些
2020-04-09,救不了全世界，毕竟救不了非要作死的
2020-04-09,此人是战忽局的敌人
2020-04-09,而且还能上班，钉钉警告
2020-04-09,武汉的很多官都换了
2020-04-09,老友军了
2020-04-09,智贤姐姐
2020-04-09,哈哈哈
2020-04-09,哈哈哈
2020-04-09,保护
2020-04-09,大大力支持
2020-04-09,"我胖了，现在53公斤了,,Ծ^Ծ,,"
2020-04-09,这就是传说中那个保护祖国的女人吗
2020-04-09,不把我们当人也挺好，要不动手死一片人后不用那么内疚
2020-04-09,别说什么是我们为他们争取时间了，同时爆发的我们先管制就成我们先爆发了，这是什么道理
2020-04-09,要人，也要岛，把毒派枪毙！！！
2020-04-09,最明白人之一
2020-04-09,美团外卖!!!
2020-04-09,全台湾唯一正常的人
2020-04-09,几千亿啊
2020-04-09,封城之前就有人看形势不好提议，还有傻子就看自己的利益会骂。打脸吧
2020-04-09,中国NB
2020-04-09,中国速度
2020-04-09,1.25倍新大陆
2020-04-09,我也超乖~
2020-04-09,别谋独了这正谋统一呢
2020-04-09,奇迹中国
2020-04-09,灭了台湾气死人了
2020-04-09,非典时期，首都照样封
2020-04-09,她是多年老友了。。。哈哈
2020-04-09,为自己是中国人感到自豪
2020-04-09,美国日增3万前来考古
2020-04-09,又是台湾？
2020-04-09,4.3号看美国意大利疫情肆虐，太佩服国家领导人的决策了
2020-04-09,战争潜力太大了，令人恐惧
2020-04-09,我们中国人自己的事情！这句话爱了
2020-04-09,保护
2020-04-09,当代脊梁。
2020-04-09,中国nb！
2020-04-09,以疫谋独很过分！中国一点也不能少！
2020-04-09,祖国我爱你！！！！
2020-04-09,国人对于疫情有经验，也有很强的防范意识
2020-04-09,您也辛苦了，谢谢您
2020-04-09,感謝京東感謝所有的快遞小哥
2020-04-09,中国牛逼
2020-04-09,居家胖十斤
2020-04-09,喜欢你
2020-04-09,美国25万确诊了已经
2020-04-09,可外国根本不当回事，没做准备搞到现在医疗崩溃
2020-04-09,预言成功
2020-04-09,中国nb
2020-04-09,我们是全国响应
2020-04-09,这是中华民族
2020-04-09,此生无悔入华夏，来生还做中国人
2020-04-09,也不全是，总有那么几个愤青
2020-04-09,必须搞清楚病毒源头太吓人
2020-04-09,󾓭󾓭󾓭󾓭󾓭󾓭󾓭󾓭󾓭󾓭󾓭󾓭󾓭󾓭󾓭󾓭󾓭󾓭󾓭󾓭󾓭󾓭󾓭󾓭󾓭󾓭󾓭
2020-04-09,保护
2020-04-09,后面的这个文字排版，真的，，，
2020-04-09,我胖了30斤
2020-04-09,赶紧收了吧
2020-04-09,毛子哥应该也可以
2020-04-09,保护
2020-04-09,智贤姐加油
2020-04-09,我瞎了
2020-04-09,都是大佬
2020-04-09,怕死
2020-04-09,骄傲
2020-04-09,前面胖十斤的也等等我
2020-04-09,宅男高兴了
2020-04-09,阿中太强了！！！
2020-04-09,预言家
2020-04-09,保护
2020-04-09,湾湾不会连饭都没得吃吧
2020-04-09,胖了
2020-04-09,保护
2020-04-09,老黄说话还是诚恳的，等台湾同意了，欢迎你继续评论市政
2020-04-09,保护保护
2020-04-09,友军友军
2020-04-09,体制问题，毕竟儒家思想在那里，根深蒂固。
2020-04-09,中国制度体系的保障
2020-04-09,别的国家真做不到
2020-04-09,中国制度体体系的保障
2020-04-09,保护贤姐
2020-04-09,来世还来种花家！！！
2020-04-09,骄傲！！！！
2020-04-09,保护我方智贤姐！！！
2020-04-09,智贤姐威武！
2020-04-09,智贤姐！
2020-04-09,太优秀了我的姐
2020-04-09,保护
2020-04-09,我的祖国！！
2020-04-09,但是看到了一堆沙雕23333
2020-04-09,真的是这次给很多人的感受
2020-04-09,你挨个点名计数的500万？
2020-04-09,出去的500万去你家了？
2020-04-09,泪目
2020-04-09,哈哈哈是的我也胖了十斤
2020-04-09,让我叉会腰
2020-04-09,福建牛逼
2020-04-09,福建赛高
2020-04-09,福建日报nb
2020-04-09,智贤姐台湾脊梁
2020-04-09,不知道她有没有账号，想给她支持
2020-04-09,换掉2333
2020-04-09,这就是中国文化，团结
2020-04-09,这里伙食好啊
2020-04-09,说句良心话，武汉人民真的牛逼！、
2020-04-09,说的太准确到位了
2020-04-09,节目一个月后，美国爆了
2020-04-09,中国牛逼！
2020-04-09,武汉没有省委……
2020-04-09,保护
2020-04-09,明理人
2020-04-09,希望过段时间去吃热干面
2020-04-09,我的腹肌变
2020-04-09,两个字特么牛逼
2020-04-09,红色不能断
2020-04-09,叶问了！！！前边的夜间
2020-04-09,中国加油
2020-04-09,武汉省委？
2020-04-09,舔日..
2020-04-09,保护
2020-04-09,保护
2020-04-09,智贤姐好
2020-04-09,隔离那会外国人都在看我们笑话，现在数据证明了
2020-04-09,一方有难八方支援，这就是中国
2020-04-09,我胖了好多
2020-04-09,全国一条心
2020-04-09,智贤姐姐。
2020-04-09,巾帼英雄智贤姐
2020-04-09,泪目
2020-04-09,我特喵也胖了～
2020-04-09,哈麻批
2020-04-09,被作业折磨的我表示瘦了
2020-04-09,为我中华儿女而自豪
2020-04-09,胖十斤那个我给你逗笑了
2020-04-09,此生无悔入华夏
2020-04-09,现代鲁迅
2020-04-09,啊
2020-04-09,因为我们是中国人!我们的政府nb!我们的人民nb!
2020-04-09,我们的人民很棒！我们的中国更棒！
2020-04-09,这次也是集中举国之力办一件事情
2020-04-09,保护我方智贤姐
2020-04-09,中国人民是团结的
2020-04-09,真个真是牛我们连隔壁村都路障隔离z哈哈
2020-04-09,现在可以看到其他国家怎么样了哈哈哈
2020-04-09,智贤姐好！
2020-04-09,现在感染人数不及美国的零头
2020-04-09,泪目
2020-04-09,台湾以前是福建一个市，福建骂台湾很正常
2020-04-09,那个憨批
2020-04-09,我窝在家里两个多月了，被自己深深的感动到了，做为中国人，我骄傲
2020-04-09,保护
2020-04-09,加油智贤姐
2020-04-09,我这栋出现一例病人，在家隔离了14天人都胖了，政府送的物资很足
2020-04-09,我们救不了全世界，想死不用救
2020-04-09,泪目
2020-04-09,智贤姐真的不容易，在台湾坚持发出自己的声音
2020-04-09,中国体制越来越好了，也越来越透明了。
2020-04-09,智贤姐好
2020-04-09,因为和放飞的自由相比我们更愿意牺牲一些自由换取生命...
2020-04-09,带预言家啊
2020-04-09,叉腰！我骄傲！
2020-04-09,武汉辛苦了
2020-04-09,还有网上。。这是最重要的
2020-04-09,2020年的中国年足够让全世界人记一辈子。
2020-04-09,我在家倒是吃得安逸。。北京烤鸭都吃了几回。哈哈！
2020-04-09,我们在家都隔离了近几个月了。从春节之前就开始隔离了。我们贵州做得比武汉快。
2020-04-09,4.1美国18万
2020-04-09,中国加油
2020-04-09,感恩祖国
2020-04-09,加油！
2020-04-09,武汉市委
2020-04-09,中国人口数是13亿4000万人
2020-04-09,让国民活得好
2020-04-09,让国民活下来
2020-04-09,把我养胖了10斤
2020-04-09,保护姐姐
2020-04-09,我胖了…
2020-04-09,最主要的是民众配合啊
2020-04-09,保护我方
2020-04-09,偷跑500万
2020-04-09,感谢武汉人民
2020-04-09,智贤姐加油
2020-04-09,黄姐好
2020-04-09,曾经的中华民国首都
2020-04-09,赞赞赞赞赞赞
2020-04-09,毕竟命比较重要
2020-04-09,保护
2020-04-09,颟顸
2020-04-09,智贤姐
2020-04-09,爱了爱了～
2020-04-09,中国医科大学附属盛京医院
2020-04-09,我就有一点好。我不给祖国添乱。
2020-04-09,一看到智贤姐，我就想告诉她，没几年了，你希望的，就能实现了
2020-04-09,国家面前一切个人都要为其让步
2020-04-09,为自己点赞，疫情还捉了不小之前藏匿的罪犯呢
2020-04-09,好骄傲！！生长于幸福温暖的种花家
2020-04-09,原谅弯弯啦！体制不同
2020-04-09,那个憨憨！
2020-04-09,还有谁！
2020-04-09,中国赞\(≧▽≦)/赞
2020-04-09,罪犯都自首了
2020-04-09,武汉加油
2020-04-09,夸的都不好意思了，大姐。
2020-04-09,保护友军
2020-04-09,大大的友军
2020-04-09,此生不悔入华夏
2020-04-09,厉害了我的国
2020-04-09,不要多想我只是想多活几年
2020-04-09,他们会为自己的无知和偏见付出代价的！
2020-04-09,哈哈哈哈哈甚至还胖了
2020-04-09,最可爱的台湾人。
2020-04-09,66666
2020-04-09,日本做法比美国可高明多了
2020-04-09,天天搓麻将。。。
2020-04-09,还是救不了直接问，爆发了
2020-04-09,我已经炒得一手好菜不用叫外卖了
2020-04-09,智贤姐注意安全
2020-04-09,饭做的味道好很多
2020-04-09,准备回归~~~
2020-04-09,医大二院牛逼
2020-04-09,长胖了在家两个月
2020-04-09,中国nb
2020-04-09,这就是动员力和执行力
2020-04-09,友军快保护
2020-04-09,美国12万前来考古
2020-04-09,智贤姐流弊！！！
2020-04-09,夜问打权
2020-04-09,日本的处理方法客观来讲还是很人道的。
2020-04-09,加油
2020-04-09,我们的祖国真的很不容易
2020-04-09,武汉从来都是一个英雄的城市
2020-04-09,我初四就上班了
2020-04-09,胖了十斤的等等我……
2020-04-09,中国文化讲伦理道德，西方文化讲巧取豪夺
2020-04-09,为自己是中国人骄傲！
2020-04-09,武汉加油
2020-04-09,当时是真的觉得封的慢了，消息传出来那么久了才封城，没想到别的国家比我们慢了百倍，终于知道中国有多快了
2020-04-09,一开口，老爱国者了
2020-04-09,一听就是友军
2020-04-09,少出门，是对自己和他人负责
2020-04-09,加油加油！！
2020-04-09,听党指挥，能打胜仗
2020-04-09,我姑娘上完网课，不想去学校了，咋办？？最近还发了好多玩具，能陪她一起玩。。。这咋办？
2020-04-09,前面的，还能在家上课我笑了
2020-04-09,我要膨胀一下
2020-04-09,我们在为国家做贡献，什么叫限制自由
2020-04-09,为智贤姐加油！！！
2020-04-09,贤姐来B站了
2020-04-09,骄傲
2020-04-09,看到我们盛京医院了
2020-04-09,疫情过后准备收复台湾
2020-04-09,别夸了，我就是怕死
2020-04-09,可把我牛逼坏了
2020-04-09,甚至还能上课
2020-04-09,讲实话，我最乖，疫情期间天天呆床上
2020-04-09,带节奏
2020-04-09,友军贤姐！！
2020-04-09,关键时刻不给国家添乱，这是文化传承，以国为重，都分的出轻重缓急
2020-04-09,英雄，我们国家从来不缺
2020-04-09,这是五千年稳定统治下人民被动养成的习惯
2020-04-09,祖国万岁
2020-04-09,军民一家，所向披靡
2020-04-09,军民一家，所向披靡
2020-04-09,换有为、勇为之将点赞
2020-04-09,保护
2020-04-09,如果节目使一个人开窍了，那这个节目就有很大的意义了
2020-04-09,坚定了统一的决心
2020-04-09,我与我的祖国一刻也不能分割
2020-04-09,胖了十斤
2020-04-09,良言难劝该死的鬼
2020-04-09,这个姐姐一直是友军
2020-04-09,铁憨憨
2020-04-09,有不乖的
2020-04-09,剑履上殿，入朝不趋
2020-04-09,不，我们没能救全世界的人
2020-04-09,国力的强大，强啊
2020-04-09,中国牛逼
2020-04-09,红警中国动员兵是吹的吗？
2020-04-09,保护
2020-04-09,可给我牛逼坏了
2020-04-09,我去，全是21比9我酸了
2020-04-09,+
2020-04-09,自己人
2020-04-09,泪目
2020-04-09,还能上课...这个我真笑了
2020-04-09,外国：请全村吃饭
2020-04-09,整个湖北都封了全国人民共同努力的
2020-04-09,天下何人不通共
2020-04-09,泪目
2020-04-09,中国加油
2020-04-09,芜湖，起飞
2020-04-09,这个，是全球任何一个国家不能比的，，哈哈，，，
2020-04-09,因为都怕死的
2020-04-09,我天天在推特怼湾毒，我要出一份力保卫祖国母亲！
2020-04-09,黄姐，安！
2020-04-09,感谢快递小哥，感谢物流系统的大哥
2020-04-09,台湾省终于有个说实话的了
2020-04-09,王者表示带不动啊带不动
2020-04-09,中国NB
2020-04-09,种地
2020-04-09,救了中国人争取到的时间确不能阻止世界爆发
2020-04-09,不用想象了，已经看到了
2020-04-09,老双标了
2020-04-09,当年北京还不是照样封住
2020-04-09,说得好
2020-04-09,友军！
2020-04-09,贤姐
2020-04-09,贤姐好
2020-04-09,中央这次真的很棒，完全看不到回避，就是硬杠
2020-04-09,台湾疫情防控做的非常好
2020-04-09,贤姐明白人
2020-04-09,最重要当时还是春节，个个都想出门的节日
2020-04-09,主要是怕是你知道吗
2020-04-09,十天建成火神山医院
2020-04-09,智贤姐真的分析很到位
2020-04-09,救不了全世界的人
2020-04-09,2050年中国世界中心
2020-04-09,因为中国人民有信仰
2020-04-09,正常中国医科大学在辽宁
2020-04-09,我为祖国的力挽狂澜骄傲
2020-04-09,那个憨憨
2020-04-09,我们很棒
2020-04-09,这还慢？说这话的你现在是开了上帝视角
2020-04-09,我也胖了
2020-04-09,伪皇宫表示感谢热干面
2020-04-09,长春表示感谢武汉
2020-04-09,也要感谢村长，天天给我们嗷嗷叫，哈哈哈
2020-04-09,友军
2020-04-09,制度优势
2020-04-09,泪目
2020-04-09,只有靠大家的力量
2020-04-09,是人民治国的优点
2020-04-09,这一句话顶
2020-04-09,还好我宅
2020-04-09,全民免疫才是真正让人惊掉下巴！！！
2020-04-09,保护
2020-04-09,我在广州两个月没出门了，也差不多
2020-04-09,没有人比我更懂乖字怎么写
2020-04-09,叉会儿腰
2020-04-09,那个憨批
2020-04-09,我们还是要感谢那些社区人员有了他们才能传达到各个小区和每个居民
2020-04-09,都是同行的衬托
2020-04-09,关键是外国不想被救
2020-04-09,加油！
2020-04-09,万岁万岁≧▽≦
2020-04-09,人民万岁！
2020-04-09,还不是体制优秀
2020-04-09,"继续啊,你继续"
2020-04-09,姐姐回国吧
2020-04-09,姐姐回国内搞吧
2020-04-09,深红色姐姐
2020-04-09,这就是我大中国的能力
2020-04-09,真实还胖了不少
2020-04-09,最感动的是没人抢东西，看看美国那些国家抢卫生纸抢成什么样
2020-04-09,说的太好了
2020-04-09,智贤姐！
2020-04-09,自豪感真的忽然涌出来了
2020-04-09,文言文数次为序数词
2020-04-09,中国红
2020-04-09,武汉是省会，叫省委也差不多
2020-04-09,你们居然敢上秤？？？？？？？
2020-04-09,我爱这个女人怎么办
2020-04-09,胖五斤，啥也不说了
2020-04-09,保护我方智贤姐
2020-04-09,我朋友看到封城还特意跑回去，他说他要回家。。。
2020-04-09,就是这么棒/骄傲脸
2020-04-09,前面宁波的那个兄弟，我也是
2020-04-09,为毛你们都重了，我却轻了差不多十斤？？？
2020-04-09,我喜欢这个姐姐
2020-04-09,如果打二战再不动用原子弹情况下台湾一个小时也坚持不了
2020-04-09,中华民族是世界上最伟大的民族
2020-04-09,大家有能力的话多支持支持她，她现在压力真的大
2020-04-09,'中华人民共和国万岁！
2020-04-09,辛苦了！
2020-04-09,哎，会看这个节目的人都不是泰du吧
2020-04-09,武汉从来都是一个英雄的城市
2020-04-09,其他国真的带不动
2020-04-09,一开口就台湾味省的味道了
2020-04-09,说实在的，看到延期上班还挺难过（gaoxing）的
2020-04-09,对不起，救不了全世界
2020-04-09,饱和式救援
2020-04-09,大是大非面前没有小我
2020-04-09,节目是叫夜间
2020-04-09,战忽局出来挨打
2020-04-09,战忽局出来挨打
2020-04-09,保护
2020-04-09,台湾太少这样的人太少了
2020-04-09,卜。。。
2020-04-09,对对对
2020-04-09,还胖了
2020-04-09,蛮憨
2020-04-09,这个就是牛
2020-04-09,湖北正常了武汉清零了
2020-04-09,喜欢你啊
2020-04-09,中国红
2020-04-09,当你帮不上忙的时候，请不要添乱
2020-04-09,其他国家：周末一起嗨皮！中国：带不动带不动
2020-04-09,那个憨逼
2020-04-09,每个人都很乖
2020-04-09,战忽局局长拍桌子了
2020-04-09,前面那个不会抄的真的，哈哈哈哈哈
2020-04-09,三连了
2020-04-09,智贤姐你的家人是绿营，那你呢？
2020-04-09,智贤姐，喜欢你
2020-04-09,祖国万岁！
2020-04-09,这就是制度优势！！！
2020-04-09,武汉！英雄城市！！！
2020-04-09,今天三月28老美八万多超中国了！
2020-04-09,小姐姐保护好自己
2020-04-09,感谢勇者天使
2020-04-09,好多逃犯自首了，太严了，无处躲，
2020-04-09,主持人三观很正！点赞！
2020-04-09,全是21比9的曲面屏这也太。。奢侈。。？？。。
2020-04-09,抢劫有点离谱
2020-04-09,多谢同行衬托那个，会说你就多说点
2020-04-09,3.28日，不用想象了，已经看到了
2020-04-09,我好膨胀夸的我
2020-04-09,在家隔离可以拿着工资打团本，乐哉乐哉
2020-04-09,可以叫声“”
2020-04-09,当时给武汉捐了3词款，虽然微不足道，但是尽份心力
2020-04-09,智贤姐来B站了，大家一起去支持
2020-04-09,智贤姐来B站了，大家可以去支持她
2020-04-09,加油
2020-04-09,真的哭了
2020-04-09,哭了
2020-04-09,看到救了14亿人那里真的泪目了伟大的祖国
2020-04-09,武汉副省级也不能算全错
2020-04-09,看到前面有人说我们江苏十三太保的了哈哈哈
2020-04-09,我鄂州的
2020-04-09,刚刚那个胖十斤的，笑死我了
2020-04-09,虽然做得不够完美，但是真的是付诸良多了
2020-04-09,憨八嘎
2020-04-09,黄智贤好样的，继续为我们伟大祖国统一做贡献
2020-04-09,我也在家胖了10斤卧槽
2020-04-09,全靠同行衬托
2020-04-09,所以都封了
2020-04-09,保护我方友军
2020-04-09,姐姐好
2020-04-09,美国爸爸都不行，别说日本了
2020-04-09,由外人看，这的确很可怕
2020-04-09,姐，嘴下留情！
2020-04-09,保护
2020-04-09,你不夸我我都没发现我们这么优秀
2020-04-09,我在家胖了十几斤
2020-04-09,身为中国人真的很自豪
2020-04-09,我也宅家里胖了
2020-04-09,结果病毒还是全球爆发了→_→中国：带不动带不动
2020-04-09,这句话，你三连有了
2020-04-09,中国人自己的事情
2020-04-09,这不全是组织者而且应该有执行者的赞美
2020-04-09,三连不解释
2020-04-09,此生无悔入华夏
2020-04-09,封的早结果会更完美！
2020-04-09,保护
2020-04-09,保护
2020-04-09,YouTube上看过
2020-04-09,友军
2020-04-09,没哭，但是喉咙感觉有哽住
2020-04-09,不用想象看看美国现在要打gg了
2020-04-09,其他国家全军覆没包括美国
2020-04-09,阿蒋的训政遗毒
2020-04-09,一听主持主说：聊我们中国自己的事情。听着就放心了。
2020-04-09,骄傲团结的中国人
2020-04-09,■■■■■■■■■■■■■
2020-04-09,友军
2020-04-09,看到黄姐直接点赞
2020-04-09,中国牛逼，骄傲
2020-04-09,真的泪目，只有身在其中才知道祖国的伟大和中国人的团结
2020-04-09,保护
2020-04-09,智贤姐一直坚持在艰难的环境下发声令人感动
2020-04-09,我们甚至还有课上（说着说着就哭出来了）
2020-04-09,想起「防护服原料」
2020-04-09,米國還在自由
2020-04-09,保护友军！！！
2020-04-09,逃犯都憋到自首了
2020-04-09,你说完了感觉我们都很牛逼，掐会腰哈哈哈
2020-04-09,如果有奇迹一定是中国红
2020-04-09,细想真真的NB坏了
2020-04-09,不不不，救不了全世界
2020-04-09,有啊美国增加的速度我们没办法超越
2020-04-09,我们中国人自己的事
2020-04-09,世界就别救了吧
2020-04-09,我胖了20斤泪目
2020-04-09,中国牛壁
2020-04-09,主要是我宅
2020-04-09,友军
2020-04-09,主要是怕死
2020-04-09,泪汪汪
2020-04-09,泪汪汪
2020-04-09,保护我方智贤姐
2020-04-09,保护
2020-04-09,湖北人民真的是英雄！！
2020-04-09,日本封城直接能饿死一大半
2020-04-09,日本一封城就直接崩溃了，他们做不到
2020-04-09,团结就是力量！！一家人有钱出钱！有力出力！
2020-04-09,保护我方智贤姐
2020-04-09,救不了，带不动啊，这届队友老手想送人头
2020-04-09,智贤说得好
2020-04-09,这句话好评
2020-04-09,团结就是力量，低调低调，隐藏我方实力
2020-04-09,低调低调
2020-04-09,因为这次疫情，体重成功突破110
2020-04-09,中央是河南
2020-04-09,这个时候该感谢儒家先辈对中国人的教化
2020-04-09,还胖了不少
2020-04-09,最强的凝聚力
2020-04-09,喜欢你说话
2020-04-09,保护
2020-04-09,一声令下，全部放下。
2020-04-09,中国人自己的事情
2020-04-09,中文说的好好啊
2020-04-09,颟顸
2020-04-09,之前的夜问打权被菜菜停了好像
2020-04-09,最近硬币都投完了，就只剩赞了，，，，
2020-04-09,我爱我的祖国
2020-04-09,这就是凝聚力
2020-04-09,国家好比武林高手，气沉丹田，凝聚力量在湖北全力逼毒
2020-04-09,回归了，请她当生长
2020-04-09,保护我姐姐
2020-04-09,智贤姐姐好
2020-04-09,中华人民共和国万岁
2020-04-09,可以的，这句话说的很好
2020-04-09,友军
2020-04-09,这大姐是友军，台湾收回之后把她留下
2020-04-09,憨批
2020-04-09,黄智贤牛逼。
2020-04-09,保护友军，辅助暴击敌军！！！！
2020-04-09,这个姐姐不错
2020-04-09,我喜欢这个姐姐
2020-04-09,感觉她想说那个憨批
2020-04-09,中国的管理系统是世界上绝无仅有的
2020-04-09,感谢武汉人民的付出，辛苦了！！！
2020-04-09,保护我方友军
2020-04-09,牛逼！
2020-04-09,自豪
2020-04-09,我咋就这么喜欢这个人呢???
2020-04-09,那个憨憨
2020-04-09,中国速度
2020-04-09,保护
2020-04-09,这是友军
2020-04-09,加油，中国！
2020-04-09,这次疫情对WW政府和部分民众寒心了
2020-04-09,我先说，能上课
2020-04-09,武汉真的牺牲了好多，感恩武汉
2020-04-09,中国nb
2020-04-09,智贤姐棒！
2020-04-09,"我也蛮乖的,在家中装死"
2020-04-09,我大辽宁
2020-04-09,祖国和政府从来没让她的人民失望过
2020-04-09,对，我被关在家里，还tm胖了
2020-04-09,确实中国人口这么大个基数能控制住不错了
2020-04-09,可以在台湾被封了
2020-04-09,智贤姐B站有号的
2020-04-09,中国NB
2020-04-09,中国加油！
2020-04-09,有些人！
2020-04-09,我爱中华
2020-04-09,哇塞！！我福建！
2020-04-09,我不懂其他国家，在这边比较正常。毕竟是为了生命。
2020-04-09,嘿嘿，全民洗脑被
2020-04-09,中国人待在家不是因为乖，是因为我们不自私，因为爱国
2020-04-09,现在知道宅男多NB了吧？！
2020-04-09,泪目
2020-04-09,保护
2020-04-09,我曾经猜测每一次的灾难背后都会带来中国的崛起
2020-04-09,催泪牛
2020-04-09,还有好多自首的呢
2020-04-09,中国力量，东方的红色奇迹
2020-04-09,6666
2020-04-09,体制的优越性！
2020-04-09,队友上去送，举报了
2020-04-09,我们中国人就是团结实干
2020-04-09,中国NB中国NB中国NB中国NB中国NB中国NB中国NB中国NB中国NB中国NB中国NB！
2020-04-09,真的通过这次疫情，看到了祖国的强大，人民的团结
2020-04-09,智贤姐越来越漂亮了
2020-04-09,智贤姐姐好
2020-04-09,湾湾回来玩嘛，我们罩你啊
2020-04-09,口罩这个事情记一辈子
2020-04-09,呆湾那些小傻傻
2020-04-09,武汉是一个英雄城市
2020-04-09,武汉加油
2020-04-09,感谢武汉
2020-04-09,3.25国内基本控制住了谁成想被世界其他国家拖后腿了
2020-04-09,没能救全世界，其他人硬要作死，带不动
2020-04-09,我们自己好评
2020-04-09,中华人民共和国万岁
2020-04-09,因为咱们是中国人啊
2020-04-09,中国人人心是齐的
2020-04-09,保护
2020-04-09,保护
2020-04-09,友军
2020-04-09,不管中国内部是如何的争斗，但是困难面前总是一致对外
2020-04-09,说实话，赶上过年了
2020-04-09,有一种奇迹叫中国！！！
2020-04-09,保护。
2020-04-09,泪目
2020-04-09,保护
2020-04-09,姐回大陆定居吧
2020-04-09,天下兴亡匹夫有责
2020-04-09,村长：就你脸白，就你长的俊，死皮不要face。
2020-04-09,我们都很乖哦
2020-04-09,完全体现了什么叫制度优势
2020-04-09,智贤姐好
2020-04-09,姐姐去哪个台了？
2020-04-09,友军友军
2020-04-09,保护
2020-04-09,保护保护
2020-04-09,经历万年历史的天生战斗民族，凝聚力团结力是天性。个个塞龙虎
2020-04-09,我骄傲，我自豪
2020-04-09,我骄傲，我自豪
2020-04-09,祖国万岁
2020-04-09,中国牛逼
2020-04-09,有一部分害人害己，得了感冒发烧也不上报，那一小部分就是渣
2020-04-09,就这一句话，三连不解释
2020-04-09,加油
2020-04-09,帅
2020-04-09,保护姐姐
2020-04-09,老双标了
2020-04-09,大家都很乖
2020-04-09,红色不会断
2020-04-09,泪目
2020-04-09,中国人自己的事情
2020-04-09,文化优越感一下了就上头了
2020-04-09,说白了，当年非典也给中国人留下了点经验
2020-04-09,可惜没有台湾省
2020-04-09,命最重要
2020-04-09,不膨胀就是爱国
2020-04-09,应是第一声
2020-04-09,看看欧美日韩，还吹医疗发达吗？
2020-04-09,九省通衢
2020-04-09,力挺智贤阿姨
2020-04-09,还tm要在家办公……
2020-04-09,致敬武汉
2020-04-09,她这么说也没毛病，武汉是副省级的。
2020-04-09,最好的四个自信的展现！
2020-04-09,保护姐姐
2020-04-09,爱祖国，希望大家注意自己的素质，做好自己，别给自己的祖国摸黑
2020-04-09,现在发愁，工装穿不上了
2020-04-09,这里还是预言失败了，没想到西方世界比我想的还要自由
2020-04-09,带不动全世界啊
2020-04-09,哈哈哈哈蛮憨
2020-04-09,明白人
2020-04-09,这是何等的强大！人民对自己民族何等的忠诚！
2020-04-09,各位这是友军啊
2020-04-09,中国如此强大，我自己都感到害怕！
2020-04-09,死亡搁浅
2020-04-09,赞赞！！！！！！！！！！！！！！！
2020-04-09,这就是下一次啊
2020-04-09,我真的好骄傲啊
2020-04-09,保护
2020-04-09,本人在家隔离了差不多两个月！除了买点儿东西几乎不出去。今天才出去一回。
2020-04-09,其实，武汉封城的速度还算是慢的了。贵州更硬核。早就在做了！
2020-04-09,憨憨
2020-04-09,谢谢祖国
2020-04-09,关键我觉得这个是理所当然的。。
2020-04-09,泪目
2020-04-09,智贤姐
2020-04-09,希望智贤姐开心！快乐！
2020-04-09,如果奇迹有颜色，那一定是红色
2020-04-09,智贤姐姐！
2020-04-09,现在3.24日，国内已经基本稳定，国外疫情大爆发了
2020-04-09,阿中哥哥牛壁
2020-04-09,怎么看的感动的想哭呢
2020-04-09,智贤姐
2020-04-09,中国最棒！
2020-04-09,我爱中国
2020-04-09,我们中国人
2020-04-09,我也没把那种东西当做人
2020-04-09,我爱中国
2020-04-09,确实慢了。。
2020-04-09,保护
2020-04-09,自己人自己人
2020-04-09,主要是巧的很是过年期间
2020-04-09,还能上课
2020-04-09,智贤姐加油
2020-04-09,保护
2020-04-09,我爱中国
2020-04-09,保护
2020-04-09,真的超级感动，中国万岁，中国人民万岁，武汉加油
2020-04-09,中华人民共和国万岁
2020-04-09,那个憨憨
2020-04-09,保护
2020-04-09,中国复兴！
2020-04-09,支持智贤
2020-04-09,智贤姐，你最牛，最清醒！
2020-04-09,辽宁真的是拼了，尤其是大连，主力几乎全去了湖北……
2020-04-09,憨？
2020-04-09,武汉市委啦
2020-04-09,九省通衢
2020-04-09,我甚至还胖了几斤
2020-04-09,真就是中华民族的凝聚力
2020-04-09,我又胖了，辛苦减的肥白费了唉
2020-04-09,中国执行力真强大
2020-04-09,不知不觉已经泪目
2020-04-09,上下一心，这，就是我们中国人民团结的力量！
2020-04-09,上下一心，这，就是中国人民团结的力量
2020-04-09,上下一心，这，就是团结的力量
2020-04-09,我是成功把自己给隔离胖了的人
2020-04-09,哈哈哈，天天在家玩
2020-04-09,友军，
2020-04-09,中国牛逼
2020-04-09,泪目了
2020-04-09,预言成功
2020-04-09,哈哈哈哈，还能上课
2020-04-09,智贤姐姐牛批！
2020-04-09,我国牛得一批。省援市的壮举。江苏散装援孝感。都能载入史册了！！
2020-04-09,江苏十三太保……各自出发
2020-04-09,乖乖的
2020-04-09,智贤姐快来B战
2020-04-09,江苏十三太保徐州分部路过
2020-04-09,保护我方xshh
2020-04-09,智贤姐好
2020-04-09,武汉人民辛苦了
2020-04-09,老实说，我当时在家宅的时候还觉得全世界处理这件事都会是这样呢
2020-04-09,我很骄傲
2020-04-09,中国加油！
2020-04-09,不能忘了留在武汉市民的牺牲
2020-04-09,不乖不行啊，我还没活够不想病死
2020-04-09,可给我牛逼坏了，让我叉会儿腰
2020-04-09,姐姐老友军了
2020-04-09,甚至还让钉钉对学生追到家里上课
2020-04-09,甚至还因为胖了找各种方式健身减肥…
2020-04-09,黄冈也占90%
2020-04-09,不好意思，没能救到世界，给了范本了，人家不抄啊
2020-04-09,问智贤姐好！
2020-04-09,意大利警告
2020-04-09,我待在家里是自愿的
2020-04-09,3.23看中国救世界了
2020-04-09,黄智贤是湖南中医药大学的博士
2020-04-09,胖了五斤
2020-04-09,先红为敬
2020-04-09,同志们，这个是友军
2020-04-09,组织力无敌了
2020-04-09,是武汉人救了全国人
2020-04-09,姐姐好
2020-04-09,种花家nb
2020-04-09,保护我方输出
2020-04-09,幸運在中國
2020-04-09,动员能力真的世界第一
2020-04-09,命重要姐姐
2020-04-09,保护
2020-04-09,都有漏洞
2020-04-09,全国一盘棋
2020-04-09,加油！！！！
2020-04-09,保（）护
2020-04-09,美国人开始囤枪了
2020-04-09,红色不能断
2020-04-09,智贤姐老熟人了
2020-04-09,这次疫情体现出中国后勤保障系统的强大，震撼全球！
2020-04-09,三观超正加油
2020-04-09,个个都胖了
2020-04-09,我上课来了？？
2020-04-09,我们小区内就可以买到粮油蔬菜，真的自豪！
2020-04-09,不能理解忘记了根本忘记了历史
2020-04-09,有小部分人没事找事的添乱
2020-04-09,保护
2020-04-09,中国：没有错就是我使劲夸自信三连
2020-04-09,红色
2020-04-09,这是制度优势
2020-04-09,中国太棒了，中华人民太棒了
2020-04-09,智贤姐是真媒体人
2020-04-09,贤姐加油
2020-04-09,我哭了
2020-04-09,我胖了5斤
2020-04-09,中国红不能断！！！
2020-04-09,我喜欢在家玩
2020-04-09,保护友军！
2020-04-09,md，超自豪的
2020-04-09,中国流弊
2020-04-09,因为我们怕死，智贤姐。。。
2020-04-09,中华民族一直是开挂的民族！加油
2020-04-09,让我学会了做饭
2020-04-09,当时正值春运，还没发出封城禁令
2020-04-09,致敬
2020-04-09,大家惜命，也是对别人负责
2020-04-09,湖北人民辛苦了
2020-04-09,智贤姐自己人
2020-04-09,我超乖的
2020-04-09,哈哈哈，大家都很乖啊
2020-04-09,智贤太棒了
2020-04-09,不愿装睡的人
2020-04-09,中国牛逼！祖国万岁！
2020-04-09,也是因为中国人知道这时候待在家里可以救全国
2020-04-09,武汉是副省级行政市
2020-04-09,差不多差不多武汉是副省级
2020-04-09,台湾最清醒的姐姐
2020-04-09,哈哈，还能上课学习
2020-04-09,来哔站阿
2020-04-09,心寒
2020-04-09,志贤姐nb
2020-04-09,不得人心将不得好死
2020-04-09,在英国，人家搞全民免疫，你惹得起？
2020-04-09,没救到全世界，高贵的西方人看不上我们争取的时间
2020-04-09,小台，继续作
2020-04-09,台湾自欺欺人
2020-04-09,还能在家上网课（滑稽）
2020-04-09,前面还能上课笑死我了
2020-04-09,姐姐挺爱国
2020-04-09,我不自觉地叉腰了
2020-04-09,没有，他们浪费了我们争取的时间
2020-04-09,保护
2020-04-09,这次中国帅呆了！
2020-04-09,没说错啊，省委也在武汉啊
2020-04-09,中国Nb，我爱你
2020-04-09,智贤姐好，大家好！
2020-04-09,蔡视力不好，没办法
2020-04-09,全国封禁
2020-04-09,小区有超市，好几个哈哈哈哈
2020-04-09,最大影响除了胖，办公室女同事几乎全都怀上了……
2020-04-09,如果不封城可能我家这里就是重症区了
2020-04-09,真的是全国上下一盘棋，厉害了
2020-04-09,中国骄傲
2020-04-09,国外不好模仿是因为太多的利益关系打不通
2020-04-09,确实是全国封城了
2020-04-09,夜问打权好像关了
2020-04-09,蛮憨这个词用的好。哈
2020-04-09,姐姐好
2020-04-09,放心，早晚我们把台湾收回来
2020-04-09,本来我们是能救得，但是他们自己想作死
2020-04-09,！
2020-04-09,美团牛逼！
2020-04-09,NB
2020-04-09,中国牛逼
2020-04-09,这次太牛逼了，要是紧急全国作战总动员，那会是什么情行？
2020-04-09,铁憨憨
2020-04-09,老百姓不是乖是守卫一个家国之大家
2020-04-09,本来也没啥必要出去
2020-04-09,本来也没啥必要出去
2020-04-09,本
2020-04-09,保护
2020-04-09,中国加油
2020-04-09,喜欢她
2020-04-09,优不优秀，全靠同行
2020-04-09,过奖了，过奖了，全靠同行陪衬
2020-04-09,政府强大，中国强大
2020-04-09,那个去看外公。被骂走，然后丢下来个红包和一袋口罩的。。。
2020-04-09,那个憨憨
2020-04-09,我们真的是单纯怕死
2020-04-09,泪流满面
2020-04-09,101大楼我上过
2020-04-09,铁憨憨
2020-04-09,是呀，才发现咱们中国十多亿人口呀
2020-04-09,开头好评
2020-04-09,智贤姐加油，讲的好！
2020-04-09,红色不能断
2020-04-09,智贤姐姐
2020-04-09,智贤姐老绿营
2020-04-09,我宁愿战死不愿病死懂
2020-04-09,我甚至胖了哈哈哈哈哈哈
2020-04-09,我骄傲，我一直待在家里
2020-04-09,保护
2020-04-09,我胖了
2020-04-09,是武汉市委！！！
2020-04-09,泪目
2020-04-09,泪目
2020-04-09,这么一说太了不起了！
2020-04-09,保护
2020-04-09,以前是本能的很爱中国，现在更爱了，感觉也更具体了
2020-04-09,武汉人民是真的英雄
2020-04-09,交通枢纽
2020-04-09,我们也有做的不好的地方
2020-04-09,说胖十斤的等等我
2020-04-09,厉害我的国
2020-04-09,蛮憨？学习了学习了
2020-04-09,那个憨比
2020-04-09,hhh我怂怕死
2020-04-09,想想真的不容易
2020-04-09,病疫情期间，我们家还会隔几天就出去买个菜
2020-04-09,中国加油中国万岁
2020-04-09,真的是尽力在争取时间，可惜很多国家没有珍惜
2020-04-09,明白人
2020-04-09,赞赞赞
2020-04-09,赞赞赞
2020-04-09,智贤姐姐
2020-04-09,物理解决
2020-04-09,五星红旗迎风飘扬
2020-04-09,中国加油
2020-04-09,加油
2020-04-09,辛苦了
2020-04-09,加油
2020-04-09,中国加油
2020-04-09,交给你们了
2020-04-09,不，他们每个人都是主角
2020-04-09,中国加油！
2020-04-09,加油
2020-04-09,中国人！！
2020-04-09,md眼里进砖头了
2020-04-09,你币有了
2020-04-09,哭了
2020-04-09,你们辛苦了
2020-04-09,一切都会好的
2020-04-09,加油加油！！！
2020-04-09,武汉加油
2020-04-09,加油
2020-04-09,中国加油
2020-04-09,加油
2020-04-09,：好可爱！这个小朋友，但是也很难过！
2020-04-09,致敬！
2020-04-09,碗里的卤粉不香了
2020-04-09,中国人
2020-04-09,加油
2020-04-09,中国加油，武汉加油！
2020-04-09,加油
2020-04-09,加油
2020-04-09,Nbnb
2020-04-09,中國加油
2020-04-09,中国人
2020-04-09,中国加油
2020-04-09,泪目
2020-04-09,中国加油
2020-04-09,武汉加油，中国加油
2020-04-09,加油
2020-04-09,中国加油
2020-04-09,武汉加油
2020-04-09,加油
2020-04-09,武汉加油
2020-04-09,致敬我们的英雄
2020-04-09,中国加油！
2020-04-09,加油加油加油加油加油加油加油加油加油加油加油加油加油加油加油加油加油加油加油加油加油加油加油加油加油加油加油加油加油加油加油加油加油加油加油加油加油加油加油加油加油加油加油加油加油加油加油加油加油加油
2020-04-09,致敬
2020-04-09,国家兴亡匹夫有责
2020-04-09,国家兴亡匹夫有责
2020-04-09,国家兴亡匹夫有责
2020-04-09,加油
2020-04-09,传销那个
2020-04-09,中国人！！！加油
2020-04-09,中国加油！
2020-04-09,国有战召必回战必胜
2020-04-09,中国加油
2020-04-09,辛苦了
2020-04-09,中国加油！！！！！！
2020-04-09,加油
2020-04-09,泪目
2020-04-09,河南核能
2020-04-09,中国加油
2020-04-09,加油！
2020-04-09,中国人，加油！！
2020-04-09,加油！！！！！
2020-04-09,中国加油!!!!!!
2020-04-09,中国加油
2020-04-09,加油
2020-04-09,加油
2020-04-09,风有点大
2020-04-09,加油
2020-04-09,给我哭
2020-04-09,中国人！！
2020-04-09,中国人
2020-04-09,中国加油
2020-04-09,感谢
2020-04-09,人都需要互相关怀，体谅
2020-04-09,致敬
2020-04-09,加油中国，我爱你中国
2020-04-09,加油中国
2020-04-09,中国加油
2020-04-09,中国加油！！！
2020-04-09,此生无悔入华夏
2020-04-09,中国NB！（破音）
2020-04-09,加油
2020-04-09,中国人
2020-04-09,岂曰无衣，与子同袍
2020-04-09,中国加油
2020-04-09,中国人
2020-04-09,武汉加油！
2020-04-09,中国加油！！！！
2020-04-09,中国加油！
2020-04-09,看一遍哭一遍
2020-04-09,中国加油
2020-04-09,加油
2020-04-09,中国加油
2020-04-09,加油中国
2020-04-09,加油
2020-04-09,今天
2020-04-09,加油
2020-04-09,致敬
2020-04-09,加油
2020-04-09,中国加油！
2020-04-09,中国人
2020-04-09,加油，中国加油！！！！
2020-04-09,加油
2020-04-09,中国加油
2020-04-09,中国加油
2020-04-09,中国加油，武汉加油
2020-04-09,此生不悔我是中国人！
2020-04-09,眼泪不值钱的，那就流下吧。。
2020-04-09,加油！！
2020-04-09,加油！！！！！！！
2020-04-09,中国加油！！！！
2020-04-09,太温暖了
2020-04-09,加油
2020-04-09,生为华夏，我很自豪
2020-04-09,他们每个人都是主角
2020-04-09,回不去的路过
2020-04-09,我哭了
2020-04-09,567
2020-04-09,你贵姓啊？中国人
2020-04-09,加油
2020-04-09,中国加油
2020-04-09,泪目
2020-04-09,加油
2020-04-09,我为身为中国人而自豪！
2020-04-09,币给你了
2020-04-09,谢谢你们辛苦了
2020-04-09,就这？活该你们一生平安
2020-04-09,中国加油
2020-04-09,泪目
2020-04-09,我哭了！
2020-04-09,中国人加油
2020-04-09,泪目
2020-04-09,泪目
2020-04-09,泪目
2020-04-09,加油加油！！！！
2020-04-09,武汉加油！
2020-04-09,中国加油！
2020-04-09,中国加油
2020-04-09,前面那个眼泪冻住的
2020-04-09,此生无悔入华夏
2020-04-09,中国必将崛起
2020-04-09,武汉加油！中国加油！
2020-04-09,武汉加油，中国加油！
2020-04-09,我好幸福呀！
2020-04-09,把爷整哭了
2020-04-09,中国加油
2020-04-09,中国加油！
2020-04-09,中国人
2020-04-09,团结的中国人真的很无敌
2020-04-09,加油
2020-04-09,泪目
2020-04-09,加油中国
2020-04-09,中国加油
2020-04-09,中国加油
2020-04-09,中国人！！！！！！
2020-04-09,泪目
2020-04-09,想到小时候我爸办案子一个月。不回家，跟爸爸玩当时可能是最快乐的事了
2020-04-09,黑龙江齐齐哈尔
2020-04-09,加油
2020-04-09,中国人！！！！
2020-04-09,加油
2020-04-09,加油
2020-04-09,加油！！！
2020-04-09,中国加油武汉加油！
2020-04-09,眼里进沙尘暴了
2020-04-09,泪目
2020-04-09,中国加油
2020-04-09,岂曰无衣，与子同袍
2020-04-09,泪目
2020-04-09,中国人
2020-04-09,看了十秒就哭了..我的天
2020-04-09,加油
2020-04-09,加油
2020-04-09,中国加油！
2020-04-09,加油，为民族崛起而努力奋斗
2020-04-09,岂曰无衣，与子同袍
2020-04-09,心痛
2020-04-09,这个击掌
2020-04-09,此生无悔入华夏
2020-04-09,中国人
2020-04-09,重来就没有什么救世主
2020-04-09,谢谢你们啊！！！
2020-04-09,配音好棒
2020-04-09,哭了
2020-04-09,真棒
2020-04-09,中国加油
2020-04-09,加油
2020-04-09,加油
2020-04-09,辛苦了
2020-04-09,中国加油，武汉加油！
2020-04-09,你贵姓啊！中国人!
2020-04-09,希望复工之后，大家能放下对湖北的偏见，真的践行武汉加油，中国加油
2020-04-09,因为我是中国人
2020-04-09,泪目！加油
2020-04-09,如果奇迹有颜色，那一定是红色
2020-04-09,加油
2020-04-09,致敬英雄！
2020-04-09,中国加油
2020-04-09,英雄加油
2020-04-09,姐姐好漂亮，
2020-04-09,中国人
2020-04-09,泪目
2020-04-09,其实除了医护，还有很多一线的战士一样可爱，包括保安
2020-04-09,加油
2020-04-09,泪目
2020-04-09,中国加油
2020-04-09,中国万岁
2020-04-09,加油！
2020-04-09,中国加油
2020-04-09,发xswl那个有病？？
2020-04-09,加油！武汉加油！中国加油！
2020-04-09,泪目
2020-04-09,辛苦了
2020-04-09,谢谢你们
2020-04-09,中国人！！！
2020-04-09,中国加油！
2020-04-09,武汉加油
2020-04-09,中国加油
2020-04-09,加油
2020-04-09,中国加油
2020-04-09,致敬英雄
2020-04-09,加油，我的武汉好了
2020-04-09,英雄也是普通人，但是责任让他们站到了一线
2020-04-09,加油
2020-04-09,武汉解封了！
2020-04-09,武汉解封了
2020-04-09,加油
2020-04-09,卧槽！老哥帅的一批啊！
2020-04-09,武汉加油，中国加油
2020-04-09,声音好像jonyj
2020-04-09,中国加油！
2020-04-09,泪目了
2020-04-09,我爱你们
2020-04-09,中国加油
2020-04-09,中国加油，武汉加油！！！！
2020-04-09,中国加油
2020-04-09,加油
2020-04-09,中国人
2020-04-09,泪目
2020-04-09,泪目
2020-04-09,爱我中华
2020-04-09,武汉加油！
2020-04-09,加油
2020-04-09,中国万岁
2020-04-09,多难兴邦
2020-04-09,加油
2020-04-09,泪目了
2020-04-09,人民万岁！！！
2020-04-09,最好的中国人民
2020-04-09,中国人最棒
2020-04-09,加油
2020-04-09,辛苦了
2020-04-09,加油
2020-04-09,中国加油
2020-04-09,中国加油，武汉加油
2020-04-09,泪目！！？
2020-04-09,哭了！中国人，加油！
2020-04-09,中国人
2020-04-09,这次战役，好好好多人
2020-04-09,中国加油
2020-04-09,加油！加油！
2020-04-09,泪目
2020-04-09,此生无悔入华夏
2020-04-09,我真哭了
2020-04-09,泪目，我也是他们中的一员
2020-04-09,泪目，身在中国，作为中国人，我很幸福
2020-04-09,中国加油
2020-04-09,岂曰无衣，与子同袍
2020-04-09,武汉加油！中国加油！
2020-04-09,中国必胜！
2020-04-09,加油
2020-04-09,没有什么可以击倒中华民族！
2020-04-09,我爱中国中国加油
2020-04-09,中国加油
2020-04-09,中国加油
2020-04-09,中国人！！！
2020-04-09,中国加油，武汉加油！
2020-04-09,一定要平安回家！
2020-04-09,奥利给，干它
2020-04-09,加油！
2020-04-09,为什么币只能投一个啊啊啊
2020-04-09,眼睛进砖头了
2020-04-09,茂名加油
2020-04-09,眼睛里头有石头
2020-04-09,加油
2020-04-09,中国加油武汉加油
2020-04-09,加油！
2020-04-09,中国人！
2020-04-09,谢谢
2020-04-09,此生无悔入华夏
2020-04-09,加油
2020-04-09,加油
2020-04-09,加油
2020-04-09,谢谢
2020-04-09,fulan到
2020-04-09,眼睛进地球了
2020-04-09,川建国同学可以过来学习下
2020-04-09,加油
2020-04-09,中国加油
2020-04-09,致敬
2020-04-09,中国加油，中国必胜
2020-04-09,爱我中华
2020-04-09,爱我中华
2020-04-09,我不太想回家
2020-04-09,凡毁灭不叫我的，必将使我更强大
2020-04-09,中国牛逼
2020-04-09,中国加油
2020-04-09,中国加油
2020-04-09,中国加油！
2020-04-09,泪目，感动中国人！
2020-04-09,泪目
2020-04-09,加油啊！！辛苦了！！
2020-04-09,中国人
2020-04-09,加油
2020-04-09,中国人
2020-04-09,加油
2020-04-09,谢谢
2020-04-09,加油
2020-04-09,加油
2020-04-09,加油
2020-04-09,真的哭了
2020-04-09,加油
2020-04-09,中华人民共和国万岁，中国人民万岁。
2020-04-09,我姓中国
2020-04-09,武汉加油！！！中国加油！！！
2020-04-09,武汉加油！！！祖国加油！！！
2020-04-09,一名监狱民警路过……
2020-04-09,一名监狱警察路过……
2020-04-09,武汉加油！中国加油！世界加油！
2020-04-09,我对我曾经白嫖的念头感到羞愧
2020-04-09,中国人
2020-04-09,中国人
2020-04-09,这盛世如你所愿，却未有人归
2020-04-09,中国加油
2020-04-09,为中国点赞
2020-04-09,中国加油
2020-04-09,加油
2020-04-09,加油
2020-04-09,中国人！！
2020-04-09,果然年纪大了吗
2020-04-09,加油！
2020-04-09,中国nb
2020-04-09,团支书报道
2020-04-09,中国加油
2020-04-09,中国加油
2020-04-09,加油加油加油
2020-04-09,中国加油
2020-04-09,中国人
2020-04-09,中国人
2020-04-09,中国人
2020-04-09,中国人
2020-04-09,中国人
2020-04-09,中国人
2020-04-09,加油
2020-04-09,加油加油加油加油加油加油加油加油加油加油加油加油加油加油加油加油加油加油加油加油加油加油加油
2020-04-09,英雄
2020-04-09,中国加油
2020-04-09,中国人！！！！！
2020-04-09,碰拳那两位，仔细看手并没有碰到，为了不接触
2020-04-09,你们辛苦了，谢谢你们！
2020-04-09,泪奔。。
2020-04-09,因为我们是湖北人她两个月一直在办公
2020-04-09,我的母亲就是这次战役中的一员
2020-04-09,中国人
2020-04-09,加油
2020-04-09,中国人
2020-04-09,加油
2020-04-09,中国人
2020-04-09,武汉加油！中国加油！
2020-04-09,中国加油
2020-04-09,泪目
2020-04-09,致敬！
2020-04-09,加油
2020-04-09,中国加油
2020-04-09,原来，中国从来都不是我想的那样是一个残酷的社会
2020-04-09,加油
2020-04-09,眼里进龙卷风了
2020-04-09,中国加油
2020-04-09,武汉加油
2020-04-09,加油
2020-04-09,中国人
2020-04-09,中国人
2020-04-09,加油
2020-04-09,中国加油
2020-04-09,中国加油
2020-04-09,武汉加油，中国加油
2020-04-09,中国加油
2020-04-09,中国加油
2020-04-09,太棒可
2020-04-09,眼睛进砖头了
2020-04-09,中国万岁，英雄永恒
2020-04-09,想哭
2020-04-09,啊啊啊，想哭了
2020-04-09,你们是最好的，值得最好的
2020-04-09,啊，想哭
2020-04-09,英雄！！！
2020-04-09,难过，英雄们都要好好的
2020-04-09,中国加油！！！！！！！！！！！！
2020-04-09,岂曰无衣，与子同袍！
2020-04-09,看不下去了。哭了
2020-04-09,我感觉你是那个演传销被抓的视频的那个传销头子
2020-04-09,加油！
2020-04-09,哭了
2020-04-09,眼里进石头了
2020-04-09,中国加油
2020-04-09,武汉加油
2020-04-09,我一下子哭出来了
2020-04-09,家有
2020-04-09,哎中国精神
2020-04-09,中国加油武汉加油
2020-04-09,沙子里进眼睛了
2020-04-09,中国加油
2020-04-09,泪目
2020-04-09,加油
2020-04-09,泪目
2020-04-09,都给我哭
2020-04-09,加油
2020-04-09,你贵姓啊？中国人！！！！
2020-04-09,我是中国人
2020-04-09,武汉加油中国加油
2020-04-09,中国加油！
2020-04-09,时代的英雄
2020-04-09,加油
2020-04-09,加油！！
2020-04-09,初次见面的老朋友是什么鬼？
2020-04-09,中国加油！
2020-04-09,活该你一生平安。
2020-04-09,加油
2020-04-09,中国加油！！！
2020-04-09,加油
2020-04-09,这次一定
2020-04-09,祖国加油
2020-04-09,加油！！！
2020-04-09,碰拳好帅
2020-04-09,中国人
2020-04-09,加油
2020-04-09,泪目
2020-04-09,中国加油
2020-04-09,加油
2020-04-09,加油
2020-04-09,中国加油！
2020-04-09,加油加油加油
2020-04-09,加油
2020-04-09,加油
2020-04-09,荣昌啊啊啊啊啊啊啊啊！！！！！
2020-04-09,加油中国
2020-04-09,加油
2020-04-09,武汉加油！中国加油！
2020-04-09,中国加油，武汉加油！
2020-04-09,我爱中国中国加油，
2020-04-09,哭了
2020-04-09,主角
2020-04-09,辛苦了
2020-04-09,中国加油
2020-04-09,不要用手擦眼泪啊啊啊
2020-04-09,加油加油！！！！！
2020-04-09,加油。加油
2020-04-09,我不行了眼睛里进泥石流了
2020-04-09,惊现家乡！
2020-04-09,当灾难来临，民族团结是那么的伟大！祖国万岁！英雄万岁！
2020-04-09,加油，英雄
2020-04-09,加油
2020-04-09,中国人
2020-04-09,中国加油！！
2020-04-09,加油加油！
2020-04-09,国人加油！！我们是最棒的！！
2020-04-09,岂曰无衣与子同袍
2020-04-09,加油加油
2020-04-09,英雄加油
2020-04-09,中国加油
2020-04-09,中国加油！！！武汉加油！！！
2020-04-09,中国加油！
2020-04-09,中国加油
2020-04-09,中国人
2020-04-09,中国加油
2020-04-09,加油
2020-04-09,都给我哭
2020-04-09,眼睛里进口罩了
2020-04-09,此生无悔入华夏
2020-04-09,加油
2020-04-09,加油
2020-04-09,加油
2020-04-09,加油
2020-04-09,中国人民永远团结
2020-04-09,湖南团团
2020-04-09,哎呀！砖头里面进眼睛了
2020-04-09,中国加油
2020-04-09,中国加油！
2020-04-09,泪目
2020-04-09,泪目泪目
2020-04-09,加油
2020-04-09,胜利属于我们，祖国万岁
2020-04-09,加油！！！
2020-04-09,中国加油
2020-04-09,中国因有你们而强大。
2020-04-09,加油
2020-04-09,和五六七神似，
2020-04-09,Bgm:Chasingcars
2020-04-09,中国人
2020-04-09,今生不悔入华夏，来世还做中国人
2020-04-09,梧州
2020-04-09,武汉加油！中国加油！
2020-04-09,武汉加油！中国加油！
2020-04-09,中国加油！
2020-04-09,中国加油！
2020-04-09,眼睛进砖头了
2020-04-09,加油
2020-04-09,加油
2020-04-09,真看不了这种
2020-04-09,中国加油！
2020-04-09,泪目
2020-04-09,一个月了我也想家了
2020-04-09,加油
2020-04-09,加油
2020-04-09,你们最帅
2020-04-09,中国加油
2020-04-09,加油加油
2020-04-09,中国加油，中国是最棒的
2020-04-09,中国人！
2020-04-09,泪目，加油，所有中国人！
2020-04-09,真的哭了
2020-04-09,平凡而伟大的人们
2020-04-09,中国加油！武汉加油！
2020-04-09,中国加油
2020-04-09,加油
2020-04-09,岂曰无衣？与子同袍！
2020-04-09,今天3月19日中国的疫情已经被控制下来了
2020-04-09,看的我肾上腺激素飙升
2020-04-09,加油。
2020-04-09,中国加油
2020-04-09,保护好自己
2020-04-09,加油啊啊啊啊啊啊啊
2020-04-09,泪目
2020-04-09,泪目
2020-04-09,加油
2020-04-09,泪目
2020-04-09,不允许任何人诋毁这个保护着我的国家！！
2020-04-09,中国加油
2020-04-09,谢谢谢谢谢谢
2020-04-09,中国加油
2020-04-09,中国加油，谢谢有你们
2020-04-09,加油啊加油啊
2020-04-09,他们不只是一个人，是千千万万个……
2020-04-09,就是封面图的途乐啊
2020-04-09,加油
2020-04-09,岂曰无衣，与子同袍
2020-04-09,要骂就骂吃蝙蝠的咯
2020-04-09,卧槽老家官方关注了
2020-04-09,加油，泪目
2020-04-09,加油
2020-04-09,致敬
2020-04-09,中国加油
2020-04-09,眼睛眼睛里进砖头了
2020-04-09,中国人！
2020-04-09,中国加油
2020-04-09,中国加油
2020-04-09,岂曰无衣，与子同袍
2020-04-09,中国加油！中国必胜！
2020-04-09,猛男落泪都给我哭
2020-04-09,加油！！
2020-04-09,泪目
2020-04-09,中国加油
2020-04-09,中国加油
2020-04-09,加油
2020-04-09,加油中国
2020-04-09,进沙子了
2020-04-09,啊啊啊啊哭了
2020-04-09,中国加油
2020-04-09,中国牛逼
2020-04-09,这个中国人差点把眼泪弄出来
2020-04-09,中国加油＾０＾~
2020-04-09,加油！
2020-04-09,谢谢你们！！！
2020-04-09,中国人一说出来，我眼泪瞬间下来了
2020-04-09,泪目！！
2020-04-09,兄弟们把泪目
2020-04-09,位卑未敢忘忧国
2020-04-09,中国加油
2020-04-09,中国加油！
2020-04-09,中国加油
2020-04-09,中国加油武汉加油！
2020-04-09,中国加油
2020-04-09,加油
2020-04-09,我没哭只是眼里进沙子了
2020-04-09,加油
2020-04-09,祖国万岁
2020-04-09,中国加油
2020-04-09,哭的稀里哗啦
2020-04-09,中國加油
2020-04-09,真哭了
2020-04-09,我很自豪因为我是中国人
2020-04-09,每个人都是主角
2020-04-09,徐州市公安局!我爸爸在那!爸爸加油！
2020-04-09,中国人
2020-04-09,中国人
2020-04-09,中国人
2020-04-09,中国人
2020-04-09,中国人
2020-04-09,中国人
2020-04-09,中国人
2020-04-09,中国人
2020-04-09,中国人
2020-04-09,中国人
2020-04-09,中国人
2020-04-09,中国人
2020-04-09,中国人
2020-04-09,中国人
2020-04-09,中国人
2020-04-09,中国人
2020-04-09,中国人
2020-04-09,中国人
2020-04-09,中国人
2020-04-09,中国人
2020-04-09,中国人
2020-04-09,中国人
2020-04-09,中国人
2020-04-09,中国人
2020-04-09,中国人
2020-04-09,中国人
2020-04-09,谢谢你们
2020-04-09,中国人！！！！！
2020-04-09,怎么只能投一个币啊
2020-04-09,中国加油武汉加油！
2020-04-09,加油
2020-04-09,中国加油！
2020-04-09,中国加油
2020-04-09,加油！！！！2
2020-04-09,加油
2020-04-09,中国加油！
2020-04-09,泪奔
2020-04-09,我手机怎么有洋葱
2020-04-09,宇宙进眼睛了
2020-04-09,加油！
2020-04-09,加油！！！
2020-04-09,武汉加油，中国加油！
2020-04-09,泪目
2020-04-09,我希望那个碰拳
2020-04-09,喜欢
2020-04-09,一方有难，八方支援，这就是中国人。
2020-04-09,他们就是英雄
2020-04-09,加油
2020-04-09,加油加油，致敬英雄
2020-04-09,中国加油！
2020-04-09,湖南两个字，先关注了
2020-04-09,胜！胜！胜！
2020-04-09,英雄
2020-04-09,致敬
2020-04-09,中国加油
2020-04-09,中国加油
2020-04-09,武汉雄起
2020-04-09,！！！
2020-04-09,中国加油
2020-04-09,中国必胜！！！
2020-04-09,辛苦了真的辛苦了唉
2020-04-09,你们才是英雄
2020-04-09,太心疼了
2020-04-09,中国加油！武汉加油！
2020-04-09,加油
2020-04-09,加油啊啊啊啊啊！！！我爱你们！
2020-04-09,谢谢你们
2020-04-09,对一个父亲的灵魂暴击瞬间泪目啊
2020-04-09,中华人民共和国万岁!!!
2020-04-09,加油
2020-04-09,泪目，加油
2020-04-09,祖国万岁
2020-04-09,我记得这个声音!传销哥!
2020-04-09,给英雄以时代，而不是给时代以英雄，致敬每一位平凡的时代英雄。
2020-04-09,中国加油！！
2020-04-09,中国加油！武汉加油！
2020-04-09,不负华夏人
2020-04-09,加油＾０＾~
2020-04-09,中国加油！！！
2020-04-09,中国加油
2020-04-09,眼里进砖头
2020-04-09,加油
2020-04-09,加油
2020-04-09,中国加油
2020-04-09,加油
2020-04-09,加油
2020-04-09,加油
2020-04-09,中国人！
2020-04-09,武汉加油，中国加油
2020-04-09,泪目
2020-04-09,加油
2020-04-09,甘肃加油，中国加油
2020-04-09,中国加油
2020-04-09,加油武汉
2020-04-09,国士无双
2020-04-09,加油武汉
2020-04-09,中国加油！！！武汉加油！！！
2020-04-09,中国人！
2020-04-09,加油
2020-04-09,中国加油
2020-04-09,武汉加油
2020-04-09,人民万岁！
2020-04-09,我在铁路上班，这么长时间我也没回家。我想回家
2020-04-09,年纪大了，看不了这个
2020-04-09,这一句中国人一下子眼泪就下来了
2020-04-09,泪流满面
2020-04-09,致敬
2020-04-09,碰拳！
2020-04-09,团结！
2020-04-09,欢迎回家
2020-04-09,泪目
2020-04-09,泪目
2020-04-09,向英雄致敬！！！
2020-04-09,此生无悔入华夏，来世愿生种花家
2020-04-09,我爱你中华
2020-04-09,加油，会过去的
2020-04-09,我爱中华
2020-04-09,泪目
2020-04-09,加油
2020-04-09,岂曰无衣，与子同袍
2020-04-09,泪奔
2020-04-09,泪目
2020-04-09,不敢看了，眼睛哭肿了
2020-04-09,哇还帅
2020-04-09,中国加油
2020-04-09,泪目
2020-04-09,我们会来到更美好的未来，祖国加油！华夏加油
2020-04-09,相信武汉，相信中国，相信世界
2020-04-09,中国加油
2020-04-09,加油
2020-04-09,加油
2020-04-09,武汉加油
2020-04-09,加油
2020-04-09,致敬
2020-04-09,中国加油
2020-04-09,cashingcar
2020-04-09,加油
2020-04-09,加油
2020-04-09,泪目
2020-04-09,中国加油
2020-04-09,这up声音，好像一个传销视频的头头。
2020-04-09,加油！！中国
2020-04-09,中国加油！！！
2020-04-09,你们辛苦了！
2020-04-09,这辈子运气用投胎到中国上了
2020-04-09,中国加油，武汉加油！
2020-04-09,泪目
2020-04-09,我是中国人
2020-04-09,中华民族伟大复兴必将实现
2020-04-09,眼睛进石头了
2020-04-09,加油
2020-04-09,他们是真正的英雄。
2020-04-09,一大男生，真泪目了
2020-04-09,泪目
2020-04-09,泪目
2020-04-09,泪目
2020-04-09,泪目
2020-04-09,泪目
2020-04-09,泪目
2020-04-09,泪目
2020-04-09,泪目
2020-04-09,泪目
2020-04-09,泪目
2020-04-09,中国人
2020-04-09,哭了T﹏T
2020-04-09,加油加油加油加油加油加油加油加油加油
2020-04-09,中国加油
2020-04-09,加油！
2020-04-09,中国加油！
2020-04-09,泪目，中国加油！
2020-04-09,武汉加油中国加油！
2020-04-09,加油
2020-04-09,加油
2020-04-09,一起加油！！！
2020-04-09,中国加油！中国万岁！
2020-04-09,武汉加油，中国加油
2020-04-09,中国加油
2020-04-09,中国加油，武汉加油
2020-04-09,中国加油，武汉加油
2020-04-09,中国加油，武汉加油
2020-04-09,加油
2020-04-09,加油
2020-04-09,中国加油
2020-04-09,加油
2020-04-09,中国加油
2020-04-09,武汉加油
2020-04-09,中国加油！
2020-04-09,中国加油
2020-04-09,加油
2020-04-09,中国加油
2020-04-09,加油
2020-04-09,中国加油，武汉加油！
2020-04-09,云阳！！
2020-04-09,中国加油！
2020-04-09,加油
2020-04-09,中国加油
2020-04-09,加油！
2020-04-09,泪目
2020-04-09,帅帅帅
2020-04-09,安全回家！
2020-04-09,我们要坚强啊，我们可以的
2020-04-09,你们也要保护好自己啊
2020-04-09,中国加油
2020-04-09,一定原样还给你！
2020-04-09,加油！！
2020-04-09,加油武汉，加油中国
2020-04-09,加油！！！
2020-04-09,加油
2020-04-09,泪目
2020-04-09,加油
2020-04-09,加油
2020-04-09,泪目
2020-04-09,加油
2020-04-09,泪目
2020-04-09,中国加油
2020-04-09,中国加油
2020-04-09,中国加油
2020-04-09,泪目
2020-04-09,奥利给
2020-04-09,中国加油！
2020-04-09,加油
2020-04-09,加油！！！
2020-04-09,中国加油
2020-04-09,中国加油
2020-04-09,加油！
2020-04-09,武汉加油，中国加油
2020-04-09,武汉加油
2020-04-09,武汉加油，中国加油！
2020-04-09,加油
2020-04-09,中国人
2020-04-09,加油武汉，加油中国
2020-04-09,中国加油
2020-04-09,加油
2020-04-09,泪目
2020-04-09,这谁顶得住啊
2020-04-09,加油！！！中国！！加油！！！武汉！！！！
2020-04-09,加油
2020-04-09,中国加油，武汉加油！
2020-04-09,谢谢你们
2020-04-09,加油
2020-04-09,中国加油
2020-04-09,中国加油武汉加油！
2020-04-09,加油
2020-04-09,给老娘哭
2020-04-09,加油！
2020-04-09,中国加油！武汉加油！
2020-04-09,中国加油！！！！！
2020-04-09,中国人！！！
2020-04-09,飙泪中………
2020-04-09,致敬！
2020-04-09,中国加油！
2020-04-09,中国加油
2020-04-09,岂曰无衣与子同袍
2020-04-09,喜马拉雅山你成功把我弄得又哭又笑
2020-04-09,岂曰无衣，与子同袍
2020-04-09,加油
2020-04-09,chasingcars
2020-04-09,中国加油
2020-04-09,我们是中国人!
2020-04-09,武汉加油
2020-04-09,他们就是主角，闪闪发光
2020-04-09,加油
2020-04-09,武汉加油，中国加油
2020-04-09,都能回家吧
2020-04-09,加油
2020-04-09,加油
2020-04-09,谢谢你们真正的英雄
2020-04-09,多可爱的一个人呐
2020-04-09,我爱你中国
2020-04-09,加油中国
2020-04-09,我爱你中国！
2020-04-09,加油！
2020-04-09,中国加油！！
2020-04-09,加油
2020-04-09,加油
2020-04-09,伟大的渺小
2020-04-09,中国加油！
2020-04-09,加油
2020-04-09,暂停成功
2020-04-09,泪目
2020-04-09,武汉加油！
2020-04-09,加油
2020-04-09,加油！！！
2020-04-09,中国加油！
2020-04-09,中国加油
2020-04-09,哭了
2020-04-09,谢谢你们！
2020-04-09,哭了
2020-04-09,沙子里进眼睛了
2020-04-09,中国加油
2020-04-09,中国加油
2020-04-09,泪目
2020-04-09,武汉加油中国加油！
2020-04-09,中国加油
2020-04-09,中国加油
2020-04-09,加油！
2020-04-09,中国人
2020-04-09,太好哭了！！！555
2020-04-09,山河为咽，青山为证。岂曰无声？河山即名！
2020-04-09,山河为咽，青山为证。岂曰无声？河山即名！
2020-04-09,山河为咽，青山为证。岂曰无声？河山即名！
2020-04-09,祖国加油
2020-04-09,无名的英雄们致敬
2020-04-09,进地球的兄弟等我一哈
2020-04-09,加油
2020-04-09,加油
2020-04-09,我们是！中国人！
2020-04-09,泪目
2020-04-09,中国加油！武汉加油！
2020-04-09,致敬
2020-04-09,加油，你们辛苦了
2020-04-09,中国加油
2020-04-09,中国加油
2020-04-09,加油
2020-04-09,中国加油
2020-04-09,最伟大的普通人
2020-04-09,中国加油，湖北加油，武汉加油
2020-04-09,加油！
2020-04-09,我淦眼睛进砖头了
2020-04-09,加油
2020-04-09,我在看手机，手机是咸的
2020-04-09,我没哭，只是陨石进眼睛了
2020-04-09,我没哭(´;︵;`)
2020-04-09,感动
2020-04-09,加油
2020-04-09,向所以参与抗击疫情的人致敬！！！
2020-04-09,武汉加油！！！
2020-04-09,加油加油加油加油加油加油加油加油加油加油加油加油加油加油加油加油加油加油加油加油加油加油加油加油加油加油加油加油加油加油加油加油加油加油加油加油加油加油加油加油加油加油加油加油加油加油加油加油加油加油
2020-04-09,加油加油加油加油加油加油加油加油加油加油加油加油加油加油加油加油加油加油加油加油加油加油加油加油加油加油加油加油加油加油
2020-04-09,加油加油加油加油加油加油加油加油加油加油加油加油加油加油加油
2020-04-09,加油加油加油加油加油加油加油加油加油加油加油加油加油加油加油加油加油加油加油加油加油加油加油加油加油加油加油加油加油加油加油加油加油加油加油加油加油加油加油加油加油加油加油加油加油加油加油加油加油加油
2020-04-09,这币就是攒不住啊
2020-04-09,中国加油！
2020-04-09,中国冲！
2020-04-09,加油
2020-04-09,中国加油
2020-04-09,中国万岁！！！
2020-04-09,哭了
2020-04-09,感动
2020-04-09,武汉加油
2020-04-09,加油！！！！
2020-04-09,中国加油
2020-04-09,武汉加油
2020-04-09,加油
2020-04-09,加油
2020-04-09,加油
2020-04-09,加油，加油
2020-04-09,加油
2020-04-09,加油中国，加油武汉
2020-04-09,加油
2020-04-09,有些人却回不去了
2020-04-09,武汉加油！
2020-04-09,加油
2020-04-09,中国加油！武汉加油！
2020-04-09,武汉加油！中国加油！
2020-04-09,加油！
2020-04-09,致敬！
2020-04-09,加油
2020-04-09,这些都是中国英雄
2020-04-09,他们就是主角
2020-04-09,中国加油
2020-04-09,中国加油
2020-04-09,隔离让我变成了，大厨师
2020-04-09,中国加油！！！
2020-04-09,我们等你们回家！
2020-04-09,武汉加油！
2020-04-09,中国加油，武汉必胜
2020-04-09,看哭了
2020-04-09,武汉加油
2020-04-09,哭！都给我哭！握草
2020-04-09,中国加油
2020-04-09,中国加油
2020-04-09,武汉加油
2020-04-09,武汉加油，湖北加油！中国加油！
2020-04-09,加油加油加油
2020-04-09,加油加油加油
2020-04-09,岂曰无衣，与子同袍
2020-04-09,中国总是被他们当中最勇敢的人保护得很好
2020-04-09,中国加油
2020-04-09,中国加油
2020-04-09,武汉加油，中国加油
2020-04-09,中国加油
2020-04-09,加油
2020-04-09,中国加油
2020-04-09,武汉加油
2020-04-09,这句话真的
2020-04-09,英雄加油
2020-04-09,武汉牛逼，中国牛逼
2020-04-09,中国最棒
2020-04-09,武汉加油
2020-04-09,加油
2020-04-09,加油
2020-04-09,加油
2020-04-09,中国加油
2020-04-09,武汉加油
2020-04-09,加油
2020-04-09,我有什么资格抱怨天天隔离
2020-04-09,泪目
2020-04-09,致敬
2020-04-09,武汉加油中国加油！
2020-04-09,中国加油加油加油加油加油
2020-04-09,祝福祖国
2020-04-09,武汉加油，中国加油！
2020-04-09,辛苦了，致敬我会好好戴口罩的
2020-04-09,中国人
2020-04-09,泪目
2020-04-09,加油
2020-04-09,保护
2020-04-09,考试
2020-04-09,找老米它不倒抢你？！
2020-04-09,美国都自身难保了
2020-04-09,找中国，只是中国人帮人要求的比较少
2020-04-09,保护
2020-04-09,川建国同志辛苦了
2020-04-09,美国都自身难保了
2020-04-09,不必！！
2020-04-09,河南(幻听)
2020-04-09,很有道理，真正的学者
2020-04-09,你老大哥还在当强盗呢
2020-04-09,说的好，优秀
2020-04-09,保护
2020-04-09,保护
2020-04-09,借您吉言
2020-04-09,生物大战
2020-04-09,秒啊
2020-04-09,中国加油，我永远支持你
2020-04-09,荷兰自生自灭去吧
2020-04-09,MAGA警告
2020-04-09,英国
2020-04-09,保护
2020-04-09,这个你们发挥不出来啊。。。
2020-04-09,天选之子
2020-04-09,因为我们可亲可敬，与人为善。
2020-04-09,保护我方川建国同志
2020-04-09,冲你的标题【台湾省】你币有了
2020-04-09,保护
2020-04-09,精准
2020-04-09,保护
2020-04-09,说得好
2020-04-09,太棒了
2020-04-09,明白人
2020-04-09,大自然
2020-04-09,意呆利
2020-04-09,太直观了太直观了
2020-04-09,保护
2020-04-09,精妙啊
2020-04-09,话糙理不糙。
2020-04-09,哈哈哈哈哈
2020-04-09,哈哈哈哈哈哈哈
2020-04-09,美国欺负弱小，现在大自然来报复了
2020-04-09,米国自己都快完了
2020-04-09,这个也死很多人，但是美帝死更多
2020-04-09,美帝医疗水平NO1，中国NO51，为什么都求中国，而不求美帝？为什么呢？？？
2020-04-09,黑天鹅
2020-04-09,他知道川普。。。哈哈哈
2020-04-09,保护
2020-04-09,老阴阳师了
2020-04-09,保护
2020-04-09,说得好
2020-04-09,在理
2020-04-09,精美震惊
2020-04-09,美帝都是纸老虎
2020-04-09,人性！
2020-04-09,别再说了，给我们战忽局的同志点面子
2020-04-09,河南？
2020-04-09,战忽局的同志们工作不到位啊！
2020-04-09,保护我方川建国
2020-04-09,祖国万岁！
2020-04-09,建国～
2020-04-09,自己都顾及不暇
2020-04-09,美国自身难保
2020-04-09,川普会不会是个精美！！！！！！！我的天呐，，细思极恐
2020-04-09,美国::我这儿一百多个国家的人，我咋支援，我超无奈¬_¬｀¬_¬｀
2020-04-09,美国不是也很严重吗，自己物资都不够
2020-04-09,我国安局已经出动，此人不能留，望战忽局守望相助，配合建国同志
2020-04-09,万胜
2020-04-09,哈哈哈哈
2020-04-09,保护
2020-04-09,来了我来看欧盟国家的超级赛亚人计划了l
2020-04-09,来了我来看欧盟国家的超级赛亚人计划了
2020-04-09,来了我来看欧盟国家的超级赛亚人计划了
2020-04-09,来了我来看欧盟国家的超级赛亚人计划了
2020-04-09,保护
2020-04-09,嗯，明白人
2020-04-09,明白人
2020-04-09,中国大陆！
2020-04-09,马云说：试剂盒不够？我来捐啊
2020-04-09,妙啊
2020-04-09,没人比我更懂病毒
2020-04-09,定体问
2020-04-09,老大哥
2020-04-09,保护
2020-04-09,哈哈
2020-04-09,众所周知，老大哥都是被坑的
2020-04-09,意大利永远站在胜利的一方
2020-04-09,川普也是你叫的吗？搞笑~！
2020-04-09,中国制度的好
2020-04-09,这个观点我还是不是很赞同，应为他们是最严重的一方啊
2020-04-09,中国帮过就翻脸不认人
2020-04-09,不慌
2020-04-09,何其有幸生于华夏
2020-04-09,真的感动
2020-04-09,保护
2020-04-09,保护
2020-04-09,他就是不想做啊
2020-04-09,美国：我tm自顾不暇
2020-04-09,战忽局何在？
2020-04-09,美国优先
2020-04-09,同志啊老大家里失火了
2020-04-09,川普：这就是人生
2020-04-09,为身为中国人而骄傲
2020-04-09,保护
2020-04-09,特离谱
2020-04-09,哈哈哈哈哈哈哈哈哈哈哈哈
2020-04-09,所以他说话
2020-04-09,这也是个考验
2020-04-09,保护
2020-04-09,对
2020-04-09,真实
2020-04-09,美国不行！！
2020-04-09,患难见真情！！
2020-04-09,制度不允许
2020-04-09,川普同志，慌了
2020-04-09,特不靠谱
2020-04-09,中国人民万岁
2020-04-09,实践是检验真理的唯一标准
2020-04-09,实践是检验真理的唯一标准
2020-04-09,保护
2020-04-09,荷兰去死
2020-04-09,荷兰衮淡
2020-04-09,说得好！
2020-04-09,实践是检验真理的唯一标准
2020-04-09,黄智贤夜问节目！
2020-04-09,自顾不暇喽
2020-04-09,川普做不到啊ԅ(¯﹃¯ԅ)
2020-04-09,妙啊
2020-04-09,出水才知两脚泥
2020-04-09,这位教授川普也知道
2020-04-09,川普，我差点笑喷了
2020-04-09,哈哈川普
2020-04-09,一针见血
2020-04-09,当局者迷？
2020-04-09,妙啊
2020-04-09,战忽局呢？？？？
2020-04-09,还望先生救我，老子都自身难保了...滚
2020-04-09,大自然一贯作风就是优胜劣汰！
2020-04-09,美国优先，谁敢和他玩
2020-04-09,稳住别浪
2020-04-09,说得好
2020-04-09,保护
2020-04-09,物竞天择，适者生存？
2020-04-09,红红火火恍恍惚惚
2020-04-09,川建国同志
2020-04-09,老大哥正难受呢
2020-04-09,妙呀
2020-04-09,强盗家遇险了，你会去找强盗头子求援？
2020-04-09,所谓发达国家，只是富人的天堂
2020-04-09,视频来源写错了，是黄智贤夜问
2020-04-09,呵呵，美国…算了吧…不捣乱就算好了
2020-04-09,他们都自顾不暇了
2020-04-09,说得好
2020-04-09,各有各的好处
2020-04-09,今天股票该看了
2020-04-09,说得好q
2020-04-09,保护
2020-04-09,保护
2020-04-09,保护
2020-04-09,说得好！
2020-04-09,说得好！
2020-04-09,说得好！
2020-04-09,说得好！
2020-04-09,说得好！
2020-04-09,说得好！
2020-04-09,说得好！
2020-04-09,说得好！
2020-04-09,说得好！
2020-04-09,说得好！
2020-04-09,说得好！
2020-04-09,说得好！
2020-04-09,说得好！
2020-04-09,说得好！
2020-04-09,黄智贤黄智贤
2020-04-09,是我大中华同胞1
2020-04-09,保护刷屏！
2020-04-09,紧急状态一开我就是最流批的
2020-04-09,纽约州都救不了的川普
2020-04-09,这是友军
2020-04-09,说得好，测试谁有人性
2020-04-09,智贤姐的节目啊
2020-04-09,川普哈哈哈哈
2020-04-09,我的妈呀太明白了
2020-04-09,保护
2020-04-09,好
2020-04-09,向你求助然后还是倒向美国？
2020-04-09,美国泥菩萨过江了
2020-04-09,实践出真知，真的，唉
2020-04-09,小病菌转世界~
2020-04-09,日常拍美国马屁，真出事儿了心里明镜似的该找谁…
2020-04-09,妙啊
2020-04-09,牛逼
2020-04-09,送分题
2020-04-09,事实胜于雄辩
2020-04-09,很直观，可以
2020-04-09,红了
2020-04-09,没有
2020-04-09,因为他们自己顾不过来
2020-04-09,美国第一，MakeAmericaGreatAgain
2020-04-09,走向共和
2020-04-09,智贤姐最近沉迷于吃播
2020-04-09,赞同
2020-04-09,来自四川省的色郎姆值得你享受
2020-04-09,天下大同
2020-04-09,妙啊
2020-04-09,保护友军
2020-04-09,意大利说;老大哥，你把我的物资留下啊！！！
2020-04-09,妙啊
2020-04-09,战忽局工作出现重大纰漏
2020-04-09,这就是我们川建国同志的任务！
2020-04-09,保护
2020-04-09,病毒:我最公平
2020-04-09,什么叫国际大国啊(战术后仰
2020-04-09,友军!是友军!
2020-04-09,友军!是友军
2020-04-09,听自己人而不是外国人夸自己，我就舒坦了
2020-04-09,求也没用，不信去试
2020-04-09,保护
2020-04-09,想分裂自己国家的人才会一直去找美国
2020-04-09,我不做大哥好多年
2020-04-09,什么叫好什么叫坏啊？
2020-04-09,人类命运共同体
2020-04-09,保护
2020-04-09,保护，自己人
2020-04-09,句句实话
2020-04-09,说的对
2020-04-09,保护
2020-04-09,保护
2020-04-09,没人别我更了解
2020-04-09,说的好
2020-04-09,因为欠钱都是祖宗
2020-04-09,友军啊
2020-04-09,保护
2020-04-09,保护
2020-04-09,←听听你自己的话...能不能维持不就是好不好吗..看的是衡量的标准
2020-04-09,？？？
2020-04-09,哈哈哈哈哈哈哈哈哈哈哈哈哈哈或或或或或
2020-04-09,保护
2020-04-09,lyq不要吃鸡了
2020-04-09,明白人
2020-04-09,保护
2020-04-09,川普表示我不听我不听我不听
2020-04-09,保护
2020-04-09,这种老先生越来越少了，他们一去就完了
2020-04-09,供的好
2020-04-09,叶问打拳是亲大陆的
2020-04-09,是骡子是马拉出来遛遛
2020-04-09,啥呀，我工作白做了—战忽局底层员工
2020-04-09,瞎说大实话
2020-04-09,经疫知否泰
2020-04-09,智贤姐节目的嘉宾基本上都是明白人
2020-04-09,是个明白人
2020-04-09,保护
2020-04-09,真在思考的人呀
2020-04-09,判断真理和真性情，就是听其言观其行。如何美化雄辩都是遮蔽一时
2020-04-09,这个是不是阴阳人
2020-04-09,加油小心小人
2020-04-09,川普哈哈哈
2020-04-09,感谢祖国
2020-04-09,过了过了
2020-04-09,保护
2020-04-09,我认为战忽局工作做不到位，此人知道的太多了
2020-04-09,夜问
2020-04-09,节目名称：黄智贤---夜问
2020-04-09,打仗喊我救人算了
2020-04-09,哇，他普通话好好哦
2020-04-09,对哦，这也是场战役。各国都在和病毒战斗，你是选择保护自己的人民还是放弃人民的生命
2020-04-09,他不是不想做他是做不到
2020-04-09,老大哥还指望你们帮忙呢
2020-04-09,中国，稳住，别浪
2020-04-09,夜问打权不是停了吗？
2020-04-09,只有永远的利益啦～
2020-04-09,暗杀名单
2020-04-09,开始了开始了，确实是砖家该说的话。
2020-04-09,谁说没人找，只是找了美国自顾不暇
2020-04-09,虽然病毒也死了人，但是比战争死的少
2020-04-09,战忽局在吗？
2020-04-09,这个节目叫叶问，主持人是黄智贤
2020-04-09,没有白嫖的记住国家的智慧高着呢
2020-04-09,大实话
2020-04-09,乱世彰显国力
2020-04-09,这个台湾人站位还是可以的
2020-04-09,实践是检验真理的唯一标准
2020-04-09,前面那个说各有所长的你是认真的吗？
2020-04-09,你这样让战忽局同志怎么开展工作？！
2020-04-09,荷兰想都别想
2020-04-09,这个说法很新奇啊
2020-04-09,我要这币有啥用
2020-04-09,我要这币有何用
2020-04-09,战忽局呢！出来干活了！
2020-04-09,建国同志也有自己的难处
2020-04-09,保护保护
2020-04-09,优秀
2020-04-09,说的真好
2020-04-09,强制防疫，美国估计要发生枪战了
2020-04-09,资本主义什么嘴脸你心里没点数？
2020-04-09,好活，当赏
2020-04-09,美国都自身难保了么
2020-04-09,好
2020-04-09,保护
2020-04-09,川普同志，保重身体
2020-04-09,大。。。。大。。。。大佬
2020-04-09,说得对
2020-04-09,那可以回归了
2020-04-09,川普是个商人啊……川普怎么会这些
2020-04-09,美国靠不住嘛
2020-04-09,病毒：我真不是这想法
2020-04-09,明白人
2020-04-09,河南也发出求援
2020-04-09,这不是金政委的原话么
2020-04-09,川普：啥？我家股票又熔断啦！！
2020-04-09,川普：我不听，我是对的
2020-04-09,保护
2020-04-09,保护我方
2020-04-09,大哥有大哥样子嘛
2020-04-09,敬畏自然
2020-04-09,大自然厉害
2020-04-09,老大哥军火多
2020-04-09,我们的福建人
2020-04-09,我们的福建人
2020-04-09,党和国家始终把人民的生命安全放在首位的。
2020-04-09,说得好
2020-04-09,因为他们的命脉在美国手上，有哪个国家希望永远做别人的傀儡。没有但是没有办法
2020-04-09,美国优先，病毒终于稳了，哈哈哈哈
2020-04-09,保护我方输出
2020-04-09,美国连自己各州都不管
2020-04-09,这是川普的诡计，哈哈哈哈
2020-04-09,不能留
2020-04-09,祖国万岁
2020-04-09,应该有吧
2020-04-09,奥巴马在就好了。
2020-04-09,说的真好
2020-04-09,川普哈哈哈哈哈哈
2020-04-09,特朗普，没有人比我更懂疫情
2020-04-09,他还知道川普，哈哈哈哈嘎
2020-04-09,实践是检验真理的唯一标准！！！！
2020-04-09,瞎说什么大实话
2020-04-09,百年战忽，毁于一旦
2020-04-09,自顾不暇
2020-04-09,呼吸机
2020-04-09,但是感觉中国好亏啊
2020-04-09,你都讲出来，以前的战忽都白做了
2020-04-09,美国自身难保
2020-04-09,马克思的说实践出真理
2020-04-09,蓝派名嘴还有
2020-04-09,优秀
2020-04-09,表示我们河南没有求助
2020-04-09,保护
2020-04-09,这个川普就很灵性
2020-04-09,说得好！哈哈哈哈哈哈哈哈哈
2020-04-09,中国是冤大头呗
2020-04-09,人jian自有天收
2020-04-09,两镇里
2020-04-09,明白人
2020-04-09,实践是检验真理的唯一标准
2020-04-09,美国现在状况还救的了别人？
2020-04-09,说的太好了
2020-04-09,前面的老哥，我们中国不是包子，只是一直信奉和平相处而已
2020-04-09,因为他们特靠谱
2020-04-09,川普这操作难道是学乾隆?
2020-04-09,你知道得太多了
2020-04-09,修斯底德陷阱是说新崛起大国必将挑战原有大国，带来灾难
2020-04-09,怕被老大哥啃吧哈哈
2020-04-09,保护
2020-04-09,优秀
2020-04-09,保护
2020-04-09,保护保护保护
2020-04-09,找美国，人家会理你吗
2020-04-09,哈哈哈哈好
2020-04-09,哈哈哈哈哈哈
2020-04-09,这人肯定和曾先生是好友
2020-04-09,战忽局人呢?
2020-04-09,有理
2020-04-09,精辟
2020-04-09,wv5;dc
2020-04-09,美国现在大概就是清朝中后期吧
2020-04-09,事实胜于雄辩
2020-04-09,保护
2020-04-09,"这才是专家该说的话，那些""专家“说的都是什么gp？"
2020-04-09,你说得对
2020-04-09,大变局
2020-04-09,保护
2020-04-09,被你发现了
2020-04-09,老特朗普其实真的可能命不久矣怎么办？？？我想看………
2020-04-09,懂太多了
2020-04-09,战忽局：危！
2020-04-09,老大老二，原来我已经是老大了
2020-04-09,这次美国真的做不到，有力使不出
2020-04-09,美国连自己的纽约州都救不了
2020-04-09,保护
2020-04-09,保护
2020-04-09,保护
2020-04-09,大便局？
2020-04-09,妙啊
2020-04-09,保护
2020-04-09,荷兰光刻机想办法卖给中国先
2020-04-09,是个明白人
2020-04-09,支持你
2020-04-09,说的好
2020-04-09,世界工厂在中国找美国没用啊
2020-04-09,冤大头
2020-04-09,保护
2020-04-09,没错
2020-04-09,川普：没有什么好怕的，因为我来啦！
2020-04-09,叶老师
2020-04-09,不是制度的问题，是价值观的问题，尽嘴炮
2020-04-09,推特治国
2020-04-09,友军，实锤
2020-04-09,保护
2020-04-09,因为美国优先啊
2020-04-09,死的人呢
2020-04-09,我是中国人，我骄傲
2020-04-09,你币有了
2020-04-09,有个法老王
2020-04-09,这不是制度，是人品问题
2020-04-09,夜问打权
2020-04-09,哈哈哈哈
2020-04-09,川普~
2020-04-09,说的太好了
2020-04-09,妙啊
2020-04-09,马上分享
2020-04-09,保护
2020-04-09,保护
2020-04-09,叶问打拳？
2020-04-09,美国：我不抢你们的就不错了
2020-04-09,不光是制度，还有文化。
2020-04-09,11111
2020-04-09,讲得好
2020-04-09,讲得好
2020-04-09,讲的好
2020-04-09,赞
2020-04-09,保护
2020-04-09,说的好
2020-04-09,中国np
2020-04-09,中国np
2020-04-09,只是因为我们有口罩而已
2020-04-09,此人是明白人不能留
2020-04-09,此人是明白人得安排呀
2020-04-09,分裂分子整天宣扬反美，唯恐中美关系不乱，唯恐天下不乱！
2020-04-09,天花烂坠
2020-04-09,保护
2020-04-09,真实
2020-04-09,美国自身难保
2020-04-09,泰国把我们援助的口罩卖给美国人了
2020-04-09,此生无悔入华夏
2020-04-09,哈哈哈哈
2020-04-09,是
2020-04-09,不必！
2020-04-09,全球公务员考试
2020-04-09,真实
2020-04-09,患难见真章
2020-04-09,笑死我了
2020-04-09,high哈哈哈哈哈哈
2020-04-09,川普：我有工作就行
2020-04-09,什么叫好啊(战术后仰)
2020-04-09,哈哈哈哈哈哈
2020-04-09,河南发出求援
2020-04-09,癔症哈哈哈哈哈
2020-04-09,保护
2020-04-09,川普，哈哈哈哈哈
2020-04-09,川建国
2020-04-09,说得好！
2020-04-09,前方高能
2020-04-09,美国自己资源都不够
2020-04-09,川普干得漂亮
2020-04-09,实践是检验真理的唯一标准
2020-04-09,实践是检验真理的唯一途径
2020-04-09,患难见真情
2020-04-09,自己人
2020-04-09,从实际出发
2020-04-09,哈哈哈
2020-04-09,大自然的微妙
2020-04-09,说得好
2020-04-09,老大哥：没有人比我更懂人生
2020-04-09,保护
2020-04-09,刀枪不入
2020-04-09,中国大哥的历史常态
2020-04-09,老名嘴了
2020-04-09,保护
2020-04-09,确实厉害啊这个人，羡慕有文化的人！
2020-04-09,美国需要川普
2020-04-09,用事实说话
2020-04-09,因为美国自身难保，开始向全世界求援了
2020-04-09,美国第一
2020-04-09,不找麻烦就好了，还要去找麻烦
2020-04-09,美国是个只收钱的假大哥
2020-04-09,这话说得好
2020-04-09,荷兰？呵呵
2020-04-09,这个也要死很多人
2020-04-09,没事还一堆睁眼瞎就装嗯装
2020-04-09,时间是检验真理的唯一标准
2020-04-09,抽个青年大学习？？
2020-04-09,美国自身难保……
2020-04-09,爱我中华吧川建国
2020-04-09,确实是制度的原因，美国人并不比我们差
2020-04-09,夜问打权是友军
2020-04-09,战忽局的各位，该干活了
2020-04-09,川普，稳住，别浪，我们能赢
2020-04-09,这战忽局的吧
2020-04-09,保护
2020-04-09,推特治国
2020-04-09,说的太棒了!
2020-04-09,就怕援助过后，反过来还要骂中国人，继续和美国站队
2020-04-09,你帮我打他，中国不会打，你的东西给我点，美国不会给，所以和生病去医院，吃饭去饭馆，一个道理。
2020-04-09,借您吉言！！
2020-04-09,夜问打权真的是良心节目
2020-04-09,夜问打权！
2020-04-09,稳住别浪
2020-04-09,实践是检验真理的唯一标准
2020-04-09,大国担当
2020-04-09,哈哈哈哈哈哈哈哈哈哈哈哈
2020-04-09,中国是老大谢谢
2020-04-09,美国崇尚自由哈哈哈哈哈哈自由的得病吧哈哈哈哈
2020-04-09,哈哈哈哈哈哈美国弟弟
2020-04-09,厉害厉害
2020-04-09,保护，真理哥
2020-04-09,没有人比我更了解病毒
2020-04-09,川普：不检测就没有，我过没有感染的
2020-04-09,好了，下次节目不会请你了
2020-04-09,大自然：我是说在座的各位人类都是弟弟
2020-04-09,推特治国不是说说而已的
2020-04-09,美国佬：没拉你下水你偷笑了，还救援
2020-04-09,美国给人一种油头滑脑的感觉，不靠谱。。。
2020-04-09,因为美国已是朝不保夕，自身难保
2020-04-09,说的好
2020-04-09,天佑美国啊
2020-04-09,老大哥现在自身难保。。。
2020-04-09,荷兰拿光刻机来换就好了
2020-04-09,美国自身难保
2020-04-09,独立思考的人真的很厉害！
2020-04-09,台湾是自己的省！！！哪里需要战忽局呢！！！！
2020-04-09,你说了实话
2020-04-09,划重点人性！
2020-04-09,u1s1，qs
2020-04-09,祖国最好
2020-04-09,特没普
2020-04-09,哈哈哈哈角度清奇
2020-04-09,病毒是照妖镜，把人性显露无疑的展现出来了。
2020-04-09,川建国现在还在太空呢……
2020-04-09,病毒:病毒是大家的照妖镜！
2020-04-09,讲得好！
2020-04-09,残酷的资本家，川建国
2020-04-09,检测了也是阴性
2020-04-09,明白什么才叫做简单难度困难难度
2020-04-09,伟大的人道主义精神
2020-04-09,这个就神奇了呀不懂
2020-04-09,明白人
2020-04-09,保护
2020-04-09,真.名嘴
2020-04-09,美帝陨落就差一场疫情
2020-04-09,川普哈哈哈哈
2020-04-09,卧底吧老哥你
2020-04-09,保护
2020-04-09,霉国空气都比咱这甜哦
2020-04-09,特不靠谱别问，:甩锅就对了
2020-04-09,只能说美国是霸权国家，这样污蔑中国，现在当务之急是怎么内部防控和治疗，而不是口头战争
2020-04-09,霉国声援一级棒
2020-04-09,老大哥已经解体了，这个是校霸
2020-04-09,赞
2020-04-09,病毒：原来我只是一个工具人
2020-04-09,“老大哥”他自己不保
2020-04-09,一针见血
2020-04-09,哈哈哈哈哈哈哈哈哈哈哈
2020-04-09,真相了
2020-04-09,这条当地媒体会播吗？
2020-04-09,说得好
2020-04-09,所以只有我们中华文明没有断层，历史很清楚的说明了一切。
2020-04-09,说得好！！
2020-04-09,保护队友
2020-04-09,明末的党争是历史教训
2020-04-09,这个人还在吗
2020-04-09,美国。。。呵呵
2020-04-09,我倒希望祖国不要太善良了...
2020-04-09,制度优势
2020-04-09,推特治国啊
2020-04-09,赢了
2020-04-09,阴性
2020-04-09,超级同意！！！
2020-04-09,厉害厉害哦
2020-04-09,保护
2020-04-09,哈哈哈哈哈哈我要笑死了
2020-04-09,精辟
2020-04-09,没明白人
2020-04-09,保护
2020-04-09,推特治国
2020-04-09,推特治国
2020-04-09,美国不来打你就不错了
2020-04-09,好
2020-04-09,保护
2020-04-09,老大哥吧你呼吸机截了
2020-04-09,老叭叭说中国必掉陷阱，我看还没等掉他们先把自己造完了
2020-04-09,掩耳盗铃
2020-04-09,上帝保佑美国。美国就gg了
2020-04-09,明白人啊
2020-04-09,中国牛叉
2020-04-09,荷兰给我光刻机
2020-04-09,自然选择
2020-04-09,小病毒是大变局
2020-04-09,thebest
2020-04-09,我们都是历史的见证人!
2020-04-09,但美国的各路政客都希望特朗普能动用军队积极响应
2020-04-09,美国想帮助别的国家都被拒绝了
2020-04-09,还是有明白人
2020-04-09,战忽局在那里，这人不能留
2020-04-09,检测剂
2020-04-09,天佑中华，中国万岁
2020-04-09,明白人
2020-04-09,什么都不怕，圣经在手，天下我有？
2020-04-09,推特治国
2020-04-09,实践是检验真理的唯一标准
2020-04-09,老天自有她的安排
2020-04-09,特朗普支持率又涨了
2020-04-09,川普？老大陆人了
2020-04-09,我自豪，我是中国人。
2020-04-09,川普
2020-04-09,直接川普哈哈哈
2020-04-09,荷兰丹麦求援叫他们自己保重吧
2020-04-09,建国同志推特治国没毛病
2020-04-09,因为美国和病毒是一伙儿的
2020-04-09,嘿嘿嘿嘿嘿
2020-04-09,实践是检验真理的唯一标准
2020-04-09,高效的政府
2020-04-09,红红火火恍恍惚惚
2020-04-09,好敢！
2020-04-09,秒啊
2020-04-09,精辟呀
2020-04-09,哈哈哈哈
2020-04-09,美国不是世界警察嘛？美国警察只执法不帮人嘛？
2020-04-09,川普哎呀呀老阴阳人了
2020-04-09,拒绝哦
2020-04-09,说得好
2020-04-09,保护
2020-04-09,保护
2020-04-09,说的好
2020-04-09,中国万岁
2020-04-09,建国同志辛苦了
2020-04-09,这个真的有道理
2020-04-09,哈哈哈哈哈哈哈哈哈
2020-04-09,哈哈哈哈哈
2020-04-09,鼓掌
2020-04-09,打到川普痛点了
2020-04-09,自大到可笑
2020-04-09,保护
2020-04-09,川普，哈哈哈哈哈
2020-04-09,保护
2020-04-09,这是搞意识形态吗？
2020-04-09,实践决定认识
2020-04-09,老大哥自己都快不行了
2020-04-09,不靠谱慌了
2020-04-09,666
2020-04-09,保护
2020-04-09,中国万岁
2020-04-09,现在明白了，哈哈哈！
2020-04-09,好多人聋了
2020-04-09,哈哈哈哈牛逼
2020-04-09,实践是检验真理的唯一标准
2020-04-09,川普
2020-04-09,因为都知道病毒就是美国出来的
2020-04-09,啧啧啧
2020-04-09,中国nb！！！
2020-04-09,战忽局呀
2020-04-09,一开始我是拒绝的
2020-04-09,名嘴
2020-04-09,择其善者而从之，各有优劣
2020-04-09,友军好！！！！！
2020-04-09,保护
2020-04-09,一切从事实出发
2020-04-09,川普23333
2020-04-09,中国，你能帮帮我吗？
2020-04-09,智贤姐的夜问！
2020-04-09,哈哈哈哈哈
2020-04-09,川普。。
2020-04-09,说的太好了
2020-04-09,哈哈哈哈哈
2020-04-09,美国自身难保
2020-04-09,保护
2020-04-09,川普同志身份暴露了？
2020-04-09,工具人
2020-04-09,hhhhh
2020-04-09,战忽局同志把他拖走、先关1999年。
2020-04-09,保护
2020-04-09,保护
2020-04-09,各有所长
2020-04-09,挣钱最重要！其他的少来点！
2020-04-09,川普把国内利益集团都得罪光了，也没钱防疫
2020-04-09,保护
2020-04-09,哈哈哈哈哈哈哈哈哈哈哈哈哈哈哈哈
2020-04-09,川普哈哈
2020-04-09,说的太对了
2020-04-09,说的对中国牛逼
2020-04-09,保护
2020-04-09,是个人都知道推特治国了
2020-04-09,建国同志坚持住阿
2020-04-09,有点过了
2020-04-09,各有所长
2020-04-09,疫症？癔症！
2020-04-09,没事，给美国个面子，咱们三个月治理的差不多，六月底再看看美国
2020-04-09,夜问打权的都是明白人qwq
2020-04-09,上一个找美国帮忙的还在战火纷飞
2020-04-09,川。。。普。。。
2020-04-09,自己人
2020-04-09,这个微妙用的好
2020-04-09,川普哈哈哈
2020-04-09,实践是检验真理的唯一标准
2020-04-09,谁，谁是老二
2020-04-09,前面说美国死亡人数少的笑死了
2020-04-09,中国牛逼
2020-04-09,其实做得到，就是挂着钱
2020-04-09,我听成河南了
2020-04-09,有点脑子的都不会找美国
2020-04-09,河南？？？河南？！？！？！
2020-04-09,我们河南没有！！
2020-04-09,河南没有！！
2020-04-09,哈哈哈哈哈
2020-04-09,自欺欺人画地为牢
2020-04-09,推特治国
2020-04-09,老师给力啊！
2020-04-09,哈哈哈川普一听就是老友军了
2020-04-09,有可能
2020-04-09,保护
2020-04-09,推特治国
2020-04-09,而且美国要回报，中国不会
2020-04-09,美国自己还向韩国要口罩
2020-04-09,美国求助韩国
2020-04-09,保护我方输出
2020-04-09,一开始我是拒绝的
2020-04-09,妙啊
2020-04-09,美国优先
2020-04-09,666
2020-04-09,保护
2020-04-09,说得好！
2020-04-09,川普哈哈哈
2020-04-09,明白人
2020-04-09,因为他们不傻
2020-04-09,Nb
2020-04-09,事实胜于雄辩
2020-04-09,哈哈哈哈哈哈哈哈哈
2020-04-09,哈哈哈哈哈哈哈哈哈哈哈哈哈哈哈
2020-04-09,川普~~~
2020-04-09,保护
2020-04-09,荷兰不能给
2020-04-09,台左
2020-04-09,保护
2020-04-09,建国同志活干得好
2020-04-09,美国找韩国要口罩防护服
2020-04-09,讲得非常好
2020-04-09,明白人
2020-04-09,厉害了
2020-04-09,荷兰人要学会自救自救！
2020-04-09,23333
2020-04-09,说的对，说的好
2020-04-09,保护
2020-04-09,叶委员一直有眼光的
2020-04-09,说的没错
2020-04-09,中国好
2020-04-09,半时没想起川普真名
2020-04-09,大哥是个明白人
2020-04-09,秒啊
2020-04-09,患难见真情
2020-04-09,美国自己都不帮自己的州
2020-04-09,哈哈哈哈
2020-04-09,我给自己打十分
2020-04-09,美国今天找韩国求援了
2020-04-09,因为都知道我国是包子
2020-04-09,保护
2020-04-09,优秀
2020-04-09,保护
2020-04-09,保护
2020-04-09,明白人
2020-04-09,找美国去
2020-04-09,对啊，美国是欧洲老大，去找美国啊
2020-04-09,保护
2020-04-09,有！美国不鸟他！
2020-04-09,哈哈哈哈哈
2020-04-09,河南:？？？
2020-04-09,智贤姐
2020-04-09,在港台地区就翻译成川普
2020-04-09,其实川普挺好的，这套卷子太难了
2020-04-09,中国老好人
2020-04-09,实践是检验认识真理性的唯一标准
2020-04-09,荷兰不给
2020-04-09,对呀，我之前也觉得怎么就百年未见了，以前那么多大事呢
2020-04-09,老美根本不可能帮你们好吗。他们眼里面没有你们
2020-04-09,美国还不扒你几层皮
2020-04-09,实话
2020-04-09,不仅是中国的胜利，还是制度的胜利
2020-04-09,制度不能说好坏吧
2020-04-09,哈哈哈哈哈哈哈哈
2020-04-09,川普他急了急了急了急了急了
2020-04-09,哈哈哈哈哈哈哈哈哈哈哈
2020-04-09,保护明白
2020-04-09,我们有口罩呗
2020-04-09,美国援助了一张大嘴
2020-04-09,推特是啥
2020-04-09,是个明白人！！！
2020-04-09,战争的欺骗性太强，是非都在赢家手里。疾病面前老百姓看的是疗效
2020-04-09,不被抢就好了，还找他
2020-04-09,这国怎定体问我陷思
2020-04-09,我觉得不光是制服问题，更多的是人的问题
2020-04-09,患难见真情好不好
2020-04-09,你怎么知道没找？找了，没用
2020-04-09,说的笼统了
2020-04-09,太明白了呀，这个人
2020-04-09,加油，让它火。
2020-04-09,他就是不想做。
2020-04-09,保护建国同志
2020-04-09,光刻机到位没？就支援荷兰？
2020-04-09,有空也别去
2020-04-09,川建国
2020-04-09,兄弟们，把保护打在公屏上
2020-04-09,其实我还是想听更加客观的
2020-04-09,哈哈哈哈扎心了
2020-04-09,政委：百年未有之大变局
2020-04-09,哈哈
2020-04-09,检测剂
2020-04-09,保护们
2020-04-09,对
2020-04-09,对啊
2020-04-09,对啊
2020-04-09,美国泥菩萨过江自身难保
2020-04-09,保护建国同志
2020-04-09,这就是人生这就是命
2020-04-09,商人出身铁公鸡
2020-04-09,保护
2020-04-09,哈哈哈
2020-04-09,我们还有个人道主义
2020-04-09,太厉害了
2020-04-09,保护
2020-04-09,哈哈哈哈哈
2020-04-09,你是蛇
2020-04-09,这样的明白人，请你说话别这么直接
2020-04-09,保护我放川普
2020-04-09,保护
2020-04-09,说的到点上了
2020-04-09,制度自信
2020-04-09,哈哈哈哈哈哈哈
2020-04-09,哈哈哈哈哈哈
2020-04-09,哈哈哈哈哈哈哈哈哈哈
2020-04-09,这国怎，我陷思，定体问
2020-04-09,哈哈哈哈哈
2020-04-09,哈哈哈哈哈哈，睿智啊
2020-04-09,河北共青团在哪里
2020-04-09,大自然:我没那么想
2020-04-09,发考卷
2020-04-09,美国：我已捐过………………………个屁
2020-04-09,事实胜于雄辩
2020-04-09,讲到重点了
2020-04-09,川普哈哈哈哈
2020-04-09,川普我笑了
2020-04-09,通共实锤
2020-04-09,对
2020-04-09,保护
2020-04-09,经常上智贤姐姐的节目
2020-04-09,川普：我不要面子的嘛
2020-04-09,马克思万岁！
2020-04-09,正能量的标签，哈哈
2020-04-09,我方法师高频输出
2020-04-09,建国同志战术忽悠
2020-04-09,建国忽悠局
2020-04-09,罗斯福在的时候美国也举全国之力共同面对经济危机，为什么特朗普却不可以大家没点数吗
2020-04-09,制度没有好与不好，只有能不能维持
2020-04-09,建国辛苦了
2020-04-09,废了废了！
2020-04-09,厉害
2020-04-09,在理
2020-04-09,建国同志的功劳将永世难忘（滑稽）
2020-04-09,美国还找韩国要物资呢
2020-04-09,资本主义本来就有许多问题
2020-04-09,估计过后西方又开始鄙视中国了
2020-04-09,夜问打拳老红媒了
2020-04-09,友军？？
2020-04-09,哈哈哈哈哈哈哈哈哈
2020-04-09,老大哥，不求帮助，只要不来打我就可以了
2020-04-09,他们自己人都不救怎么会管你们
2020-04-09,美国都要找韩国求援
2020-04-09,美国的医疗设备和物资都得靠我们中国进口才能维持，谁还会去找美国要
2020-04-09,实践是检验真理的唯一标准
2020-04-09,建国给自己打满分
2020-04-09,英国是最没人性的
2020-04-09,秒啊
2020-04-09,妙啊
2020-04-09,川普说：臣妾做不到啊！
2020-04-09,好！
2020-04-09,保护保护
2020-04-09,我靠！这大哥知道这么多的吗
2020-04-09,叶问打权
2020-04-09,扎心扎心标题太扎美国的心了
2020-04-09,哈哈哈
2020-04-09,实践是检验真理性的唯一标准
2020-04-09,实践是检验真理性的唯一标准
2020-04-09,哈哈哈哈哈
2020-04-09,疾风知劲草
2020-04-09,其实我也没想到
2020-04-09,明白人
2020-04-09,什么制度都好，在于人的执行上，
2020-04-09,说得好
2020-04-09,中国一天1亿个扣罩美国连零头的零头零头的零头都没有
2020-04-09,美国一天增加1万多例自身管理都出问题了还帮别人？
2020-04-09,他自己也要凉啊
2020-04-09,夜问打权已经被关了，现在是夜问
2020-04-09,所以你们能回来吗
2020-04-09,此子不能留
2020-04-09,资本家羡慕资本主义
2020-04-09,有道理
2020-04-09,2333
2020-04-09,妙啊
2020-04-09,天下谁人不通共
2020-04-09,赞同
2020-04-09,讲的真好
2020-04-09,病毒：？？？？？
2020-04-09,空屏？
2020-04-09,什么局？
2020-04-09,我们还只是初级阶段
2020-04-09,没有用啊，有危难找你，危难过去了继续舔呗
2020-04-09,保护
2020-04-09,明白人
2020-04-09,川普：这是个假名嘴
2020-04-09,hhhhhhh
2020-04-09,各有各的好
2020-04-09,优秀
2020-04-09,说的好
2020-04-09,保护
2020-04-09,说得好
2020-04-09,美国求韩国
2020-04-09,一开始我是拒绝的
2020-04-09,明白人
2020-04-09,他们就是去找美国，人家要帮他才行啊
2020-04-09,保护
2020-04-09,美国自身都难保了。
2020-04-09,保护
2020-04-09,哈哈哈哈哈哈哈
2020-04-09,实践是检验真理的唯一标准
2020-04-09,川普，哈哈哈
2020-04-09,美国普通流感都治不好，还指望它能治流感升级版的美国肺炎？
2020-04-09,川普说漏嘴了，别暴露
2020-04-09,你是我川普肚子里的蛔虫？
2020-04-09,川普都快挂了别气他了
2020-04-09,精美震怒
2020-04-09,说得好
2020-04-09,不被美国老大哥抢就万幸了（德国除外）还找美国老大哥要援助
2020-04-09,哈哈哈哈哈哈哈哈哈
2020-04-09,哇明白人啊
2020-04-09,友军
2020-04-09,荷兰得救，一带一路的终点
2020-04-09,大哥，你来了
2020-04-09,真好
2020-04-09,制度优势
2020-04-09,自信点，米国没人性
2020-04-09,爱我中华
2020-04-09,老大哥该换换位置了！
2020-04-09,难得的台人
2020-04-09,是的是的
2020-04-09,优秀
2020-04-09,太秀了
2020-04-09,哈哈哈哈哈哈哈
2020-04-09,美国全国都不重视。纽约州求助建国都不搭理，谁会去求助美国啊
2020-04-09,说得好
2020-04-09,哎，没有去找美国求缘的啊哈哈哈哈哈哈哈哈哈哈哈
2020-04-09,保护！！
2020-04-09,一定要救河南啊
2020-04-09,优秀
2020-04-09,保护我方同志
2020-04-09,捅大动脉了
2020-04-09,中国牛逼
2020-04-09,病毒：我来坑你们，你们还说我来测验你们，泪目
2020-04-09,他做不到
2020-04-09,说得好
2020-04-09,没有人比我更懂
2020-04-09,角度刁钻！很有道理！
2020-04-09,哈哈中国崛起了
2020-04-09,美国不会帮啊
2020-04-09,制度自信
2020-04-09,老大哥看着你
2020-04-09,一不小心就真相（香）了
2020-04-09,因为知道美国不会帮他
2020-04-09,明白人
2020-04-09,还坑日韩
2020-04-09,好
2020-04-09,战忽局干活了
2020-04-09,说得好
2020-04-09,哈哈哈哈
2020-04-09,制度
2020-04-09,无产阶级必然取代资产阶级
2020-04-09,真实。
2020-04-09,美国自己都救不了
2020-04-09,实践出真知
2020-04-09,这是个大明白
2020-04-09,哈哈哈哈哈哈哈哈保护友军
2020-04-09,检测机是什么
2020-04-09,美国凉凉
2020-04-09,困难的时候找中国，谈国家利益的时候就报美国大腿
2020-04-09,川普特色：推特治国
2020-04-09,人类命运共同体。
2020-04-09,哈哈哈哈哈哈哈妙啊
2020-04-09,天下何人不通共
2020-04-09,哈哈哈哈哈哈哈哈
2020-04-09,找美国是要付出代价的……
2020-04-09,稳住别浪
2020-04-09,美国去找了韩国
2020-04-09,有个国内的女明星不是还要说我们国内也要接受难民吗
2020-04-09,我希望生命是很宝贵的
2020-04-09,上面红字真的好真实
2020-04-09,下次一定
2020-04-09,（1/1）
2020-04-09,波兰可以理解
2020-04-09,老日耳曼蛮子了
2020-04-09,五星反对党，俗称杠精联盟
2020-04-09,通货膨胀不是有利出口么
2020-04-09,下次一定
2020-04-09,瑞士才是孤孤单单，傲娇
2020-04-09,哈哈哈哈哈哈哈，又是会做的题
2020-04-09,草(一种植物)
2020-04-09,大部分人是没带脑子的，就跟给黄鼠狼喂高糖油盐食物，被叫做感动
2020-04-09,等于啥都没有
2020-04-09,天花乱坠
2020-04-09,一举三得哈哈哈
2020-04-09,哈哈哈哈哈哈哈，这戏称太皮了
2020-04-09,书同文，车同轨
2020-04-09,华夏文明
2020-04-09,？？？？？？？？？
2020-04-09,？？？？？
2020-04-09,还是得靠文化融合
2020-04-09,大理无理
2020-04-09,罗马帝国亡了
2020-04-09,哈哈哈哈哈
2020-04-09,感谢始皇帝
2020-04-09,难为了
2020-04-09,他们不是内斗就在转移矛盾，从来没重视过党派矛盾和阶级矛盾
2020-04-09,帅帅帅！！！
2020-04-09,没有统一的利益什么都是白搭
2020-04-09,虽然很讨厌欧美很多政府的做法，但是希望他们渡过难关，毕竟都是人命，这弹幕这么多小学生么
2020-04-09,德法一直打压英国，英国融不进欧盟，所以干脆不玩了
2020-04-09,这次一定
2020-04-09,中国为了统一付出的代价比这大得多
2020-04-09,欧洲总是比欧盟大一级，这样子可以记住
2020-04-09,波兰是我最讨厌的欧洲国家
2020-04-09,有权利的地方怎么可能统一
2020-04-09,你想得美
2020-04-09,以邻为壑:把困难和灾祸推给别人
2020-04-09,老公我来了
2020-04-09,我去买
2020-04-09,美国今天解体了
2020-04-09,666
2020-04-09,想死？
2020-04-09,666
2020-04-09,天。花
2020-04-09,罗马帝国
2020-04-09,2333
2020-04-09,迷惑行为？
2020-04-09,于后世千秋万代，每一户人家的窗台，我大秦的明月必朗照之！
2020-04-09,66666666
2020-04-09,跳梁小丑，不足挂齿
2020-04-09,我们有人类命运共同体
2020-04-09,师父别念了
2020-04-09,缺一个秦始皇
2020-04-09,一场病毒把欧美打回了原型
2020-04-09,不可能的事情没有统一的文字和文化怎么统一思想
2020-04-09,骁骁有女朋友码
2020-04-09,那么行，你就等着被其他国家吞掉吧。
2020-04-09,思想钢印
2020-04-09,下次一定
2020-04-09,说的真的太好了
2020-04-09,普京：wdnmd
2020-04-09,人类迷惑行为大赏
2020-04-09,起来饥寒交迫的奴隶
2020-04-09,笑死了
2020-04-09,?????
2020-04-09,真实
2020-04-09,哈哈哈
2020-04-09,前面才三百万那个，如果只涌入一部分都难造成很大的社会压力好吧
2020-04-09,道德和理性，选择哪一个都有后患
2020-04-09,下次一定
2020-04-09,加油
2020-04-09,不是一个？
2020-04-09,法国投降这个笑笑就行
2020-04-09,我晕了
2020-04-09,精罗落泪
2020-04-09,神罗
2020-04-09,不希望
2020-04-09,就这样吧
2020-04-09,现在感觉东南亚好和谐，真庆幸我们是中国人，亚洲人
2020-04-09,《1984》，英国作家乔治奥威尔写的长篇政治小说
2020-04-09,火影五大国？
2020-04-09,成立大德意志
2020-04-09,我到现在都没有搞明白扣押口罩的那个人是谁给他的勇气。
2020-04-09,英国也不会的
2020-04-09,下次一定
2020-04-09,下次一定
2020-04-09,没办法，就像我们挺烦日本一样。
2020-04-09,不好意思中国一直都是文明国家
2020-04-09,不，是老大哥的幽灵
2020-04-09,老公
2020-04-09,下次也不一定
2020-04-09,钢铁洪流。。。
2020-04-09,俄罗斯生化兵对病毒治疗作用不大
2020-04-09,电幕嗷
2020-04-09,电幕嗷
2020-04-09,下次一定
2020-04-09,这个照片好像是摆拍的
2020-04-09,用爱发电
2020-04-09,秦始皇是真的牛
2020-04-09,投票工具人
2020-04-09,法国是弱者要同情
2020-04-09,今日辱法
2020-04-09,有被笑到
2020-04-09,Tostrenghen统合brotherhoodoffthefreewesternnation视频字幕有误
2020-04-09,德国控制住了
2020-04-09,666
2020-04-09,下次一定
2020-04-09,？？？？？？小问号你是否有很多朋友
2020-04-09,德国还是厉害
2020-04-09,？？？
2020-04-09,反对一切哈哈哈哈
2020-04-09,经典掠夺资源
2020-04-09,下次一定
2020-04-09,政治正确，白左圣母
2020-04-09,笨猪五国
2020-04-09,之前还一直说中国风凉话
2020-04-09,日常恰饭
2020-04-09,不希望的想必就是人类命运共同体的绊脚石了吧（笑）
2020-04-09,下次一定
2020-04-09,下次
2020-04-09,二战意大利
2020-04-09,反对一切
2020-04-09,下次一定
2020-04-09,我快不认识“欧”这个字了……
2020-04-09,欧洲统一，谁是老大？听谁的？
2020-04-09,下次一定
2020-04-09,那个前面的，家天下不是儒家思想
2020-04-09,不不不，对我们来说团结的欧洲也是庞然大物的危险
2020-04-09,晕了
2020-04-09,原来我们这么牛逼了
2020-04-09,脱了近4年了，还没个结果
2020-04-09,分赃？
2020-04-09,不希望
2020-04-09,下次一定
2020-04-09,美国42万了今天
2020-04-09,一支穿云箭，千万下次一定大军来相见
2020-04-09,迷惑
2020-04-09,日耳曼民族特色，不想领导
2020-04-09,可能吗？
2020-04-09,锦州人plus吗？
2020-04-09,反对一切不是也反对反对本身吗，反对了跟寂寞。。。
2020-04-09,通红膨胀货币贬值，原材料都要进口的，原材料贵了还怎么出口?
2020-04-09,下次一定
2020-04-09,hahahhahaah
2020-04-09,6666
2020-04-09,6
2020-04-09,历史必修三
2020-04-09,精罗震怒
2020-04-09,下次一定
2020-04-09,高中历史
2020-04-09,也不比发什么不希望，有对手才能更强
2020-04-09,塞班
2020-04-09,捷克和斯洛伐克早分了别老连着
2020-04-09,德国八千多万人口吧
2020-04-09,一个是越来越稳固一个是越来越疏散
2020-04-09,大家好，他是王骁
2020-04-09,晕了
2020-04-09,在澳门赌场，看的
2020-04-09,是大臣
2020-04-09,太真实了吧
2020-04-09,就是绕口令啊
2020-04-09,还是喜欢我大中华～
2020-04-09,我晕了
2020-04-09,群幽灵，时不时出来晃一下
2020-04-09,便士
2020-04-09,去了法国
2020-04-09,成吉思汗最远征战到罗马
2020-04-09,下次一定
2020-04-09,我已经晕了
2020-04-09,43w
2020-04-09,下次一定
2020-04-09,hhhh1984
2020-04-09,我希望
2020-04-09,说太好了
2020-04-09,下次，也不一定
2020-04-09,讽刺，真的讽刺
2020-04-09,下次一定
2020-04-09,云南表示真不知道……
2020-04-09,下次一定
2020-04-09,下次一定
2020-04-09,波兰可以理解，毕竟历史上被毛子阴过hhhh
2020-04-09,下次一定
2020-04-09,坚定了我吃红色的心
2020-04-09,分久必合合久必分
2020-04-09,黑版女马云？
2020-04-09,毕竟他们不是一个国家
2020-04-09,背诵的挺流利
2020-04-09,下次一定
2020-04-09,下辈子吧
2020-04-09,下次一定
2020-04-09,听不懂下一个
2020-04-09,三省六部？！
2020-04-09,军用运输机你让他横跨领空？上面放的是伞兵还是物资谁知道
2020-04-09,一听就知道是YPM老粉了
2020-04-09,历史学精了!
2020-04-09,退潮了才知道谁没穿裤衩
2020-04-09,完全不存在的东西说什么
2020-04-09,下次一定
2020-04-09,今日乳法
2020-04-09,他们需要一个不喝酒的德军下士
2020-04-09,民粹党不是保守党
2020-04-09,希望人口流动检测在疫情过后能终止使用而不是终生监视
2020-04-09,下次一定
2020-04-09,英国脱欧算赚了
2020-04-09,德国：我不闪你，我电你
2020-04-09,下次一定
2020-04-09,今日乳法
2020-04-09,英国不是嘛？
2020-04-09,哈哈哈哈哈哈哈哈哈哈
2020-04-09,哦心疼
2020-04-09,？？？？？？？？？？？？？？？？？？？？？？？？？？？？？？？？？？？？
2020-04-09,同志们，任何一个国家完蛋了都对咱们有坏处的，况且这次病毒是人类共同的敌人
2020-04-09,中国不是在崛起，而是复兴
2020-04-09,难怪英国要脱欧
2020-04-09,弹幕是史盲吧，跟刘邦有个屁关系
2020-04-09,哈哈哈哈哈哈哈哈哈哈哈哈
2020-04-09,政治课...
2020-04-09,呕吼，还好我毕业了
2020-04-09,下次一定
2020-04-09,。。。。
2020-04-09,老美四十万时代前来考古
2020-04-09,解封啦
2020-04-09,掀起波澜
2020-04-09,"yes,minister"
2020-04-09,截胡
2020-04-09,呵呵呵
2020-04-09,摆拍。。
2020-04-09,？？？
2020-04-09,下次
2020-04-09,下次一定
2020-04-09,坚不可摧的联盟
2020-04-09,点赞走起
2020-04-09,中国同意真是太好了
2020-04-09,下次一定
2020-04-09,只想说一句：连鸡不能并飞
2020-04-09,下次下次
2020-04-09,云南酱
2020-04-09,世界和平
2020-04-09,全战！！
2020-04-09,为什么日本比德国就差那么多
2020-04-09,原谅我不厚道的笑
2020-04-09,千古一帝赢政
2020-04-09,中国牛逼
2020-04-09,感谢我们的祖先
2020-04-09,欧洲加油吧
2020-04-09,我不希望
2020-04-09,全文背诵
2020-04-09,前面咒美国的大可不必
2020-04-09,na
2020-04-09,有毛病吧，西方国家就爱搞这一套，屁
2020-04-09,波兰俄罗斯打了两百年波兰不知道俄罗斯什么德行？
2020-04-09,下次一定
2020-04-09,罗马2
2020-04-09,抢劫传统艺能
2020-04-09,我们昨天刚学完
2020-04-09,老公
2020-04-09,不愿意出钱呗，不患寡而患不均
2020-04-09,重点是长相。？？？？
2020-04-09,原来我们都可以经济殖民别人了啊
2020-04-09,中华民族中国万岁！
2020-04-09,趁火打劫，毕竟人家工业强，生产力摆在那里
2020-04-09,罗马正统在中华
2020-04-09,下次一定，下次一定！
2020-04-09,英国有那堆印度裔和巴基斯坦裔就够diversity了
2020-04-09,我爱政哥！！！
2020-04-09,下次一定
2020-04-09,对不起，我不希望
2020-04-09,一定一定一定
2020-04-09,三部六省
2020-04-09,美国不会让欧洲统一的........
2020-04-09,波兰又在玩火，要烧到自己的
2020-04-09,留下买路财！！
2020-04-09,香不香?告诉我，香不香?
2020-04-09,德国还敢信意大利呢？？？
2020-04-09,说不希望的都是碍国者
2020-04-09,德国也是基于国内出口管制，没什么错
2020-04-09,意呆利
2020-04-09,4月9日，美国累计40万了
2020-04-09,我吐了
2020-04-09,波兰曾经被沙俄占过
2020-04-09,我们满分算不上，也就99吧
2020-04-09,反对一切
2020-04-09,真实的一批
2020-04-09,云南白要
2020-04-09,关键是谁服谁，听谁的
2020-04-09,春秋战国
2020-04-09,怎么这么像特朗普
2020-04-09,美国第一了
2020-04-09,下辈子一定
2020-04-09,不是一个国家
2020-04-09,一
2020-04-09,利益不统一
2020-04-09,因为他们不是一个国家
2020-04-09,邀请码666（别打我）
2020-04-09,欧洲统一了，石油美元还有活路吗？美国人不会让他们统一，欧元对美元。其他国家为什么不储蓄欧元呢，听你一个整天发动战争的美帝主义呢！怎么想都不可能吧
2020-04-09,美国一直在意识钢印，基本不可能，让俄罗斯和欧盟走一块
2020-04-09,已经完全洗脑了好吧。欧洲基本意识形态不会改变
2020-04-09,@翰福莱爵士
2020-04-09,资本国家人命不值钱
2020-04-09,召唤汉痞
2020-04-09,哈哈哈，法国经常罢工，你别指望他经济好，好么！英国人做过老大，你叫我做打杂狗腿没门，老娘称霸世界你们哥俩在玩泥巴呢！
2020-04-09,这不是欧洲的传统炒作
2020-04-09,英国人特意的，谁叫他们没有话语权。英国脱欧，德国搞经济好想说话其他国家不信他们政治，因为它有前科。法国想当领导但不是最优秀，其他人不听他们的。英国人说叫我进来打酱油做苦力没门，我谁都不帮，坐山观虎斗
2020-04-09,下次一定
2020-04-09,下次也不一定
2020-04-09,英国人特意分化他们，现在的英国就是美国狗腿，盯着这两国家不让他们走的太近，不然美国就无法控制欧洲，而且美帝在使用手段高明，在兼并德国高新企业和插手欧洲铁路和欧洲医药公司，现在德国和法国都很抗拒美国
2020-04-09,我，秦始皇，打钱
2020-04-09,哈哈哈，再加上一个大英帝国老阴阳在哪里阴阳怪调，基本全程上眼药，德国很不爽，法国很想表现，但是没人听法国。尴尬，日不落在哪里笑，说实在就是搞黄德法联合，美国狗腿大不列颠
2020-04-09,一提醒，反倒想把意大利当成殖民地
2020-04-09,下次一定
2020-04-09,晕了
2020-04-09,？？？？
2020-04-09,潮水退了就裸奔啊
2020-04-09,哈哈哈哈
2020-04-09,今日乳法
2020-04-09,下次一定
2020-04-09,通货膨胀意思本国钱不值钱了，本国公司购买生产的原材料要花更多钱，相应地，产品售价就要变高，出口优势就小了
2020-04-09,我反对
2020-04-09,天花乱坠，此天花，彼天花
2020-04-09,法国国旗的三种用法
2020-04-09,欧美自己制造的难民潮难道不应该自己来挽救？
2020-04-09,哈哈
2020-04-09,两次大战的发源地.........
2020-04-09,意呆利
2020-04-09,世界和平
2020-04-09,敌人的敌人就是朋友
2020-04-09,经济是不可能统一的
2020-04-09,英国脱欧成功了
2020-04-09,云南酱你怎么这样
2020-04-09,文明版秦赵之争既视感
2020-04-09,哈哈哈哈哈笑死我了
2020-04-09,哈哈哈哈
2020-04-09,我突然觉得秦始皇非常厉害
2020-04-09,你现在不说英语，我走了
2020-04-09,老弟，我看你只是因为可以和你学英语
2020-04-09,怎么不是英语
2020-04-09,为什么不说英语
2020-04-09,动谁奶酪都急，一体化是个伪命题
2020-04-09,我可以
2020-04-09,方言也有好的一面，最近有说记住乡愁这些认同好的方言
2020-04-09,不止秦汉，还有隋唐
2020-04-09,下次一定
2020-04-09,缺一个秦始皇
2020-04-09,本来想给你三连的，既然你在这恰饭，算了，你三连没了
2020-04-09,德国大众车就是纸片
2020-04-09,不是不是法国投降性吗？？
2020-04-09,法国说啥啥大家都听，可能是因为法国是弱者（手动滑稽）
2020-04-09,我也很开心
2020-04-09,精致的利己主义
2020-04-09,全文背诵
2020-04-09,傻
2020-04-09,一次打劫一次爽，一直打劫一直爽
2020-04-09,有这时间不如多吃个冰淇淋，真就闲得慌
2020-04-09,300万了
2020-04-09,实践才是考验真理的唯一标准。
2020-04-09,闭嘴
2020-04-09,中国让你们一只手，你们一起上吧
2020-04-09,云南酱
2020-04-09,神岛还有加勒比
2020-04-09,非战斗人员请撤离
2020-04-09,淦那是我们瑞丽帮忙昨天，协调
2020-04-09,一群猛男喊着老公好笑死我了╯∀╰
2020-04-09,谁愿意要你们那块地啊，那些人脑洞真大
2020-04-09,人命是无辜的
2020-04-09,大一统是秦孝公提出，在昭襄王基本定型，嬴政锦上添花
2020-04-09,思路清晰分析透彻
2020-04-09,始皇帝万年！
2020-04-09,下次一定
2020-04-09,这几个国家都是疫情重灾区
2020-04-09,磕着一个一个羊薅羊毛
2020-04-09,波兰：你以为我没了.其实我还在那
2020-04-09,下次一定
2020-04-09,统一不动啊
2020-04-09,投了
2020-04-09,传统艺能
2020-04-09,2333
2020-04-09,落泪
2020-04-09,下次一定
2020-04-09,精罗落泪
2020-04-09,请收下我的膝盖
2020-04-09,不可能
2020-04-09,中国人的团结是我们自己都想不到的
2020-04-09,我不希望
2020-04-09,美国见不得欧洲统一
2020-04-09,自己一出事，中国的招数全用上了。
2020-04-09,这是必然的，外来人口抢占社会资源
2020-04-09,片名见右上解，不要瞎！
2020-04-09,精罗落泪
2020-04-09,灯塔国快奔四十万去了
2020-04-09,别刷不希望了，学会好好思考好吗
2020-04-09,说不希望的是不是没有好好听讲啊…
2020-04-09,波兰俄国世仇了
2020-04-09,还好我学的是理
2020-04-09,书同文车同轨，统一度量衡
2020-04-09,下次一定
2020-04-09,精罗落泪
2020-04-09,精罗落泪
2020-04-09,德国：闪电战
2020-04-09,智障正确
2020-04-09,用脚想都不可能
2020-04-09,对不起，我不希望
2020-04-09,4月7日，美国确诊36万了
2020-04-09,这老爷子还在啊，以前学过他的理论
2020-04-09,众白嫖大军
2020-04-09,欧洲水军
2020-04-09,一个衰落的西方才是好西方
2020-04-09,公知们出来被打脸
2020-04-09,疫情爆发的时候，欧洲可是跟美国人穿一条裤子，等着看中国笑话呢。冷嘲热讽。。现在该我们吃瓜了。。
2020-04-09,反正啊，白皮怎么内斗，怎么打架，跟我们无关。
2020-04-09,欧盟现在就是个空壳子。疫情已经把欧盟内部的不和摆上了台面。以后就是各顾各的。
2020-04-09,欧洲从来就没有统一过。无论是老欧洲还是新欧洲。。。
2020-04-09,统一是不可能统一的靠嘴皮子统一只能发生在漫画和影视作品里
2020-04-09,艾森.豪威尔先生啊
2020-04-09,欧洲的悲剧，不能统一
2020-04-09,不不不，我不希望
2020-04-09,真是琦葩
2020-04-09,欧洲＝中国
2020-04-09,闪击波兰是我的天资
2020-04-09,新人报道
2020-04-09,新人报道
2020-04-09,舔美的，别忘了斯诺登，才过去几年呢
2020-04-09,2333
2020-04-09,真紧急救援
2020-04-09,有美国在欧洲也不可能统一别做梦了
2020-04-09,希腊是中国救的
2020-04-09,公知最近都不敢讲话了
2020-04-09,？？？
2020-04-09,高考完一定
2020-04-09,俄罗斯实惨
2020-04-09,1
2020-04-09,那咱们是文明型国家而不是民族国家是吗，不一直说，中国是伪装成国家的文明体吗
2020-04-09,营销号出来挨打
2020-04-09,审计法院是干啥的
2020-04-09,这就要从秦始皇说起了
2020-04-09,Howdareyou
2020-04-09,人命关天，善良一点好吗，为什么要惧怕他国的强大
2020-04-09,前面的兄弟，英国脱欧啦
2020-04-09,非物质文化遗产
2020-04-09,你币有了
2020-04-09,下次一定
2020-04-09,欧不等于没欧洲不是西方
2020-04-09,哈哈哈小汉来了
2020-04-09,好吧好吧
2020-04-09,这，就叫专业
2020-04-09,下次一定
2020-04-09,哈哈哈哈哈哈哈哈什
2020-04-09,下次一定
2020-04-09,书同文，车同轨。
2020-04-09,不，我不知道
2020-04-09,营销号biss
2020-04-09,下次一定
2020-04-09,我不希望
2020-04-09,我不想开学啊啊啊啊啊啊啊
2020-04-09,????????????????????
2020-04-09,??????????????????????????????
2020-04-09,初中历史，刚在复习，顺便来看看
2020-04-09,这个小女孩长得好漂亮……
2020-04-09,欧共体
2020-04-09,儒家思想的家天下也很重要
2020-04-09,不能大意啊
2020-04-09,老领导了
2020-04-09,哈哈哈哈哈
2020-04-09,能回高中重新选择文科不？
2020-04-09,没有永远的朋友，只有永远的利益。
2020-04-09,人类迷惑行为
2020-04-09,刚刚收到消息英国首相进ICU了
2020-04-09,全文背诵
2020-04-09,因为他们没有一个秦始皇没统一的概念
2020-04-09,下次一定
2020-04-09,电击战
2020-04-09,算上斯柯达估计数字更大
2020-04-09,世界警察，名不虚传
2020-04-09,统一？别白费心思了，不可能滴
2020-04-09,传统艺能
2020-04-09,半部英剧治大英
2020-04-09,@凤凰网
2020-04-09,????我怎么不知道
2020-04-09,法国罢工一直可以的
2020-04-09,秦始皇前面的几个秦国皇帝功劳比秦始皇大多了秦始皇相对来说命好
2020-04-09,下次一定……
2020-04-09,下次一定
2020-04-09,暂停，我拿笔记一下，不然绕晕了
2020-04-09,感谢汉字
2020-04-09,波兰憨憨
2020-04-09,英国：他喵的老子不玩了。。。。。。。。。。。。。。。。。。。。。。。。
2020-04-09,下次一定
2020-04-09,app太难用了，求改进！！
2020-04-09,下次一定
2020-04-09,瑞士？德国连美国的都扣了！
2020-04-09,美国重返世界第一
2020-04-09,封建社会啊
2020-04-09,那谁去当领导?谁来组织？
2020-04-09,下次一定
2020-04-09,中间夹着的小瑞士看着就搞笑
2020-04-09,可是国外华人现在不好混啊，，哎
2020-04-09,生命权高于自由权
2020-04-09,反对一切可还行
2020-04-09,乌合之众的等等我
2020-04-09,老公
2020-04-09,·300万啊
2020-04-09,垃圾意大利
2020-04-09,一个幽灵2333
2020-04-09,这是暗示我读个博士吗
2020-04-09,今日如法
2020-04-09,杀
2020-04-09,哈哈哈哈哈哈哈哈哈哈或或hh或hhhhhhhhhh或或或
2020-04-09,下次一定
2020-04-09,历史课
2020-04-09,没有秦始皇。还会有另一个“秦始皇”，统一是历史发展的必然
2020-04-09,宗教
2020-04-09,牢不可破的联盟
2020-04-09,33万了
2020-04-09,下次一定
2020-04-09,一期不够两期
2020-04-09,下次一定
2020-04-09,他好像飞屋环游记里的老爷爷
2020-04-09,没有一只口罩能够离开德国
2020-04-09,????
2020-04-09,传统艺能
2020-04-09,天花
2020-04-09,还真是哈哈哈哈哈哈哈哈哈哈哈哈哈哈哈哈哈
2020-04-09,开头我就想到了这一段，哈哈哈
2020-04-09,下次一定
2020-04-09,秦哥真的是NB
2020-04-09,六科给事中
2020-04-09,除非欧洲出现一个秦始皇般的人物
2020-04-09,下次一定
2020-04-09,天花/乱坠
2020-04-09,笑死我了
2020-04-09,那就是啥都没有呗
2020-04-09,我希望
2020-04-09,两个字成本
2020-04-09,下次一定
2020-04-09,真的是想法不一样，那边的民众真的是这么认为的
2020-04-09,不能放松警惕
2020-04-09,下次一定！
2020-04-09,汉皮！
2020-04-09,不，我不希望
2020-04-09,传统艺能
2020-04-09,南北朝是只要实力允许，都想统一天下，轮到杨坚而已
2020-04-09,难民也是他们自己做的
2020-04-09,那是摆拍的
2020-04-09,这不啥都没有吗？？？
2020-04-09,今天4月6，霉国30w，加油，你是最棒的
2020-04-09,哈哈哈哈哈哈哈哈哈
2020-04-09,美国一直在拱火
2020-04-09,下次一定
2020-04-09,下次一定
2020-04-09,哈哈哈哈哈哈哈哈哈哈哈哈
2020-04-09,平独镇露！平独镇露！
2020-04-09,帕萨特
2020-04-09,哈哈哈哈哈哈
2020-04-09,啥都没有2333333
2020-04-09,法国车，呵呵
2020-04-09,秦始皇万岁
2020-04-09,最搞笑的是他们最后还要求着我们来帮他
2020-04-09,大理哈哈哈哈哈哈哈哈
2020-04-09,那么在哪里可以领到这个学位呢？
2020-04-09,主要谁出钱的问题
2020-04-09,然后就被美国揍了
2020-04-09,下次一定
2020-04-09,欧洲剧变
2020-04-09,高级洗脑
2020-04-09,洗脑
2020-04-09,假想敌
2020-04-09,毫无作为
2020-04-09,现在美国是老大哥棱镜
2020-04-09,棱镜计划
2020-04-09,美国早就是老大了斯诺登爆料的棱镜计划
2020-04-09,真香定律
2020-04-09,日不落帝国呢
2020-04-09,时代变了
2020-04-09,乌合之众作者的女儿
2020-04-09,下次一定
2020-04-09,我去
2020-04-09,下次一定
2020-04-09,英法百年战争
2020-04-09,全文背诵
2020-04-09,开始吟唱
2020-04-09,怪不得英国要脱欧
2020-04-09,哈哈
2020-04-09,禁止套娃
2020-04-09,路易威登
2020-04-09,普法战争
2020-04-09,欧陆风云
2020-04-09,宝库
2020-04-09,是的大臣
2020-04-09,谁同意谁反对
2020-04-09,哈哈
2020-04-09,萝卜开会
2020-04-09,散装欧洲
2020-04-09,拿破仑厉害
2020-04-09,哈哈哈哈哈哈哈哈
2020-04-09,承包空屏。
2020-04-09,有点熟悉的亚子
2020-04-09,传统艺能
2020-04-09,下次一定
2020-04-09,来了老铁
2020-04-09,"火星男孩曾经说,未来只有中国,印度能拯救世界"
2020-04-09,？？？什么时候的事？
2020-04-09,老吸血鬼了
2020-04-09,哈哈哈哈
2020-04-09,说得好
2020-04-09,下次一定
2020-04-09,hhhhh
2020-04-09,又来闪电战吗？
2020-04-09,我们害怕极了
2020-04-09,利益使他们团结，困难使他们单干
2020-04-09,我不希望
2020-04-09,瑞士太难了
2020-04-09,反对一切2333
2020-04-09,23333333
2020-04-09,哈哈哈
2020-04-09,政哥威武
2020-04-09,千古一帝，政哥哥NB
2020-04-09,和二战一样，英国是靠英吉利海峡躲过了一劫
2020-04-09,哈哈哈哈哈哈哈哈哈
2020-04-09,一群小学生
2020-04-09,什么捷克，那是瑞士
2020-04-09,我要考博
2020-04-09,告诉你们一个秘密：4月8日花呗找你要钱了。
2020-04-09,没用的，各有各的想法，老大发话都不听，成立什么机构都白扯
2020-04-09,这种联盟形式比苏联的邦联更松散，很容易分崩离析
2020-04-09,书同文车同轨
2020-04-09,4个词念一遍，我就昏了
2020-04-09,罢工还没完啊
2020-04-09,哈哈哈哈
2020-04-09,我看到博士学位在向我招手
2020-04-09,下次一定
2020-04-09,欧洲被毛熊的钢铁洪流吓出阴影了
2020-04-09,下次也啊一定
2020-04-09,那就几期
2020-04-09,下次一定
2020-04-09,大理市……
2020-04-09,？？？？？？
2020-04-09,33w了
2020-04-09,下次一定
2020-04-09,这是鞅哥的功劳啊各位
2020-04-09,哈哈哈哈哈哈哈哈精辟
2020-04-09,哈哈哈哈哈哈哈哈
2020-04-09,五星党
2020-04-09,下次一定
2020-04-09,下次也不一定
2020-04-09,不希望的，是喜欢看人死？
2020-04-09,下次一定
2020-04-09,高中历史知识回顾
2020-04-09,格陵兰都有感染了
2020-04-09,俄罗斯惨遭开除欧洲户籍
2020-04-09,别骂了别骂了，自己骂自己好玩吗
2020-04-09,我太难了
2020-04-09,文山会海
2020-04-09,下半身堡王朝
2020-04-09,全文背诵
2020-04-09,明年一定
2020-04-09,下次一定
2020-04-09,下次一定
2020-04-09,原始人欧洲
2020-04-09,解放欧洲
2020-04-09,解放欧洲
2020-04-09,把国旗插到意大利
2020-04-09,通胀确实让货币贬值利于出口啊
2020-04-09,观察者看的如此透彻
2020-04-09,意大利这样中国都去救
2020-04-09,政治选修要考的
2020-04-09,你币有了！
2020-04-09,他们会根据自己的想法肆意发表文章观点，扭曲大众
2020-04-09,当时留着一群读书人，那就跟一群键盘侠差不多
2020-04-09,他们要是有这个意识欧洲统一就不会拖到现在了
2020-04-09,现在也有很多人骂他，但是实际上这很重要
2020-04-09,门下省，封驳执行？
2020-04-09,妙啊
2020-04-09,英国:????
2020-04-09,下次一定
2020-04-09,塑料姐妹花，表面兄弟情
2020-04-09,这么明显的问题，这帮领导居然想不到，也怪不得个顶个的蠢
2020-04-09,他们这脑袋能想到这一层？能想到何至今日？
2020-04-09,多好啊，你看现在，感染了这么一片，还反对不反对了
2020-04-09,不希望
2020-04-09,投降的就是这么硬气
2020-04-09,这次一定
2020-04-09,（飞越）
2020-04-09,自以为幽默的西式幽默
2020-04-09,欧盟是为了对抗美国
2020-04-09,这意大利还是欧盟老玩家，说卖就卖
2020-04-09,始皇帝6666
2020-04-09,下次一定
2020-04-09,大理市
2020-04-09,德意志第四帝国
2020-04-09,美国33万
2020-04-09,666XXX
2020-04-09,引经据典
2020-04-09,下次一定
2020-04-09,统一欧洲有点过了吧，三十年战争不是宗教战争吗
2020-04-09,波兰～～～～～～～波兰～～～～～
2020-04-09,知道为啥我们敢把套路说出来吗？因为外国人不会信，哈哈哈哈
2020-04-09,nothing
2020-04-09,哈哈哈
2020-04-09,....
2020-04-09,汉朝征服罗马
2020-04-09,政治统一，说哪国话？？？
2020-04-09,下次一定
2020-04-09,下次一定
2020-04-09,666
2020-04-09,AEU、人革联
2020-04-09,哈哈哈哈
2020-04-09,实践是检验真理的唯一标准
2020-04-09,开始吟唱
2020-04-09,在大中华面前，只有发达地区，没有发达国家，
2020-04-09,？？？？？？？
2020-04-09,哈哈哈哈哈哈哈罢工
2020-04-09,哈哈哈哈哈哈哈哈哈哈哈哈哈哈哈
2020-04-09,叫欧洲集体开关按钮算了
2020-04-09,我们考赢了
2020-04-09,何不趁此机会认中国做大哥，吃酒喝肉不用愁
2020-04-09,哈哈哈
2020-04-09,我居然不知道
2020-04-09,我靠
2020-04-09,哈哈哈哈哈
2020-04-09,亚洲你没算印度和日本
2020-04-09,不，亚洲你没算日本和印度
2020-04-09,秦始皇最大的功绩除了统一全国。最重要的就是书同文车同轨统一度量衡
2020-04-09,首先美国就不同意，其次就是说得简单
2020-04-09,犯罪率飙升。。。唉。留学生注意安全
2020-04-09,好了好了
2020-04-09,为什么你可以这么欧？
2020-04-09,不要不要
2020-04-09,真实
2020-04-09,人类迷惑行为
2020-04-09,2333333
2020-04-09,哈哈哈哈哈哈
2020-04-09,重庆人走过
2020-04-09,说是这么说，该咋想咱还咋想（狗头
2020-04-09,下次一定
2020-04-09,他们不敢也不能。因为没有钱赚啊。资本啊。
2020-04-09,韩福睿
2020-04-09,门下省秒懂。。。
2020-04-09,已经乱了
2020-04-09,这就是字由
2020-04-09,让我看看谁又可以了
2020-04-09,我反对你的反对
2020-04-09,下次一定
2020-04-09,美国资本主义宣言
2020-04-09,牢不可破的同盟？
2020-04-09,国家命脉被德国控制。。。
2020-04-09,但泽或者战争
2020-04-09,捷克斯洛伐克的命运
2020-04-09,哈哈哈哈
2020-04-09,前面红字怎么了？瞧不起游戏资料？
2020-04-09,免遭竞争（指投降）
2020-04-09,前面红字怎么了？瞧不起游戏资料？
2020-04-09,欧盟就是个马戏团
2020-04-09,俄罗斯想当欧洲国家做梦吧
2020-04-09,这次大考中国得了近满分，其他国家抄都没抄及格
2020-04-09,不愧是日耳曼蛮子
2020-04-09,捷克斯洛伐克
2020-04-09,下次也不一定
2020-04-09,李胜利？
2020-04-09,波桑？？？？？？？？？
2020-04-09,全文背颂
2020-04-09,阿尔斯通美化了
2020-04-09,30w
2020-04-09,资本主义社会
2020-04-09,秦皇汉武不是没有道理，文化统一真的重要
2020-04-09,波兰哈哈
2020-04-09,不希望继续崩下去好了
2020-04-09,不可能的，民众没有统一的基础。
2020-04-09,。。。
2020-04-09,三十年战争是神罗的宗教战争
2020-04-09,、
2020-04-09,除非再多死些人，才能让他们团结起来
2020-04-09,黄金精神
2020-04-09,官方解释
2020-04-09,他们需要共同的敌人
2020-04-09,2333
2020-04-09,莫名搞笑
2020-04-09,，中国内战不一样
2020-04-09,现在美国三十万了
2020-04-09,60年，那得积攒多少矛盾呀
2020-04-09,下次一定
2020-04-09,瑞士爆发了
2020-04-09,今日乳法
2020-04-09,兄弟
2020-04-09,一切都是童话罢了
2020-04-09,分赃？
2020-04-09,。。。那有什么用
2020-04-09,英国脱欧了
2020-04-09,损失惨重啊
2020-04-09,？？？
2020-04-09,意大利的组织能力手动狗头
2020-04-09,我大隋国祚绵延万年
2020-04-09,没有杨坚没有隋朝中国就和欧洲一样了
2020-04-09,没有杨坚中国就和欧洲一样了
2020-04-09,大家好，他是王骁
2020-04-09,下次下次
2020-04-09,下次一定
2020-04-09,下次一定
2020-04-09,下下次一定
2020-04-09,下次一定下次一定
2020-04-09,高中政治要考的记下记下
2020-04-09,qaq
2020-04-09,波兰反话也没落后
2020-04-09,传统异能
2020-04-09,迷惑行为，不知道都怎么想的，资本主义的优越感......
2020-04-09,所以俄中关系辣么好
2020-04-09,不不，还是稀碎的好
2020-04-09,门下省太形象了
2020-04-09,哈哈哈哈哈哈哈哈
2020-04-09,下次一定下次一定
2020-04-09,俄罗斯虽然很惨，但他不能强大起来，否则邻国遭殃
2020-04-09,xiaciyiding
2020-04-09,云南：吴三桂干的
2020-04-09,下次一定
2020-04-09,什么什么???
2020-04-09,我输的666
2020-04-09,老美30万了
2020-04-09,海盗价值观，千年不能断
2020-04-09,下次一定
2020-04-09,利益在背后作祟
2020-04-09,下次一定
2020-04-09,开心
2020-04-09,下次一定
2020-04-09,下次一定
2020-04-09,不希望
2020-04-09,神圣罗马帝国（不是）
2020-04-09,下次一定
2020-04-09,哈哈。下次、下次
2020-04-09,并不希望
2020-04-09,全是精英
2020-04-09,感觉像三省六部
2020-04-09,;
2020-04-09,说德国无得大理无理的给我站出来
2020-04-09,下次一定
2020-04-09,我没币了
2020-04-09,弹幕护体
2020-04-09,打天下容易，难的是座天下，怎么座，靠思想呀
2020-04-09,欧洲没有一个大一统的思想，不像中国有儒家、法家andsoon
2020-04-09,？？？？
2020-04-09,哈哈哈哈哈哈哈哈哈哈哈哈哈
2020-04-09,美国30w来了
2020-04-09,老大哥在看着你
2020-04-09,1984是乔治奥威尔的一本zz寓言小说，v字仇杀队的feel
2020-04-09,老大哥在看着你
2020-04-09,我正在看1984。。。。乔治奥威尔都给你们气活过来了
2020-04-09,气氛苏
2020-04-09,出钱吗？再见嘻嘻
2020-04-09,下次一定
2020-04-09,下次一定
2020-04-09,老日耳曼人了
2020-04-09,历史重演
2020-04-09,欧洲统一，对中国的发展史利大于弊
2020-04-09,感谢祖龙为大一统打下了基础
2020-04-09,竟然还有不知道是摆拍的人
2020-04-09,下次一定
2020-04-09,我不希望
2020-04-09,下次一定
2020-04-09,明白人
2020-04-09,下次有钱了一定哈
2020-04-09,某恶之花出来挨打
2020-04-09,日常乳法
2020-04-09,这么看来秦始皇确实伟大
2020-04-09,31万飘过
2020-04-09,人家是希望抗疫成功，也没说大一统呀
2020-04-09,菜是原罪
2020-04-09,上次给了
2020-04-09,hhhhhhhhhhhh
2020-04-09,没脑子
2020-04-09,不可能
2020-04-09,吉翁舰长……
2020-04-09,中心开花
2020-04-09,统一？成大一统？
2020-04-09,下次一定
2020-04-09,飞屋环游记？
2020-04-09,抢劫不就是他们的传统技能么
2020-04-09,政治必修一不过关的2333
2020-04-09,是大臣，是首相是一部神剧，真心推荐
2020-04-09,古罗马大小格拉古兄弟的悲惨结局，就能看出欧美共和制的问题所在
2020-04-09,下次一定
2020-04-09,下次一定
2020-04-09,好联盟
2020-04-09,英国人玩不起玩不起
2020-04-09,不要忘了恒河水神牛尿的印度
2020-04-09,？？？
2020-04-09,反对一切
2020-04-09,幽灵。。。
2020-04-09,乌合之众
2020-04-09,西方haodao
2020-04-09,屡屡打劫
2020-04-09,不是不报日子未到
2020-04-09,精罗落泪
2020-04-09,我打我自己
2020-04-09,我重庆的，，表少不知道这事啊。。
2020-04-09,为祖国股掌！
2020-04-09,反对全世界！
2020-04-09,统一文字，统一货币，统一单位
2020-04-09,下次一定
2020-04-09,不希望
2020-04-09,妙啊
2020-04-09,下次一定
2020-04-09,反对一切哈哈哈哈
2020-04-09,什么你说什么？
2020-04-09,？？？
2020-04-09,美帝担心的就是毛子和欧盟走在一起，一个有资源又有实力的欧洲可就不是美帝可以随便拿捏的了
2020-04-09,疯狂乳法
2020-04-09,一触即溃的联盟（欧盟版）
2020-04-09,在分歧这方面，确实很统一
2020-04-09,哈哈哈哈哈哈哈哈哈哈哈哈
2020-04-09,2333
2020-04-09,因为都是一群乌合之众，没有同源根本
2020-04-09,下次一定
2020-04-09,就这样吧我不希望
2020-04-09,秦始皇的大一统真的很重要啊
2020-04-09,买了佛冷
2020-04-09,法国色刷起来（doge）
2020-04-09,法国：糟糕没法投降
2020-04-09,老公
2020-04-09,长得嘛……
2020-04-09,欧罗巴斯坦
2020-04-09,全文背诵
2020-04-09,不不不，我不是很希望
2020-04-09,瑞士：我太难了
2020-04-09,被历史支配的感觉..
2020-04-09,可能沙俄时代的影响，欧洲大国总是想打赢它证明自己
2020-04-09,《1984》
2020-04-09,传统艺能
2020-04-09,下次一定
2020-04-09,欧洲人真会玩
2020-04-09,营销号出来挨打
2020-04-09,我希望
2020-04-09,日常乳法
2020-04-09,一直处于独立红红火火恍恍惚惚哈哈哈哈哈哈哈哈哈哈
2020-04-09,感谢秦始皇
2020-04-09,快跑
2020-04-09,跑了
2020-04-09,雪崩的时候，每一片雪花都在勇闯天涯……
2020-04-09,哈哈哈哈哈，不愧是意大利
2020-04-09,我的格陵兰神岛何在「doge」
2020-04-09,那张照片还是摆拍的
2020-04-09,下次一定
2020-04-09,在打一次吧
2020-04-09,下次一定
2020-04-09,下次一定
2020-04-09,本事没换
2020-04-09,下次一定
2020-04-09,跟我没啥关系吧
2020-04-09,美国30w前来考古
2020-04-09,德理不饶人
2020-04-09,下次一定
2020-04-09,红红火火恍恍惚惚
2020-04-09,这么好玩的吗
2020-04-09,下次一定
2020-04-09,别把玩梗当真啊前面的，五常之耻是英国才对，去工业化那么彻底
2020-04-09,秦始皇统一了文化
2020-04-09,1984和老大哥的比喻非常贴切，因为北美这边普遍民众就是这么认为的
2020-04-09,太真实了
2020-04-09,真的希望啊，现在各国的联系那么紧密，欧洲完球了中国也会受影响吧
2020-04-09,30年战争哈布斯堡要是赢了就可以进而统一欧洲啊哈布斯堡统一欧洲的机会可不少
2020-04-09,被关在家里不考虑经济情况的话我感觉很安全，而且我也认为生命更重要，（这是我作为一个普通人的感受，不代表有特殊情况和需求的人群）
2020-04-09,波兰：嘻嘻我还在地图上呢
2020-04-09,又是一个自己打自己的故事
2020-04-09,给我们家老嬴打钱
2020-04-09,下次一定
2020-04-09,地理环境也是一大因素
2020-04-09,车同文书同轨
2020-04-09,秦王政NB
2020-04-09,并不希望
2020-04-09,你是谁？
2020-04-09,反对一起？？
2020-04-09,云南白要
2020-04-09,本来是英法的，但是德国发展上来，又抢了一个位置
2020-04-09,强盗黑吃黑
2020-04-09,不你不想
2020-04-09,原来我们这么厉害
2020-04-09,。。。都搞完早就凉了
2020-04-09,始皇帝千古
2020-04-09,好好笑
2020-04-09,下次一定
2020-04-09,不希望
2020-04-09,欧盟统一是不肯能了，还是想办法统一地球吧
2020-04-09,还打了美国的
2020-04-09,秀
2020-04-09,下次一定
2020-04-09,帅哥
2020-04-09,还是继承了一战
2020-04-09,欧盟：我是谁，我在哪？
2020-04-09,欧盟！
2020-04-09,抢劫=老传统手艺了
2020-04-09,下次也不一定
2020-04-09,不希望的，是不是有点狭隘了？
2020-04-09,毫无波兰
2020-04-09,开玩笑，还没加上印度呢
2020-04-09,欧洲真的统一，那对我们不好！
2020-04-09,下次一定
2020-04-09,有三省没皇帝这扯皮会到什么程度
2020-04-09,哈哈哈哈哈一把辛酸泪
2020-04-09,"yysy,qs"
2020-04-09,别光说秦始皇了，汉朝刘邦功劳不比他小
2020-04-09,下次一定
2020-04-09,！自由警察出动！这不自由，这不人道！
2020-04-09,他们需要一个秦始皇
2020-04-09,平独镇露平独镇露
2020-04-09,@三联周刊
2020-04-09,波兰在苏波战争中可没少杀苏俄军人和老百姓
2020-04-09,xiaciyiding
2020-04-09,乔治奥威尔
2020-04-09,hi
2020-04-09,4月4日，美国已经27万了
2020-04-09,还坑了中国
2020-04-09,全文背诵
2020-04-09,下次一定
2020-04-09,笑飞
2020-04-09,美国30万了
2020-04-09,云南人默默路过
2020-04-09,全欧一盘棋?
2020-04-09,秦始皇和隋文帝，和唐宗宋祖没多大关系
2020-04-09,这大爷来中国的时候会场站都站不下
2020-04-09,阿政
2020-04-09,邪神低语
2020-04-09,下次一定
2020-04-09,美国30万确诊
2020-04-09,等我将来有工作了，有钱了一定买
2020-04-09,下次一定。
2020-04-09,1984，哪位大佬可以科普一下，谢谢
2020-04-09,我
2020-04-09,秦皇汉武，之后唐宋
2020-04-09,门下省
2020-04-09,欧盟的一千零一夜
2020-04-09,下次一定
2020-04-09,下次一定
2020-04-09,精罗落泪
2020-04-09,下次一定
2020-04-09,好兄弟
2020-04-09,《1984》是书，反乌托邦的
2020-04-09,哈哈
2020-04-09,已经够努力了，可惜差一个秦始皇
2020-04-09,还是套路
2020-04-09,哈哈哈哈哈
2020-04-09,大西北哈哈
2020-04-09,小昊子说下次一定
2020-04-09,今日乳发
2020-04-09,下次一定
2020-04-09,禁止乳发
2020-04-09,德国缺德法国无法大利没意
2020-04-09,人类命运共同体，愿欧洲可以建立强大统一一点的疫情控制中心
2020-04-09,秀
2020-04-09,好真诚啊！我差点就买了
2020-04-09,《乳发篇》
2020-04-09,感谢秦始皇
2020-04-09,落泪
2020-04-09,先发个666
2020-04-09,欧洲这些国家本来就是小国，一直就没有大国的格局。
2020-04-09,下次一定
2020-04-09,下次一定
2020-04-09,开始读条
2020-04-09,????
2020-04-09,哈哈哈哈哈哈
2020-04-09,惨瑞士惨
2020-04-09,厉害厉害
2020-04-09,哈哈哈哈哈哈
2020-04-09,中国人相信希望欧洲人不相信希望只相信上帝
2020-04-09,只有我们相信希望欧洲人不相信希望至相信上帝
2020-04-09,哈哈哈哈哈哈
2020-04-09,27万
2020-04-09,哈哈哈哈哈哈哈哈哈哈
2020-04-09,??????
2020-04-09,没有人希望
2020-04-09,天下分久必合合久必分
2020-04-09,对啊，德国不想带这个烂摊子
2020-04-09,虽然俄罗斯对波兰不友好，但波兰就是个憨批
2020-04-09,美国希望欧洲统一吗
2020-04-09,波兰最阴，他老实实俄罗斯会搞他！？
2020-04-09,感谢中国的文化积累
2020-04-09,喜欢哦
2020-04-09,老阴阳人了
2020-04-09,这样搞效率能快才有鬼呢
2020-04-09,大难临头，各自飞哈哈哈
2020-04-09,不希望请继续
2020-04-09,下次一定
2020-04-09,前面那位喊老公的给我出来！！！！
2020-04-09,下次一定
2020-04-09,乳德
2020-04-09,乳法
2020-04-09,乳英
2020-04-09,下次一定
2020-04-09,？？？？
2020-04-09,名称和含义太没有辨识度了
2020-04-09,下次一定
2020-04-09,真棒
2020-04-09,开始吟唱
2020-04-09,我反对
2020-04-09,分久必合合久必分
2020-04-09,非常犀利独到，立马爱了
2020-04-09,钢铁洪流
2020-04-09,好多知识点
2020-04-09,一定
2020-04-09,一体化的闭嘴
2020-04-09,不希望
2020-04-09,tougebiba
2020-04-09,秦始皇书同文，车同轨
2020-04-09,精罗落泪
2020-04-09,谁同意谁反对？
2020-04-09,下次一定
2020-04-09,感谢秦始皇
2020-04-09,下次一定
2020-04-09,为了显得有诚意啊
2020-04-09,?????
2020-04-09,然后就升中国国旗了
2020-04-09,方方出来写日记
2020-04-09,确实不是一个人的功效，但却是一个人带头引起的共鸣
2020-04-09,老强盗了
2020-04-09,帕萨特nb
2020-04-09,法国有空客
2020-04-09,英国nb
2020-04-09,梦回大唐
2020-04-09,下次一定
2020-04-09,哈哈哈
2020-04-09,2333333
2020-04-09,下次一定
2020-04-09,希望是挺好的
2020-04-09,1984是<动物庄园>别名
2020-04-09,论如何在法国人投降之前打败他
2020-04-09,开始吟唱
2020-04-09,开始背课文
2020-04-09,？？？
2020-04-09,下次也不一定
2020-04-09,给我背
2020-04-09,好家伙，可谓一语道破
2020-04-09,抢劫物资，这话说的不对。
2020-04-09,有一说一，他们是嘴炮
2020-04-09,开始眼晕了
2020-04-09,下次一定
2020-04-09,你怎么还没更新
2020-04-09,没跑题好吗，他在分析欧洲不断暴露的各种问题，又是什么导致欧洲现在这样的好吗
2020-04-09,下次一定
2020-04-09,有道理，这是一次欧洲统一进程加速的机会，结果被他们玩崩了
2020-04-09,下次一定
2020-04-09,开卷考啊
2020-04-09,瑞士：不敢说话
2020-04-09,.
2020-04-09,下次一定
2020-04-09,啥都没有
2020-04-09,.
2020-04-09,？？？
2020-04-09,云南酱？
2020-04-09,下次一定
2020-04-09,真香
2020-04-09,下次也不一定
2020-04-09,下次一定
2020-04-09,哈哈哈真诚是真诚不过下次一定
2020-04-09,自己把自己忽悠瘸了
2020-04-09,二货
2020-04-09,哈哈哈哈哈哈
2020-04-09,消化一下
2020-04-09,下次一定
2020-04-09,拖英国干啥
2020-04-09,在中国只会胜者为王哈哈哈哈哈
2020-04-09,哈哈哈哈哈哈
2020-04-09,瑞士:我当时害怕极了
2020-04-09,问什么剧的你再倒回去睁大了眼睛看看屏幕！
2020-04-09,精罗落泪
2020-04-09,这？战争又要来了？
2020-04-09,这会儿为啥有英国了
2020-04-09,下次一定
2020-04-09,这不就三省六部嘛？
2020-04-09,嬴政，不负华夏
2020-04-09,哈哈哈哈哈哈哈
2020-04-09,感觉法兰西的问题在于想的太多而干的太少
2020-04-09,注意旁边女议员的神态hhh
2020-04-09,屁股决定脑袋，你说的简单
2020-04-09,4月4日美国27万了可怕
2020-04-09,引号？？
2020-04-09,中心开花
2020-04-09,美国在笑，
2020-04-09,魏玛共和国
2020-04-09,那百分之一才香，有几个是哦
2020-04-09,老弟你想干嘛？找打？
2020-04-09,返祖现象
2020-04-09,三十年是宗教冲突，新教选候反抗天主教皇帝的好吧...
2020-04-09,？？？迷惑行为
2020-04-09,还有德铁
2020-04-09,我还以为还不趁此机会一统欧洲...
2020-04-09,求
2020-04-09,这是什么剧呀？？
2020-04-09,27w了
2020-04-09,下次一定
2020-04-09,下次一定
2020-04-09,那就拜拜吧您
2020-04-09,不希望
2020-04-09,这个德国错了，是西德
2020-04-09,下次一定
2020-04-09,来了
2020-04-09,波兰和德国才是世仇好吧
2020-04-09,天人合一的传统呀！
2020-04-09,我只能说：干得漂亮
2020-04-09,下次一定
2020-04-09,四战之地要不是地形早被推了
2020-04-09,思想钢印
2020-04-09,是，大臣
2020-04-09,根源在于文字的统一，中国有统一的象形文字，各地人民有认同感，欧美只有拼音文字，导致没有统一的价值观。
2020-04-09,反对一切可还行
2020-04-09,波兰乌克兰把俄罗斯跟欧洲地理上隔离开了
2020-04-09,敌视俄国就对了他们不是欧洲人
2020-04-09,老公
2020-04-09,？？？？？？？？？？？？
2020-04-09,给你们两个月准备开卷考还不好好写
2020-04-09,27万了，美国给爷冲
2020-04-09,精罗震怒
2020-04-09,知识＋1
2020-04-09,你完了，你被盯上了。
2020-04-09,我已经懵了
2020-04-09,我不希望啊
2020-04-09,下次一定
2020-04-09,精罗震怒
2020-04-09,头头开完会
2020-04-09,捷克孤零零的支在里面哈哈哈
2020-04-09,云南酱，你怎么那么坏坏！
2020-04-09,下次一定
2020-04-09,？？？
2020-04-09,@营销号
2020-04-09,德法合并算了
2020-04-09,欧洲尚书省
2020-04-09,小汉
2020-04-09,喜欢！因为他不说哈喽大家喽。
2020-04-09,有道理哦⊙∀⊙！
2020-04-09,问题来了听谁的
2020-04-09,下次一定
2020-04-09,乳了
2020-04-09,我晕了
2020-04-09,Bigbrotheriswatchingyou.
2020-04-09,打打打
2020-04-09,我不希望
2020-04-09,要是没有秦始皇，现在的中华大地不也是这种状态吗？
2020-04-09,下次一定
2020-04-09,下次一定
2020-04-09,不希望
2020-04-09,始皇绝对是伟大的人
2020-04-09,哈哈哈哈哈
2020-04-09,中国要真起飞了
2020-04-09,混蛋
2020-04-09,下次一定~~哈哈
2020-04-09,这是大神级别的人物
2020-04-09,骁哥，我没钱~哈哈哈哈哈哈
2020-04-09,还有英国的忠诚呢
2020-04-09,美国陷阱
2020-04-09,剧名，是，大臣
2020-04-09,看来英国脱欧还是有理由的
2020-04-09,！！！！！是大臣！
2020-04-09,每次下次一定我都是自己手打的
2020-04-09,你们别打了，一起参加一带一路赚钱吧
2020-04-09,全球100万+了
2020-04-09,截胡
2020-04-09,文科生政治选修二国际组织听得津津有味
2020-04-09,我们国家这么厉害呀哈哈哈
2020-04-09,1984好看
2020-04-09,不我不希望
2020-04-09,好像是《是，大臣》
2020-04-09,下次一定
2020-04-09,不可能每家都有小算盘谁都不想被蹭
2020-04-09,什么礼品有没有买过的人给我剧透一下
2020-04-09,德法矛盾不可调节
2020-04-09,德法矛盾不可调和
2020-04-09,"这字幕好想有误吧,下议院应该是houseofcommon吧"
2020-04-09,一具尸体绿化欧洲
2020-04-09,法兰西尼亚和德意志斯坦
2020-04-09,不行！！！
2020-04-09,貌合神离
2020-04-09,下次一定
2020-04-09,祖龙天下第一！
2020-04-09,美国凉凉
2020-04-09,8848
2020-04-09,拿什么制造工业4.0
2020-04-09,说错了，欧洲从未统一过
2020-04-09,一呢
2020-04-09,？
2020-04-09,美国40万了
2020-04-09,666
2020-04-09,海军封锁
2020-04-09,破交战
2020-04-09,说卡廷惨案的怕是不知道波兰在列宁时期活埋了多少苏联红军，苏联人才不搞以德报怨
2020-04-09,就这样，挺好的
2020-04-09,下次一定
2020-04-09,勒庞就是个混蛋
2020-04-09,夫妻本是同林鸟，大难临头各自飞。
2020-04-09,波俄世仇
2020-04-09,这次一定
2020-04-09,这次一定
2020-04-09,这还算领袖？
2020-04-09,这次一定
2020-04-09,哈哈哈哈哈，打蛋器这个说法好文雅
2020-04-09,干的漂亮
2020-04-09,汉皮！
2020-04-09,哈哈哈哈哈哈哈哈哈哈哈哈哈哈哈哈哈
2020-04-09,啊！汉皮！！！
2020-04-09,笑死
2020-04-09,反对一切什么鬼
2020-04-09,。。。。。。。
2020-04-09,波兰二战没给打够是不是
2020-04-09,真香定律永不过时
2020-04-09,今日乳法
2020-04-09,谦逊（法式白）
2020-04-09,不希望，杀之祭天
2020-04-09,下次一定
2020-04-09,开始全文背诵
2020-04-09,老大哥在看着你
2020-04-09,哈哈哈
2020-04-09,全欧洲的无产阶级，联合起来！
2020-04-09,哈哈哈哈哈哈哈哈哈哈哈哈哈
2020-04-09,简单明了，言简意赅，爱了爱了
2020-04-09,说的太好了
2020-04-09,然后被美国打劫了哈哈哈哈哈
2020-04-09,牛奶海出现了，在美国
2020-04-09,1984可还行
2020-04-09,精罗狂喜！
2020-04-09,吊我胃口？！
2020-04-09,三省六部？
2020-04-09,爱尔兰堂堂欧洲小虎变成了欧洲五废柴的一员
2020-04-09,下次一定
2020-04-09,特朗普
2020-04-09,下次一定
2020-04-09,丢人
2020-04-09,大理哎
2020-04-09,瑞士还中立……
2020-04-09,言官
2020-04-09,精辟
2020-04-09,下次一定
2020-04-09,黄油山，红酒湖，牛奶海，羊肉战，鳕鱼堆好吃吗？好不好吃呀？
2020-04-09,这不自由，我替他们反对
2020-04-09,精哈震怒
2020-04-09,你也说了，欧洲已经分裂了千年了
2020-04-09,经济控制
2020-04-09,溜了溜了
2020-04-09,套娃？？？？？？
2020-04-09,下次也不一定
2020-04-09,波兰。。。永不灭亡
2020-04-09,???????????????????????
2020-04-09,哈哈哈哈哈哈哈哈是大臣
2020-04-09,我要发666
2020-04-09,下次一定2333
2020-04-09,美国终死
2020-04-09,再见。我要去拿博士学位了哈哈哈哈哈
2020-04-09,下次一定
2020-04-09,4.3美国25万了
2020-04-09,？？？？
2020-04-09,23333
2020-04-09,汇率变低了，是打击没错
2020-04-09,不不不，请他们继续，美国也请继续
2020-04-09,下次一定
2020-04-09,中国表示吃瓜也挺好的
2020-04-09,以为远一点就没事儿了吗
2020-04-09,海狼战术
2020-04-09,但瑞士签署了申根协定
2020-04-09,人类之光格陵兰呢
2020-04-09,荷兰病
2020-04-09,有事您扣小披，乐意为您效劳
2020-04-09,我不希望
2020-04-09,谁有这魄力，不是谁都能当秦始皇，而且秦国也是几代积蓄，时代也变了
2020-04-09,我不愿意
2020-04-09,文化都被汉文化同化了
2020-04-09,这不自由
2020-04-09,下次一定
2020-04-09,合久必分，分了再分
2020-04-09,美国，欧洲，都去死。衷心的心愿
2020-04-09,想多了
2020-04-09,要知道，中西方都出过秦始皇一样的人，但是只有中国有汉武帝，汉承秦制才是大一统思想永久流传的根本
2020-04-09,秦始皇不是靠呼吁统一六国的233333
2020-04-09,这次一定
2020-04-09,罗马帝国是地中海一体化
2020-04-09,甩锅
2020-04-09,划重点
2020-04-09,他们没有伟大的政治家
2020-04-09,中国统一了他们没统一
2020-04-09,能听明白！
2020-04-09,欧盟飞飞飞
2020-04-09,乳法？
2020-04-09,下次一定
2020-04-09,千古一帝，真的是功过后人谈啊………
2020-04-09,不可能的
2020-04-09,什么是workethic
2020-04-09,美国24＋
2020-04-09,欧洲加油哈哈哈哈哈
2020-04-09,不我不希望
2020-04-09,下次一定
2020-04-09,666
2020-04-09,XXX
2020-04-09,默克尔根本没办法拒绝
2020-04-09,波兰是西斯拉夫，早就和俄罗斯不对付，但是乌克兰作为东斯拉夫的发源地，居然和最大的东斯拉夫国家不对付，反俄急先锋，真的比td还能分裂
2020-04-09,来了
2020-04-09,因为秦始皇没有世界地图
2020-04-09,背景音乐是啥
2020-04-09,美国24万了
2020-04-09,一定不买
2020-04-09,听不懂的你政治必修一不过关啊
2020-04-09,他们没统一也挺好，文化多样性
2020-04-09,波兰，一个凭实力在地图上若隐若现的国家
2020-04-09,王马尧
2020-04-09,王马尧
2020-04-09,一部神剧治欧洲
2020-04-09,我不希望
2020-04-09,秦并天下，汉并天下，晋并天下
2020-04-09,欧盟已经事实上分解了
2020-04-09,下次一定
2020-04-09,不希望？欧洲炸了一带一路还做不做了？
2020-04-09,下次一定
2020-04-09,帅哥好
2020-04-09,..
2020-04-09,那么，这次一定
2020-04-09,"hai,不是gai"
2020-04-09,咋一碰就碎呢？
2020-04-09,众所周知，二战是奥地利人发起的。
2020-04-09,优秀答卷
2020-04-09,夫妻本是同林鸟大难来时各自飞
2020-04-09,2333、
2020-04-09,德意志：我要再度踏平欧洲！！！
2020-04-09,始皇帝牛逼
2020-04-09,下次一定哦
2020-04-09,瑟瑟发抖
2020-04-09,德国闪电击波兰
2020-04-09,同意前面关于周朝的说法。周朝提供了统一的法理
2020-04-09,现在他们就需要一个落魄的画家，一个奥地利的下士
2020-04-09,灵活变通德意志，立场坚定意大利，虚心谦逊法兰西
2020-04-09,欧洲统一对多极化确实是有好处的，但是美国不可能允许欧洲统一
2020-04-09,云南……
2020-04-09,云南………
2020-04-09,不希望
2020-04-09,欧盟就是个笑话
2020-04-09,笑死
2020-04-09,没可能的
2020-04-09,现在呢？
2020-04-09,哈哈，英国亏死了
2020-04-09,什么叫职业精神
2020-04-09,那玩意在谁手上算谁的
2020-04-09,WAO1
2020-04-09,欧洲人普遍自我意识过剩
2020-04-09,别念了师傅
2020-04-09,下次一定
2020-04-09,反对٩(๑^o^๑)۶一切怪牛逼嘛
2020-04-09,大秦始皇帝千秋万代亿兆斯年
2020-04-09,三省六部
2020-04-09,吉姆雷诺
2020-04-09,潮水来了就看出谁不会游泳
2020-04-09,黄嫖
2020-04-09,我不希望
2020-04-09,因为美国要卖军火
2020-04-09,欧洲国家都是表面和谐，内里暗潮汹涌
2020-04-09,下次一定
2020-04-09,下次一定
2020-04-09,欧洲没有中国大吧？
2020-04-09,？？？？？
2020-04-09,哈哈哈并不希望他们大统一
2020-04-09,重庆人民表示当时慌得一比
2020-04-09,欧洲：老祖宗的东西不能丟！
2020-04-09,猜疑链
2020-04-09,哈哈哈
2020-04-09,我不，下次一定
2020-04-09,千古一帝秦始皇
2020-04-09,不希望+1
2020-04-09,王晓的胡茬。。。。。。
2020-04-09,他若安好那还得了！！！！
2020-04-09,有点贵啊
2020-04-09,不！我不希望
2020-04-09,而且美国需要达到一百万才能及格
2020-04-09,我们不希望
2020-04-09,波兰下次战争还会被灭国
2020-04-09,他们不想看见除自己以外的人做老大建不起来的
2020-04-09,嬴政刘邦，中华民族
2020-04-09,欧洲维京传统
2020-04-09,中国NB
2020-04-09,yesminister
2020-04-09,波兰被俄国灭国两次了
2020-04-09,下次一定
2020-04-09,笑笑，又被谢了
2020-04-09,自由即奴役
2020-04-09,不要无脑好吧
2020-04-09,？有事吗
2020-04-09,德国不是还抢美国了吗？又不是只欺负你意大利和瑞士
2020-04-09,有一说一意大利战队能力真的强
2020-04-09,默克尔因此风评被害
2020-04-09,精罗落泪
2020-04-09,??
2020-04-09,下次一定
2020-04-09,阿拉伯之冬。后面来看是灾难型的。
2020-04-09,不，我希望是现在的欧洲
2020-04-09,下次一定
2020-04-09,神剧亮了，冒泡
2020-04-09,左右横跳
2020-04-09,精罗落泪
2020-04-09,疫情是全是的事
2020-04-09,病毒：芜湖，起飞
2020-04-09,闪“电”战
2020-04-09,精罗落泪
2020-04-09,这样做事能快？
2020-04-09,反对一切
2020-04-09,呵呵呵呵呵呵呵呵呵呵呵呵
2020-04-09,真的很心痛！！！和平万岁！！！
2020-04-09,←_←。。。
2020-04-09,？
2020-04-09,本来救没什么感情
2020-04-09,活G
