2020-06-15,姐姐好
2020-06-15,合法宅男救过233
2020-06-15,美国200W
2020-06-15,浪屁救也救不起啊阿美利加已经200万了
2020-06-15,感谢武汉，感谢付出的英雄们
2020-06-15,美国两百万了
2020-06-15,美国两百万了
2020-06-15,然后我就增重了
2020-06-15,给智贤姐点赞
2020-06-15,保护
2020-06-15,没有任何一个国家可以和中国比
2020-06-15,救不动
2020-06-15,保护
2020-06-15,孩子胖了十几斤
2020-06-15,就说找不到之前的了
2020-06-15,夜间打劝？
2020-06-15,美国200w了
2020-06-15,过了个疫情反而要减肥了.....
2020-06-15,美国197W前来考古
2020-06-15,智贤姐、智贤姐、智贤姐、智贤姐、智贤姐
2020-06-15,美国200万前来考古
2020-06-15,别夸啦！我们就是怕死啦
2020-06-15,自豪的叉会腰
2020-06-15,姐，我瘦了
2020-06-15,果然武汉省
2020-06-15,一生不悔生在种花国。骄傲！
2020-06-15,真是的，有这么一天你可以啥也不干就问国家做贡献，为啥要出门[滑稽保命]
2020-06-15,武汉九省通衢
2020-06-15,我们牺牲了巨大的经济
2020-06-15,主要还是国家强大、物资丰富、国人团结
2020-06-15,美国快二百万了
2020-06-15,我们真的很乖
2020-06-15,姐姐来大陆吧
2020-06-15,救不了哈哈哈哈哈哈啊哈，美国10人懂？
2020-06-15,武汉是个英雄的城市
2020-06-15,中国是九州一方有难八方支援
2020-06-15,保护
2020-06-15,这次疫情，让我们真正了解了自己的同胞们！
2020-06-15,都超听话的！
2020-06-15,仙姐加油！
2020-06-15,护我智贤姐
2020-06-15,美国170万。。。死亡超过10万
2020-06-15,太真实了
2020-06-15,智贤姐来B站了，快去支持一下啊
2020-06-15,所以中国人最有可能群体四维升级？
2020-06-15,凝聚力
2020-06-15,6月2日美国180万来考古
2020-06-15,我妈说我胖了
2020-06-15,蛮憨
2020-06-15,傲娇叉腰
2020-06-15,没有她看不透的
2020-06-15,什么都明白
2020-06-15,赞赞赞赞赞赞赞
2020-06-15,保护智贤姐！
2020-06-15,抓了多少逃犯
2020-06-15,美国很坚强的，百来万的病患分散到50个州，洒洒水啦
2020-06-15,自己人
2020-06-15,武汉封城之前，分流了好多到湖北其他市
2020-06-15,会有特殊的人存在，但不影响整体的运作！
2020-06-15,中国人自己的事情
2020-06-15,漂亮！！！！
2020-06-15,老双标了
2020-06-15,这个姐姐口音都在大陆化
2020-06-15,为自己乖乖在家待着而骄傲
2020-06-15,跟现在的美国如出一辙
2020-06-15,14亿人救了，而然救不了全世界的人，自作孽不可活啊
2020-06-15,姐胖了，而且吃的比平时好，尴尬
2020-06-15,说得好心酸，心疼武汉
2020-06-15,国家面前我们超级听话
2020-06-15,美国第二次南北战争了
2020-06-15,中国是智者态度，未来可期
2020-06-15,五星红旗迎风飘扬
2020-06-15,自豪骄傲
2020-06-15,保护智贤姐
2020-06-15,保护
2020-06-15,女性绝对是这场疫情的功臣
2020-06-15,美国累计170万前来考古。
2020-06-15,迅速吗
2020-06-15,。
2020-06-15,姐姐在哪里，去央视吧！
2020-06-15,美国累计157万。
2020-06-15,英雄城市
2020-06-15,已经进驻b站，为黄智贤工作室
2020-06-15,风火雷电
2020-06-15,美国160万了
2020-06-15,美国167万来考古
2020-06-15,根本沒有《乖乖》待在家
2020-06-15,沒有很好啊，火神山
2020-06-15,沒有啊～哈哈
2020-06-15,友军
2020-06-15,强！
2020-06-15,武汉省委？
2020-06-15,也胖了，愁啊
2020-06-15,支持！支持！支持！支持！支持！支持！
2020-06-15,保护
2020-06-15,强者和弱者的区别
2020-06-15,封一城，救一国！
2020-06-15,我疫情期间吃胖了十斤
2020-06-15,泪目看到说日本的我突然笑了
2020-06-15,万绿丛中一点红
2020-06-15,感谢马克思主义
2020-06-15,蛮憨（狗头保命）
2020-06-15,这是一座英雄的城市
2020-06-15,方方就是条狗
2020-06-15,应该说是全宇宙第一
2020-06-15,胖了十斤
2020-06-15,她是一个爱台湾的台湾人，只是比较清醒
2020-06-15,"美国160万了,5月22前来考古"
2020-06-15,170万前来考古
2020-06-15,叉会儿腰
2020-06-15,保护
2020-06-15,确实预言了！不敢想象其他国家是这样的答卷
2020-06-15,美国一百五十多万了，川普认为是奖章！
2020-06-15,全靠同行衬托！哈哈，过誉过誉
2020-06-15,157w前来合影
2020-06-15,拼命带队友，队友疯狂送，
2020-06-15,这地方跟我老家好像啊，这房子，这路…
2020-06-15,韩国抑制疫情的速度也挺快的，实事求是地说
2020-06-15,智贤是友军，不许喷。蓝营的
2020-06-15,前面说美国100万病例的现在155万了
2020-06-15,保护
2020-06-15,5月18日美国152万例前来考古
2020-06-15,加油ヾ(◍°∇°◍)ﾉﾞ
2020-06-15,老双标了
2020-06-15,我说我主要是怕死，你信吗？
2020-06-15,你这样有良心的台湾人太少
2020-06-15,黄老师，加油！支持您！
2020-06-15,加油哦
2020-06-15,不用想象了，其他国家的结局已经看到
2020-06-15,美国141W.
2020-06-15,中国这一大家子nb
2020-06-15,美国146w前来考古
2020-06-15,保護友軍
2020-06-15,保護
2020-06-15,保護
2020-06-15,不是我们做得多好，全靠各位同行衬托
2020-06-15,美国今天144万了
2020-06-15,那个憨批
2020-06-15,因为我们宅
2020-06-15,换帅是应该的。
2020-06-15,财富密码
2020-06-15,11
2020-06-15,美国130万前来考古
2020-06-15,爱你女神
2020-06-15,老同胞
2020-06-15,祖国我的祖国中国！
2020-06-15,好同志，来内地定居吧，你太好了，台湾不适合你。
2020-06-15,疫情期间做菜的手艺都变好了哈哈
2020-06-15,在家玩的好开心
2020-06-15,美国200万了死亡10万了
2020-06-15,130万的来考古
2020-06-15,保护
2020-06-15,何止封城，是封国。。。
2020-06-15,全世界没有，人家不领情
2020-06-15,保护我方输出。女神射手在先DOSS
2020-06-15,保护
2020-06-15,我爱我的祖国
2020-06-15,保护智贤姐
2020-06-15,智贤姐要保护好自己
2020-06-15,支援友军
2020-06-15,保护
2020-06-15,美国130万了
2020-06-15,我们这的医院门口放了护士们的照片招牌写着欢迎援鄂英雄归来
2020-06-15,保护
2020-06-15,我不想上班，宅在家挺好。
2020-06-15,美国130万来考古
2020-06-15,嗯，我很乖
2020-06-15,封一个小国差不多
2020-06-15,一言不合就讲证据，哈哈贤姐威武！
2020-06-15,保护友军
2020-06-15,当代鲁迅
2020-06-15,中国人民万岁
2020-06-15,有多少b站用户知道雨衣妹妹这个人？
2020-06-15,冻住不许走
2020-06-15,自己人
2020-06-15,我胖了15斤，过于生草
2020-06-15,黄姐姐又可以播了吗
2020-06-15,美国100万
2020-06-15,保护
2020-06-15,115万了，坐等米利坚200万
2020-06-15,118万了
2020-06-15,这些帐都记着，以后慢慢算
2020-06-15,这个真牛逼
2020-06-15,保护
2020-06-15,保护
2020-06-15,保护
2020-06-15,保护友军
2020-06-15,吃河豚
2020-06-15,人民的力量
2020-06-15,美国116万
2020-06-15,黄智贤！！！
2020-06-15,姐姐加油加油！！！
2020-06-15,一省包一市
2020-06-15,隔离的时间内，锻炼了身体，学习了新的技能
2020-06-15,好骄傲啊
2020-06-15,真的！！！！1
2020-06-15,美国100W了
2020-06-15,中国牛逼！！！
2020-06-15,李兰娟NB！
2020-06-15,美国一百多万前来考古
2020-06-15,你怎么那么中国人
2020-06-15,泪目了！
2020-06-15,这段时间全国人民胖了多少亿斤肉啊
2020-06-15,我这藏不住的民族自豪感……
2020-06-15,美国百万确诊，世界三百万确诊，前来考古
2020-06-15,友军？这是同志！
2020-06-15,胖十斤+1
2020-06-15,美国一百万前来考古
2020-06-15,全家皆绿出了个深深红……
2020-06-15,颟顸
2020-06-15,自我催眠
2020-06-15,泪目
2020-06-15,感动
2020-06-15,国力强，人民素质也高
2020-06-15,感谢武汉
2020-06-15,叉腰，45度。
2020-06-15,美国一百多万了
2020-06-15,牛批坏了，叉会儿腰
2020-06-15,保护
2020-06-15,保护
2020-06-15,我们是伟大的民族
2020-06-15,美国100万前来考古
2020-06-15,友军友军
2020-06-15,战忽局安排一下
2020-06-15,团结是真最重要是怕死
2020-06-15,台湾在日据时期被进行奴化教育
2020-06-15,泪目
2020-06-15,武汉人民都是英雄
2020-06-15,武汉是真的惨
2020-06-15,中国nb武汉nb
2020-06-15,每个人都是英雄，每个中国人
2020-06-15,团结的中国人
2020-06-15,4月30日美国喜提100万＋
2020-06-15,来b站有意义吗，她是为了给台湾人民看的，来大陆台湾受众就少了
2020-06-15,致敬
2020-06-15,而且中国封城老百姓都是自愿的，没有军队出来
2020-06-15,这就是中国，我骄傲
2020-06-15,如果中国不先恢复，其它国家哪里来的口罩买
2020-06-15,保护友军
2020-06-15,武汉人民（方方们除外）辛苦了
2020-06-15,我膨胀了
2020-06-15,美国今日超百万
2020-06-15,友军友军，别开枪
2020-06-15,主要是当时过年，囤了东西哈哈
2020-06-15,美国突破100万，前来考古！
2020-06-15,今天看到一个视频下方的评论:为什么不重新恢复金门炮击呢
2020-06-15,我们中国人
2020-06-15,一个灾难后，更爱国了
2020-06-15,加油
2020-06-15,我也刚想说很多自首的
2020-06-15,可给我牛逼坏了，叉会儿腰先
2020-06-15,看到这里莫名哭了
2020-06-15,保护友军
2020-06-15,武汉副省级
2020-06-15,我没在家老实呆着，我在上班！
2020-06-15,贤姐说得我想哭
2020-06-15,保护
2020-06-15,我居然胖了
2020-06-15,、
2020-06-15,泪目
2020-06-15,保护
2020-06-15,美国100万了
2020-06-15,这个是真的细思恐极，国家的凝聚力和执行力的终极体现
2020-06-15,聊我们中国人自己的事情
2020-06-15,智贤姐好
2020-06-15,美国累计92万前来考古
2020-06-15,九省通衢
2020-06-15,美国90万前来考古
2020-06-15,贤姐来b站了
2020-06-15,憨憨
2020-06-15,福建np
2020-06-15,总能被我们团结一心的中国人感动
2020-06-15,现在可以知道了
2020-06-15,现在回过头来看，我们国家真的很有魄力
2020-06-15,好感动！！想想这一段时间，我们国家太难了！！祖国万岁！！
2020-06-15,这是号召力凝聚力的表现
2020-06-15,遇到灾难，明智的一党制是有好处的
2020-06-15,美国人带不动，救不了
2020-06-15,？？？？？？
2020-06-15,武汉这波换血干的确实漂亮
2020-06-15,我们国家是有问题，但是比起西方国家，强太多了
2020-06-15,社区工作人员确实辛苦，每天送菜
2020-06-15,保护
2020-06-15,中国红
2020-06-15,中国NB
2020-06-15,我们不用想象了，其他国家已经发生了。
2020-06-15,真是相由心生啊，英气逼人
2020-06-15,救不了救不了
2020-06-15,智贤姐真正的友军
2020-06-15,真的谢谢每一位中国人我爱中国
2020-06-15,我胖了二十斤
2020-06-15,狗命要紧啊
2020-06-15,九省通衢
2020-06-15,我们自律，我们爱惜，我们团结
2020-06-15,智贤姐我爱你
2020-06-15,没有救了全世界的人，他们该得的ba
2020-06-15,听得我骄傲了
2020-06-15,中国牛批
2020-06-15,我胖了两斤
2020-06-15,我也挺乖的
2020-06-15,政府辛苦了，厉害了我的国
2020-06-15,保护我方输出
2020-06-15,保护
2020-06-15,13斤我都没眼看了
2020-06-15,保护我方智贤姐
2020-06-15,憨憨
2020-06-15,阿中太帅了！！
2020-06-15,全国家出钱啊。nb
2020-06-15,同行衬托
2020-06-15,此生不悔入华夏，来世还做中国人！
2020-06-15,湾湾不会相信的··
2020-06-15,老了很多···压力太大了，加油
2020-06-15,加油贤姐
2020-06-15,武汉省湖北市？
2020-06-15,感谢祖国感谢党
2020-06-15,铲车人集合
2020-06-15,保护
2020-06-15,通过这次疫情我真的感动了！
2020-06-15,湖北也是医疗耗材的主要生产地之一
2020-06-15,虽然我没当过兵但是我宁愿战死不想病死死有轻于鸿毛重于泰山
2020-06-15,保护
2020-06-15,保护
2020-06-15,保护
2020-06-15,特朗普都不肯出钱
2020-06-15,祖国真的超级好的
2020-06-15,听到这样子说哭了
2020-06-15,中国！我爱的祖国！
2020-06-15,黄老师！加油！支持你！
2020-06-15,泪目
2020-06-15,天津那船都来不及宣传
2020-06-15,美国70万了
2020-06-15,中华人民加油
2020-06-15,支持黄姐
2020-06-15,黄姐加油
2020-06-15,红色不可以断
2020-06-15,我们中国人自己的事情
2020-06-15,岂止是武汉，整个湖北都自觉自愿居家隔离
2020-06-15,我爱我的祖国
2020-06-15,中国太棒了
2020-06-15,主要是因为不缺吃喝玩乐在家很开心
2020-06-15,武汉开始垃圾分类了么
2020-06-15,主持人是大陆派呀
2020-06-15,中国人自己的事情好评
2020-06-15,对，不仅没有抢劫的，还有罪犯投案自首的
2020-06-15,保护
2020-06-15,感动了
2020-06-15,智贤姐姐要是台湾的领导人就好了
2020-06-15,保护
2020-06-15,下狠手要我们命啊！真想1000个巨浪炸白宫去
2020-06-15,中央地点，春节前，老美够狠的！
2020-06-15,那个时候我们觉得考得不好，成绩一出世界第一。。。。
2020-06-15,是的武汉值得中国人民世界人民一个谢谢
2020-06-15,我为我的祖国而骄傲
2020-06-15,真的骄傲
2020-06-15,这句话爱了
2020-06-15,感谢快递小哥
2020-06-15,米国70万前来考古
2020-06-15,没错
2020-06-15,就连村庄都做得很好，中国控疫真的很厉害
2020-06-15,福建漳州的自豪！
2020-06-15,我就胖了15斤
2020-06-15,还抓了很多逃犯
2020-06-15,自己人
2020-06-15,中国人自己人的事情，爱了
2020-06-15,种花家
2020-06-15,此生无悔入华夏
2020-06-15,保护
2020-06-15,有奇迹，那一定是中国红
2020-06-15,保护
2020-06-15,这个姐姐居然没什么口音！！我爱了！！
2020-06-15,湖北黄石来了
2020-06-15,就是支部到村
2020-06-15,智贤姐棒棒哒！支持
2020-06-15,开除美分官员
2020-06-15,方方一直传播负能量
2020-06-15,高福第一时间靠边站、、、
2020-06-15,谢谢你武汉
2020-06-15,河南十省通衢
2020-06-15,美国各洲现在在互抢物资
2020-06-15,一省包一市
2020-06-15,没错正是在下
2020-06-15,除了台湾省
2020-06-15,谢谢，把真正的声音传到外边
2020-06-15,伟大
2020-06-15,和老婆造了个二胎，嘻嘻
2020-06-15,那个憨憨
2020-06-15,爷还胖了6斤
2020-06-15,猪队友带不动啊
2020-06-15,让我叉会腰
2020-06-15,伟大的祖国
2020-06-15,生而为中国人三生有幸！
2020-06-15,我们也没把蛙当成人跟我一条心的才算人
2020-06-15,中国老百姓是世界上最好的
2020-06-15,保护
2020-06-15,姐姐，你要保护好自己的安全哈
2020-06-15,泪目
2020-06-15,保护智贤姐
2020-06-15,保护
2020-06-15,不，更早并不一定更完美
2020-06-15,没饿过
2020-06-15,智贤姐！
2020-06-15,美国60万来考古
2020-06-15,党可以
2020-06-15,我胖11斤，现在还在减
2020-06-15,因为我们都相信祖国。
2020-06-15,美国30万前来考古。
2020-06-15,保护
2020-06-15,保护
2020-06-15,世界舞台终于轮到我们叉会腰牛逼一下
2020-06-15,感动
2020-06-15,据说当时太黑暗了
2020-06-15,好
2020-06-15,保护黄智贤！
2020-06-15,智贤姐
2020-06-15,不能想象就用事实来告诉你
2020-06-15,此生无悔入华夏，来生还在种花家。
2020-06-15,此生无悔入华夏，来生还做种花家。
2020-06-15,武汉好样的
2020-06-15,智贤姐好
2020-06-15,保护我方智贤
2020-06-15,中国nb！
2020-06-15,回福建吧，别呆在台湾，一点前途都没有
2020-06-15,有啥奢侈的，我用34寸的LED也才1200RMB
2020-06-15,保护智贤姐
2020-06-15,ly鲁豫算个屁
2020-06-15,保护我方输出
2020-06-15,美国六十万前来考古了
2020-06-15,想想在家歇着就能为国家做贡献，多开心阿
2020-06-15,自豪
2020-06-15,保护
2020-06-15,我胖了好多，开学减肥！
2020-06-15,贤姐
2020-06-15,保护我方
2020-06-15,中国nb
2020-06-15,黄智贤
2020-06-15,福建人真的对对岸有些人给寒心了
2020-06-15,美国优先
2020-06-15,保护
2020-06-15,智贤姐讲的都是正确。
2020-06-15,保护
2020-06-15,保护
2020-06-15,并没有救全世界，实在带不动
2020-06-15,保护自己人
2020-06-15,确实如果发生在美国第一个公开，那...
2020-06-15,粉粉
2020-06-15,智贤姐给力
2020-06-15,当年北京也是换了主帅变好的
2020-06-15,福建管管弯弯
2020-06-15,非典是预警不是太坏的事
2020-06-15,其实这次疫情还是暴露出不少问题的，但总体上这场仗是打赢的了
2020-06-15,那个憨憨
2020-06-15,保护！
2020-06-15,虽然反抗的人也有，但没有组织行动比起其他国家都算轻了。。。
2020-06-15,b站欢迎你
2020-06-15,⭐️
2020-06-15,保护
2020-06-15,智贤姐～
2020-06-15,永远叫不醒装睡的人
2020-06-15,友军勿喷
2020-06-15,不好意思，我瘦了
2020-06-15,全国一心
2020-06-15,智贤姐好！
2020-06-15,瘦了三斤
2020-06-15,因为我们有公共财产党
2020-06-15,吃胖了还憋个二胎....哈哈
2020-06-15,2020是我吃过泡面最多的一年
2020-06-15,方方日记的幕后推手，很不简单！
2020-06-15,不只是武汉是整个湖北乃至整个中国
2020-06-15,躺着就为国家做贡献
2020-06-15,宅家都吃胖了
2020-06-15,我为我的国家感到自豪
2020-06-15,带不动世界
2020-06-15,有智贤姐的付款码么？要转钱支持她。
2020-06-15,其实命令封城的武汉官员从现在的角度看很有先见之明，不怕丢乌纱帽，被各国学习
2020-06-15,然而最新消息，去盖医院的工人被歧视了
2020-06-15,了不起的智贤姐
2020-06-15,智贤姐，你好！
2020-06-15,智贤姐，赞赞赞！
2020-06-15,甚至我还胖了
2020-06-15,我就是中国人民
2020-06-15,一群猪队友中国带不动
2020-06-15,辽宁号都去海峡捕鱼了，还敢谋毒？
2020-06-15,保护我方C位
2020-06-15,我福建人，我觉得骂的不过瘾
2020-06-15,保护
2020-06-15,我胖了十多斤55555555
2020-06-15,铁憨憨
2020-06-15,我长了10公斤
2020-06-15,保护友军
2020-06-15,日本和韩国也是做的很好的！！不能不承认！
2020-06-15,抱歉，没救到全世界
2020-06-15,全世界带不动
2020-06-15,蛮憨
2020-06-15,美国累计46万前来考古
2020-06-15,美国累计46万前来考古
2020-06-15,现在是4月10号，已然应验了，只有学咱听咱的才能看到希望
2020-06-15,东亚中华文化圈，有悠久的家国情怀，所以才能封城
2020-06-15,口吐芬芳不过挺合适
2020-06-15,不是友军，是自己人
2020-06-15,人变白的别跑我有话说
2020-06-15,智贤姐加油✨
2020-06-15,我们17号开学哈哈
2020-06-15,辛苦了
2020-06-15,保护
2020-06-15,中国牛逼!
2020-06-15,保护我方智贤姐
2020-06-15,这个是全国人民的努力！！！这次疫情全国人民都是英雄！！！
2020-06-15,种菜吃
2020-06-15,我瘦了。。。没有健身房肌肉掉了。。哈哈
2020-06-15,支持
2020-06-15,还胖啦！！！！！！
2020-06-15,我真是太爱智贤姐姐了，每天都来听一遍姐姐说政治
2020-06-15,保护
2020-06-15,表白智贤姐
2020-06-15,叉会腰
2020-06-15,彻底对台湾失望！
2020-06-15,对台湾彻底失望。
2020-06-15,然后美国确诊44万了。
2020-06-15,刚好在中国的中间刚好是春节前夕，
2020-06-15,感谢武汉！
2020-06-15,致敬
2020-06-15,不膨胀
2020-06-15,保护
2020-06-15,抢劫不是抢救哈哈，小编字幕打错了
2020-06-15,立刻安排入党！！！
2020-06-15,我爱中国
2020-06-15,三观太正了爱了爱了
2020-06-15,保护
2020-06-15,感谢武汉同胞们
2020-06-15,剑及履及
2020-06-15,友军友军
2020-06-15,三连了听这句话
2020-06-15,保护
2020-06-15,保护
2020-06-15,美国40万前来考古
2020-06-15,堪比美片
2020-06-15,我们那时候基本陆陆续续开始全国各省都开始封闭了，都开始帮助湖北的同时解决自己本地的疫情
2020-06-15,加油啊，台湾也要好好的
2020-06-15,智贤姐来b站了
2020-06-15,智贤姐来b站了，大家可以去支持他
2020-06-15,这件事真的值得骄傲
2020-06-15,我也胖了
2020-06-15,保护
2020-06-15,预言成功
2020-06-15,你们真的好乖呀
2020-06-15,全靠友邦衬托
2020-06-15,美国喜提40万来考古。
2020-06-15,外卖简直是有先见之明的伟大发明。
2020-06-15,智贤姐！！
2020-06-15,给一个币
2020-06-15,自己人
2020-06-15,一夜之间，不仅是武汉，连湖北都封了
2020-06-15,这就是大预言家嘛，i了i了
2020-06-15,4.8武汉解封了
2020-06-15,保护
2020-06-15,还是老一辈的基础啊，光一个土改，就让人祖祖辈辈有家
2020-06-15,保护
2020-06-15,请容我骄傲
2020-06-15,外卖是我了
2020-06-15,谁切的洋葱拿远点
2020-06-15,中国团结一条心
2020-06-15,武汉解封啦
2020-06-15,保护
2020-06-15,也只有中国才能在这么短的时间里举全国之力以自救
2020-06-15,保护智贤姐
2020-06-15,解葑了
2020-06-15,美国40万了
2020-06-15,这很奇怪吗中国的政治制度就决定了。处理这种突发事件本来就有优势
2020-06-15,保护
2020-06-15,智贤姐你好
2020-06-15,越听越感觉牛逼
2020-06-15,今天→_→武汉解封
2020-06-15,救不了全世界，作死的太多
2020-06-15,其实也有少部分发疯的，吐口水骂医护
2020-06-15,黄姐NB
2020-06-15,哈哈哈哈哈牛逼
2020-06-15,但还有人跑了
2020-06-15,保护台湾兔智贤姐
2020-06-15,保护保护
2020-06-15,中国牛壁
2020-06-15,不仅够吃，解禁后还得忙着减肥
2020-06-15,想哭
2020-06-15,这就是中国！
2020-06-15,我们上下一条心
2020-06-15,听国家的话
2020-06-15,八方支援你拿英语翻译一下，它们文库里没有
2020-06-15,看到外国蒙B俺好高兴，它们能了解我们刻在我们骨子里的文化吗
2020-06-15,前面的，辽宁从事医疗的人才是最多的
2020-06-15,我不知道大家咋想，反正我们这里我接触的所有人现在都特反感台湾人，它们把我们的耐心成功耗没了。。
2020-06-15,智贤姐台湾封你的节目欢迎你来大陆发展
2020-06-15,九省通衢之地诶，开~玩~笑
2020-06-15,低调低调
2020-06-15,有东西吃的主要原因是过年啊，哈哈，家里囤了一堆吃的
2020-06-15,保护
2020-06-15,来大陆！我们保护你！
2020-06-15,加油！智贤姐！
2020-06-15,湖北到任何一个省级最多跨两个省
2020-06-15,就是强国啊，怎么样，不服吗绿娃们！保护智贤姐！
2020-06-15,惜命没错啊真不知道他们骄傲什么
2020-06-15,换的好，换的好
2020-06-15,在家很幸福就是不小心添了人口
2020-06-15,智贤姐加油
2020-06-15,1.5倍食用最佳
2020-06-15,保护友军
2020-06-15,救不了全世界只能救中国。给他们争取了那么多时间，他们自己不要。现在他们也已经付出代价了，而我们也带不动了。
2020-06-15,智贤姐好呀
2020-06-15,友军
2020-06-15,武汉人叉会腰
2020-06-15,我们听话
2020-06-15,我还以为看不到了
2020-06-15,有啊，我们这里假扮警察疫情检查开始抢劫！
2020-06-15,还不够强，台湾还没统一
2020-06-15,照抄你都不会
2020-06-15,换帅这波操作真的牛逼
2020-06-15,保护
2020-06-15,贤姐可以…
2020-06-15,14亿差不多，全世界实在是带不动
2020-06-15,武汉受委屈了
2020-06-15,老朋友
2020-06-15,智贤姐来B站了
2020-06-15,md小时候看这栋楼还挺好现在好丑啊
2020-06-15,现在国外更荒诞
2020-06-15,朝廷可以啊
2020-06-15,中国NB
2020-06-15,哈哈哈，我东风快递的国内业务已经相当成熟了（暗示）
2020-06-15,智贤姐好
2020-06-15,看得我好激动
2020-06-15,李凉凉
2020-06-15,我在家里呆了几个月天天吃都不敢称体重
2020-06-15,一句中国人，厉害！！
2020-06-15,必须三连
2020-06-15,这真的是自觉啊，为自己负责为大家负责
2020-06-15,女神
2020-06-15,黄姐好
2020-06-15,很骄傲
2020-06-15,武汉人民感恩大家的帮助
2020-06-15,加油
2020-06-15,1000片口罩发货了吗？蔡？
2020-06-15,爱你❤
2020-06-15,谁说女子不如男
2020-06-15,美国30万了，是是全球110万了
2020-06-15,这个疫情无论是那个省也不可能比湖北做的好
2020-06-15,低调低调
2020-06-15,为我们自己感动，为中国感动
2020-06-15,感动
2020-06-15,友军友军
2020-06-15,很敬佩她在台湾能说这些
2020-06-15,救不了全世界，毕竟救不了非要作死的
2020-06-15,此人是战忽局的敌人
2020-06-15,而且还能上班，钉钉警告
2020-06-15,武汉的很多官都换了
2020-06-15,老友军了
2020-06-15,智贤姐姐
2020-06-15,哈哈哈
2020-06-15,哈哈哈
2020-06-15,保护
2020-06-15,大大力支持
2020-06-15,"我胖了，现在53公斤了,,Ծ^Ծ,,"
2020-06-15,这就是传说中那个保护祖国的女人吗
2020-06-15,不把我们当人也挺好，要不动手死一片人后不用那么内疚
2020-06-15,别说什么是我们为他们争取时间了，同时爆发的我们先管制就成我们先爆发了，这是什么道理
2020-06-15,要人，也要岛，把毒派枪毙！！！
2020-06-15,最明白人之一
2020-06-15,美团外卖!!!
2020-06-15,全台湾唯一正常的人
2020-06-15,几千亿啊
2020-06-15,封城之前就有人看形势不好提议，还有傻子就看自己的利益会骂。打脸吧
2020-06-15,中国NB
2020-06-15,中国速度
2020-06-15,1.25倍新大陆
2020-06-15,我也超乖~
2020-06-15,别谋独了这正谋统一呢
2020-06-15,奇迹中国
2020-06-15,灭了台湾气死人了
2020-06-15,非典时期，首都照样封
2020-06-15,她是多年老友了。。。哈哈
2020-06-15,为自己是中国人感到自豪
2020-06-15,美国日增3万前来考古
2020-06-15,又是台湾？
2020-06-15,4.3号看美国意大利疫情肆虐，太佩服国家领导人的决策了
2020-06-15,战争潜力太大了，令人恐惧
2020-06-15,我们中国人自己的事情！这句话爱了
2020-06-15,保护
2020-06-15,当代脊梁。
2020-06-15,中国nb！
2020-06-15,以疫谋独很过分！中国一点也不能少！
2020-06-15,祖国我爱你！！！！
2020-06-15,国人对于疫情有经验，也有很强的防范意识
2020-06-15,您也辛苦了，谢谢您
2020-06-15,感謝京東感謝所有的快遞小哥
2020-06-15,中国牛逼
2020-06-15,居家胖十斤
2020-06-15,喜欢你
2020-06-15,美国25万确诊了已经
2020-06-15,可外国根本不当回事，没做准备搞到现在医疗崩溃
2020-06-15,预言成功
2020-06-15,中国nb
2020-06-15,我们是全国响应
2020-06-15,这是中华民族
2020-06-15,此生无悔入华夏，来生还做中国人
2020-06-15,也不全是，总有那么几个愤青
2020-06-15,必须搞清楚病毒源头太吓人
2020-06-15,󾓭󾓭󾓭󾓭󾓭󾓭󾓭󾓭󾓭󾓭󾓭󾓭󾓭󾓭󾓭󾓭󾓭󾓭󾓭󾓭󾓭󾓭󾓭󾓭󾓭󾓭󾓭
2020-06-15,保护
2020-06-15,后面的这个文字排版，真的，，，
2020-06-15,我胖了30斤
2020-06-15,赶紧收了吧
2020-06-15,毛子哥应该也可以
2020-06-15,保护
2020-06-15,智贤姐加油
2020-06-15,我瞎了
2020-06-15,都是大佬
2020-06-15,怕死
2020-06-15,骄傲
2020-06-15,前面胖十斤的也等等我
2020-06-15,宅男高兴了
2020-06-15,阿中太强了！！！
2020-06-15,预言家
2020-06-15,保护
2020-06-15,湾湾不会连饭都没得吃吧
2020-06-15,胖了
2020-06-15,保护
2020-06-15,老黄说话还是诚恳的，等台湾同意了，欢迎你继续评论市政
2020-06-15,保护保护
2020-06-15,友军友军
2020-06-15,体制问题，毕竟儒家思想在那里，根深蒂固。
2020-06-15,中国制度体系的保障
2020-06-15,别的国家真做不到
2020-06-15,中国制度体体系的保障
2020-06-15,保护贤姐
2020-06-15,来世还来种花家！！！
2020-06-15,骄傲！！！！
2020-06-15,保护我方智贤姐！！！
2020-06-15,智贤姐威武！
2020-06-15,智贤姐！
2020-06-15,太优秀了我的姐
2020-06-15,保护
2020-06-15,我的祖国！！
2020-06-15,但是看到了一堆沙雕23333
2020-06-15,真的是这次给很多人的感受
2020-06-15,你挨个点名计数的500万？
2020-06-15,出去的500万去你家了？
2020-06-15,泪目
2020-06-15,哈哈哈是的我也胖了十斤
2020-06-15,让我叉会腰
2020-06-15,福建牛逼
2020-06-15,福建赛高
2020-06-15,福建日报nb
2020-06-15,智贤姐台湾脊梁
2020-06-15,不知道她有没有账号，想给她支持
2020-06-15,换掉2333
2020-06-15,这就是中国文化，团结
2020-06-15,这里伙食好啊
2020-06-15,说句良心话，武汉人民真的牛逼！、
2020-06-15,说的太准确到位了
2020-06-15,节目一个月后，美国爆了
2020-06-15,中国牛逼！
2020-06-15,武汉没有省委……
2020-06-15,保护
2020-06-15,明理人
2020-06-15,希望过段时间去吃热干面
2020-06-15,我的腹肌变
2020-06-15,两个字特么牛逼
2020-06-15,红色不能断
2020-06-15,叶问了！！！前边的夜间
2020-06-15,中国加油
2020-06-15,武汉省委？
2020-06-15,舔日..
2020-06-15,保护
2020-06-15,保护
2020-06-15,智贤姐好
2020-06-15,隔离那会外国人都在看我们笑话，现在数据证明了
2020-06-15,一方有难八方支援，这就是中国
2020-06-15,我胖了好多
2020-06-15,全国一条心
2020-06-15,智贤姐姐。
2020-06-15,巾帼英雄智贤姐
2020-06-15,泪目
2020-06-15,我特喵也胖了～
2020-06-15,哈麻批
2020-06-15,被作业折磨的我表示瘦了
2020-06-15,为我中华儿女而自豪
2020-06-15,胖十斤那个我给你逗笑了
2020-06-15,此生无悔入华夏
2020-06-15,现代鲁迅
2020-06-15,啊
2020-06-15,因为我们是中国人!我们的政府nb!我们的人民nb!
2020-06-15,我们的人民很棒！我们的中国更棒！
2020-06-15,这次也是集中举国之力办一件事情
2020-06-15,保护我方智贤姐
2020-06-15,中国人民是团结的
2020-06-15,真个真是牛我们连隔壁村都路障隔离z哈哈
2020-06-15,现在可以看到其他国家怎么样了哈哈哈
2020-06-15,智贤姐好！
2020-06-15,现在感染人数不及美国的零头
2020-06-15,泪目
2020-06-15,台湾以前是福建一个市，福建骂台湾很正常
2020-06-15,那个憨批
2020-06-15,我窝在家里两个多月了，被自己深深的感动到了，做为中国人，我骄傲
2020-06-15,保护
2020-06-15,加油智贤姐
2020-06-15,我这栋出现一例病人，在家隔离了14天人都胖了，政府送的物资很足
2020-06-15,我们救不了全世界，想死不用救
2020-06-15,泪目
2020-06-15,智贤姐真的不容易，在台湾坚持发出自己的声音
2020-06-15,中国体制越来越好了，也越来越透明了。
2020-06-15,智贤姐好
2020-06-15,因为和放飞的自由相比我们更愿意牺牲一些自由换取生命...
2020-06-15,带预言家啊
2020-06-15,叉腰！我骄傲！
2020-06-15,武汉辛苦了
2020-06-15,还有网上。。这是最重要的
2020-06-15,2020年的中国年足够让全世界人记一辈子。
2020-06-15,我在家倒是吃得安逸。。北京烤鸭都吃了几回。哈哈！
2020-06-15,我们在家都隔离了近几个月了。从春节之前就开始隔离了。我们贵州做得比武汉快。
2020-06-15,4.1美国18万
2020-06-15,中国加油
2020-06-15,感恩祖国
2020-06-15,加油！
2020-06-15,武汉市委
2020-06-15,中国人口数是13亿4000万人
2020-06-15,让国民活得好
2020-06-15,让国民活下来
2020-06-15,把我养胖了10斤
2020-06-15,保护姐姐
2020-06-15,我胖了…
2020-06-15,最主要的是民众配合啊
2020-06-15,保护我方
2020-06-15,偷跑500万
2020-06-15,感谢武汉人民
2020-06-15,智贤姐加油
2020-06-15,黄姐好
2020-06-15,曾经的中华民国首都
2020-06-15,赞赞赞赞赞赞
2020-06-15,毕竟命比较重要
2020-06-15,保护
2020-06-15,颟顸
2020-06-15,智贤姐
2020-06-15,爱了爱了～
2020-06-15,中国医科大学附属盛京医院
2020-06-15,我就有一点好。我不给祖国添乱。
2020-06-15,一看到智贤姐，我就想告诉她，没几年了，你希望的，就能实现了
2020-06-15,国家面前一切个人都要为其让步
2020-06-15,为自己点赞，疫情还捉了不小之前藏匿的罪犯呢
2020-06-15,好骄傲！！生长于幸福温暖的种花家
2020-06-15,原谅弯弯啦！体制不同
2020-06-15,那个憨憨！
2020-06-15,还有谁！
2020-06-15,中国赞\(≧▽≦)/赞
2020-06-15,罪犯都自首了
2020-06-15,武汉加油
2020-06-15,夸的都不好意思了，大姐。
2020-06-15,保护友军
2020-06-15,大大的友军
2020-06-15,此生不悔入华夏
2020-06-15,厉害了我的国
2020-06-15,不要多想我只是想多活几年
2020-06-15,他们会为自己的无知和偏见付出代价的！
2020-06-15,哈哈哈哈哈甚至还胖了
2020-06-15,最可爱的台湾人。
2020-06-15,66666
2020-06-15,日本做法比美国可高明多了
2020-06-15,天天搓麻将。。。
2020-06-15,还是救不了直接问，爆发了
2020-06-15,我已经炒得一手好菜不用叫外卖了
2020-06-15,智贤姐注意安全
2020-06-15,饭做的味道好很多
2020-06-15,准备回归~~~
2020-06-15,医大二院牛逼
2020-06-15,长胖了在家两个月
2020-06-15,中国nb
2020-06-15,这就是动员力和执行力
2020-06-15,友军快保护
2020-06-15,美国12万前来考古
2020-06-15,智贤姐流弊！！！
2020-06-15,夜问打权
2020-06-15,日本的处理方法客观来讲还是很人道的。
2020-06-15,加油
2020-06-15,我们的祖国真的很不容易
2020-06-15,武汉从来都是一个英雄的城市
2020-06-15,我初四就上班了
2020-06-15,胖了十斤的等等我……
2020-06-15,中国文化讲伦理道德，西方文化讲巧取豪夺
2020-06-15,为自己是中国人骄傲！
2020-06-15,武汉加油
2020-06-15,当时是真的觉得封的慢了，消息传出来那么久了才封城，没想到别的国家比我们慢了百倍，终于知道中国有多快了
2020-06-15,一开口，老爱国者了
2020-06-15,一听就是友军
2020-06-15,少出门，是对自己和他人负责
2020-06-15,加油加油！！
2020-06-15,听党指挥，能打胜仗
2020-06-15,我姑娘上完网课，不想去学校了，咋办？？最近还发了好多玩具，能陪她一起玩。。。这咋办？
2020-06-15,前面的，还能在家上课我笑了
2020-06-15,我要膨胀一下
2020-06-15,我们在为国家做贡献，什么叫限制自由
2020-06-15,为智贤姐加油！！！
2020-06-15,贤姐来B站了
2020-06-15,骄傲
2020-06-15,看到我们盛京医院了
2020-06-15,疫情过后准备收复台湾
2020-06-15,别夸了，我就是怕死
2020-06-15,可把我牛逼坏了
2020-06-15,甚至还能上课
2020-06-15,讲实话，我最乖，疫情期间天天呆床上
2020-06-15,带节奏
2020-06-15,友军贤姐！！
2020-06-15,关键时刻不给国家添乱，这是文化传承，以国为重，都分的出轻重缓急
2020-06-15,英雄，我们国家从来不缺
2020-06-15,这是五千年稳定统治下人民被动养成的习惯
2020-06-15,祖国万岁
2020-06-15,军民一家，所向披靡
2020-06-15,军民一家，所向披靡
2020-06-15,换有为、勇为之将点赞
2020-06-15,保护
2020-06-15,如果节目使一个人开窍了，那这个节目就有很大的意义了
2020-06-15,坚定了统一的决心
2020-06-15,我与我的祖国一刻也不能分割
2020-06-15,胖了十斤
2020-06-15,良言难劝该死的鬼
2020-06-15,这个姐姐一直是友军
2020-06-15,铁憨憨
2020-06-15,有不乖的
2020-06-15,剑履上殿，入朝不趋
2020-06-15,不，我们没能救全世界的人
2020-06-15,国力的强大，强啊
2020-06-15,中国牛逼
2020-06-15,红警中国动员兵是吹的吗？
2020-06-15,保护
2020-06-15,可给我牛逼坏了
2020-06-15,我去，全是21比9我酸了
2020-06-15,+
2020-06-15,自己人
2020-06-15,泪目
2020-06-15,还能上课...这个我真笑了
2020-06-15,外国：请全村吃饭
2020-06-15,整个湖北都封了全国人民共同努力的
2020-06-15,天下何人不通共
2020-06-15,泪目
2020-06-15,中国加油
2020-06-15,芜湖，起飞
2020-06-15,这个，是全球任何一个国家不能比的，，哈哈，，，
2020-06-15,因为都怕死的
2020-06-15,我天天在推特怼湾毒，我要出一份力保卫祖国母亲！
2020-06-15,黄姐，安！
2020-06-15,感谢快递小哥，感谢物流系统的大哥
2020-06-15,台湾省终于有个说实话的了
2020-06-15,王者表示带不动啊带不动
2020-06-15,中国NB
2020-06-15,种地
2020-06-15,救了中国人争取到的时间确不能阻止世界爆发
2020-06-15,不用想象了，已经看到了
2020-06-15,老双标了
2020-06-15,当年北京还不是照样封住
2020-06-15,说得好
2020-06-15,友军！
2020-06-15,贤姐
2020-06-15,贤姐好
2020-06-15,中央这次真的很棒，完全看不到回避，就是硬杠
2020-06-15,台湾疫情防控做的非常好
2020-06-15,贤姐明白人
2020-06-15,最重要当时还是春节，个个都想出门的节日
2020-06-15,主要是怕是你知道吗
2020-06-15,十天建成火神山医院
2020-06-15,智贤姐真的分析很到位
2020-06-15,救不了全世界的人
2020-06-15,2050年中国世界中心
2020-06-15,因为中国人民有信仰
2020-06-15,正常中国医科大学在辽宁
2020-06-15,我为祖国的力挽狂澜骄傲
2020-06-15,那个憨憨
2020-06-15,我们很棒
2020-06-15,这还慢？说这话的你现在是开了上帝视角
2020-06-15,我也胖了
2020-06-15,伪皇宫表示感谢热干面
2020-06-15,长春表示感谢武汉
2020-06-15,也要感谢村长，天天给我们嗷嗷叫，哈哈哈
2020-06-15,友军
2020-06-15,制度优势
2020-06-15,泪目
2020-06-15,只有靠大家的力量
2020-06-15,是人民治国的优点
2020-06-15,这一句话顶
2020-06-15,还好我宅
2020-06-15,全民免疫才是真正让人惊掉下巴！！！
2020-06-15,保护
2020-06-15,我在广州两个月没出门了，也差不多
2020-06-15,没有人比我更懂乖字怎么写
2020-06-15,叉会儿腰
2020-06-15,那个憨批
2020-06-15,我们还是要感谢那些社区人员有了他们才能传达到各个小区和每个居民
2020-06-15,都是同行的衬托
2020-06-15,关键是外国不想被救
2020-06-15,加油！
2020-06-15,万岁万岁≧▽≦
2020-06-15,人民万岁！
2020-06-15,还不是体制优秀
2020-06-15,"继续啊,你继续"
2020-06-15,姐姐回国吧
2020-06-15,姐姐回国内搞吧
2020-06-15,深红色姐姐
2020-06-15,此生无悔入华夏
2020-06-15,晚生的中国骄傲
2020-06-15,泪目
2020-06-15,眼眶进核弹了
2020-06-15,致敬
2020-06-15,什么才是患难与共，这就是!!!!
2020-06-15,加油
2020-06-15,加油
2020-06-15,泪目
2020-06-15,没有谁是主角，更没有谁是配角
2020-06-15,他们不是一个人
2020-06-15,对，我们只有一个名字中国人
2020-06-15,中国人
2020-06-15,中国加油
2020-06-15,中国人
2020-06-15,哭死
2020-06-15,今天6.13北京出现45例阳性
2020-06-15,武汉加油
2020-06-15,泪目
2020-06-15,加油
2020-06-15,加油
2020-06-15,中国加油
2020-06-15,中国加油
2020-06-15,加油
2020-06-15,中国加油
2020-06-15,加油
2020-06-15,岂曰无衣，与子同袍
2020-06-15,感动
2020-06-15,6月12号疫情已基本结束。
2020-06-15,加油
2020-06-15,茂名排面
2020-06-15,风太大了
2020-06-15,中国加油！
2020-06-15,文案满分
2020-06-15,加油
2020-06-15,泪目
2020-06-15,中国不可战胜
2020-06-15,中国加油
2020-06-15,中国加油！
2020-06-15,中国加油
2020-06-15,加油
2020-06-15,加油！
2020-06-15,这就是中国人
2020-06-15,真的催泪啊～
2020-06-15,中国加油
2020-06-15,泪目
2020-06-15,泪目
2020-06-15,此生无悔入华夏
2020-06-15,此生无悔入华夏
2020-06-15,此生无悔入华夏
2020-06-15,此生无悔入华夏
2020-06-15,此生无悔入华夏
2020-06-15,我就来报个平安
2020-06-15,我就来看看你
2020-06-15,中国加油！
2020-06-15,中国加油1
2020-06-15,中国加油！
2020-06-15,加油
2020-06-15,泪目
2020-06-15,此生无悔中国人
2020-06-15,....震撼
2020-06-15,如果有一种颜色叫复兴，那它一定是中国红
2020-06-15,泪目
2020-06-15,荣昌啊
2020-06-15,眼睛进沙子了
2020-06-15,眼睛进了核弹
2020-06-15,泪目
2020-06-15,中国加油
2020-06-15,加油
2020-06-15,加油
2020-06-15,哭辽
2020-06-15,中国加油！向英雄致敬！
2020-06-15,中国人！
2020-06-15,白嫖失败
2020-06-15,泪目
2020-06-15,位卑未敢忘忧国，事定犹须待阖棺
2020-06-15,位卑未敢忘忧国，事定犹须待阖棺
2020-06-15,哭了
2020-06-15,中国人
2020-06-15,6.5留名中国加油
2020-06-15,中国加油
2020-06-15,我自豪我是中国人
2020-06-15,中国加油
2020-06-15,加油
2020-06-15,中国加油
2020-06-15,五月了都过去啦
2020-06-15,年纪大了看不了这种了
2020-06-15,雨过天晴啦
2020-06-15,加油
2020-06-15,祖国万岁
2020-06-15,加油
2020-06-15,中国加油！
2020-06-15,中国加油
2020-06-15,中国人！
2020-06-15,泪目
2020-06-15,中国人
2020-06-15,加油
2020-06-15,谢谢
2020-06-15,我眼睛进篮球了
2020-06-15,中国加油
2020-06-15,来，你家的英雄还给你了
2020-06-15,中国人真的很团结
2020-06-15,武汉加油，中国加油！
2020-06-15,加油
2020-06-15,我爱中国
2020-06-15,不好意思眼睛进太阳系了
2020-06-15,你币有了
2020-06-15,一句中国人，真的有点，，，，，，泪崩了
2020-06-15,所有人都是主角
2020-06-15,我这不争气的眼泪
2020-06-15,旁白的湘普太标准了
2020-06-15,中国人
2020-06-15,我是中国人我自豪
2020-06-15,中华民族无可战胜！
2020-06-15,致敬
2020-06-15,伟大的中华民族
2020-06-15,我泪目流泪了
2020-06-15,加油！
2020-06-15,中国！加油！！
2020-06-15,泪目
2020-06-15,泪目
2020-06-15,谢谢感恩
2020-06-15,中国加油
2020-06-15,六安市人来了！！！
2020-06-15,谢谢英雄们
2020-06-15,武汉加油
2020-06-15,加油
2020-06-15,岂曰无衣，与子同袍！
2020-06-15,我们赢了
2020-06-15,中国加油
2020-06-15,岂曰无衣，与子同袍
2020-06-15,这就是中国
2020-06-15,中国加油！
2020-06-15,武汉加油，中国加油
2020-06-15,为了大家，放弃小家
2020-06-15,武汉加油！中国加油！
2020-06-15,加油！！！
2020-06-15,中国人！
2020-06-15,中国加油！
2020-06-15,中国
2020-06-15,加油
2020-06-15,此生无悔入华夏，来生还生种花家
2020-06-15,不这场战役我们都是主角。
2020-06-15,加油！！！
2020-06-15,来看英雄了
2020-06-15,现在看还是瞬间哭出来
2020-06-15,中国人
2020-06-15,投以木瓜，报以琼瑶
2020-06-15,致敬
2020-06-15,致敬
2020-06-15,来生还是入种花家
2020-06-15,中国加油
2020-06-15,中国加油
2020-06-15,加油
2020-06-15,泪目
2020-06-15,加油
2020-06-15,祖国加油
2020-06-15,不想在以后听到英雄了，希望中国以后都好好的
2020-06-15,这是我妹妹居然在这看见了
2020-06-15,这是妹妹
2020-06-15,一下子眼睛里进了挖掘机
2020-06-15,致敬英雄
2020-06-15,中国NB~！！！
2020-06-15,中国人
2020-06-15,我爱中国！！！！！！
2020-06-15,中国加油！
2020-06-15,加油中国
2020-06-15,中国人
2020-06-15,我绷不住了的
2020-06-15,20205.26武汉都快要复学了。祖国加油
2020-06-15,中国加油
2020-06-15,中国加油！！！
2020-06-15,中国加油！
2020-06-15,这就是中国为什么能战胜疫情
2020-06-15,中国速度
2020-06-15,中国加油
2020-06-15,没事眼里进山了
2020-06-15,泪目
2020-06-15,中国加油
2020-06-15,你贵姓：中国人
2020-06-15,无私英雄，无上光荣
2020-06-15,加油
2020-06-15,致敬
2020-06-15,中国加油
2020-06-15,加油
2020-06-15,心疼，加油！
2020-06-15,辛苦了！加油哇
2020-06-15,中国人民万岁
2020-06-15,武汉加油！
2020-06-15,身为中国人真骄傲！
2020-06-15,加油
2020-06-15,现在5.20号，距离武汉解封已经很久了
2020-06-15,武汉加油，中国加油
2020-06-15,wuhan
2020-06-15,致敬
2020-06-15,加油
2020-06-15,都是主角，都是英雄
2020-06-15,人人都是主角
2020-06-15,你币有了
2020-06-15,辛苦了
2020-06-15,一方有难八方支援！
2020-06-15,加油！中国
2020-06-15,世界之巅，中国你配
2020-06-15,一句中国人我哭了
2020-06-15,中国人，我们国家最伟大！
2020-06-15,中国加油
2020-06-15,谢谢你们，中国加油
2020-06-15,团结就是力量
2020-06-15,泪目
2020-06-15,加油
2020-06-15,活该你们一生平安
2020-06-15,中国加油
2020-06-15,此生无悔入华夏，来世还做中国人
2020-06-15,中国加油
2020-06-15,致敬
2020-06-15,山西太原？？！！！！
2020-06-15,中国加油
2020-06-15,正气
2020-06-15,中国加油
2020-06-15,武汉加油
2020-06-15,感谢每一个为我们负重前行的人
2020-06-15,中国人
2020-06-15,中国加油
2020-06-15,AWKL
2020-06-15,中国加油
2020-06-15,中国加油
2020-06-15,都给我哭
2020-06-15,现在回头看，感恩！
2020-06-15,中国加油
2020-06-15,没事的，都能平安的
2020-06-15,苍梧！
2020-06-15,中国人
2020-06-15,老哥真的帅
2020-06-15,加油
2020-06-15,加油我的国
2020-06-15,今天我好像有梦想了
2020-06-15,我想为祖国做点什么
2020-06-15,加油武汉！加油中国！
2020-06-15,此生无悔入华夏，还世还做中国人！
2020-06-15,此生无悔入华夏，还世还作中国人
2020-06-15,我眼睛里进太阳了
2020-06-15,中国人！
2020-06-15,泪目
2020-06-15,中国加油
2020-06-15,中国加油
2020-06-15,我们的英雄呀！！！！
2020-06-15,这么自私的我，何得有幸生在这个国家
2020-06-15,了不起的中国人民，我为自己是其中一员自豪到热泪盈眶
2020-06-15,泪目
2020-06-15,中国人
2020-06-15,我努力不哭，努力奋斗
2020-06-15,中国加油
2020-06-15,他们就是
2020-06-15,中国加油
2020-06-15,中国加油！
2020-06-15,中国人加油！
2020-06-15,泪目
2020-06-15,加油
2020-06-15,中国nb！
2020-06-15,这个美丽的国家你怎能不爱？
2020-06-15,加油
2020-06-15,中国人
2020-06-15,中国人
2020-06-15,加油
2020-06-15,加油
2020-06-15,谢谢你们
2020-06-15,武汉加油！中国加油！
2020-06-15,加油加油！
2020-06-15,加油
2020-06-15,感谢你们，好人一生平安
2020-06-15,如果奇迹有颜色，那一定是中国红！
2020-06-15,加油加油加油
2020-06-15,致敬致敬
2020-06-15,致敬
2020-06-15,中国人
2020-06-15,第1次看到湖南共青团
2020-06-15,加油
2020-06-15,泪目
2020-06-15,加油
2020-06-15,加油
2020-06-15,中国加油
2020-06-15,中国加油
2020-06-15,中国加油，，武汉加油
2020-06-15,平凡之路──平凡的人
2020-06-15,中国加油
2020-06-15,害怕
2020-06-15,中国加油！！！！！！
2020-06-15,中国加油
2020-06-15,加油
2020-06-15,加油
2020-06-15,中国加油！！
2020-06-15,致敬英雄
2020-06-15,中国加油
2020-06-15,中国人！！！
2020-06-15,加油
2020-06-15,伟大的人
2020-06-15,感谢你们！
2020-06-15,致敬！
2020-06-15,泪目
2020-06-15,中国加油
2020-06-15,中国加油！！！！！
2020-06-15,中国人泪目了
2020-06-15,眼里进泥石流了
2020-06-15,中国人
2020-06-15,加油
2020-06-15,一句中国人感动了多少中华儿女
2020-06-15,武汉加油！中国加油！
2020-06-15,加油
2020-06-15,他们就是主角
2020-06-15,中国加油！
2020-06-15,加油
2020-06-15,加油
2020-06-15,我们一起加油，我们一起熬过去
2020-06-15,此生不悔入华夏
2020-06-15,中国成功啦！！！
2020-06-15,加油
2020-06-15,加油
2020-06-15,加油
2020-06-15,泪目
2020-06-15,泪目
2020-06-15,所有祝福都已经变成现实了，感谢你们
2020-06-15,中国加油
2020-06-15,对一个老父亲，暴击啊
2020-06-15,加油
2020-06-15,加油中国，最强的中国
2020-06-15,湖南牛逼牛逼牛逼牛逼牛逼
2020-06-15,中国加油!
2020-06-15,活雷锋
2020-06-15,同胞们你们好啊
2020-06-15,哭惨了
2020-06-15,加油
2020-06-15,泪目
2020-06-15,中国加油
2020-06-15,我是中国人我骄傲！
2020-06-15,中国加油
2020-06-15,致敬
2020-06-15,泪目
2020-06-15,中国人
2020-06-15,中国加油
2020-06-15,加油加油加油加油加油加油
2020-06-15,加油加油加油
2020-06-15,与子同袍
2020-06-15,加油
2020-06-15,哭了
2020-06-15,加油
2020-06-15,加油
2020-06-15,中国加油
2020-06-15,中国加油！
2020-06-15,中国必胜
2020-06-15,泪目
2020-06-15,哭了
2020-06-15,谢谢
2020-06-15,中国加油
2020-06-15,多好的孩子
2020-06-15,愚公移山的精神
2020-06-15,中国人！
2020-06-15,加油中国
2020-06-15,希望人可以善良些。他们也能轻松些希望大家都是老死的不是过劳死的。
2020-06-15,中国加油
2020-06-15,中国加油
2020-06-15,加油
2020-06-15,每个人都是这次战役的主角
2020-06-15,不，他们也是。
2020-06-15,加油加油加油加油加油加油加油加油加油加油加油加油加油加油加油加油加油加油加油加油加油加油加油加油加油加油加油加油加油加油加油加油加油加油加油加油加油加油加油加油加油加油加油加油加油加油加油加油加油加油
2020-06-15,泪目
2020-06-15,致敬致敬
2020-06-15,中国加油
2020-06-15,每个人都是主角
2020-06-15,加油
2020-06-15,中国加油
2020-06-15,加油加油加油加油
2020-06-15,感动
2020-06-15,加油
2020-06-15,我没事，我只是眼睛里进宇宙了
2020-06-15,我骄傲！
2020-06-15,天下兴亡匹夫有责
2020-06-15,中国加油
2020-06-15,中国好痛
2020-06-15,中国加油
2020-06-15,中国加油！
2020-06-15,岂曰无衣，与子同袍。
2020-06-15,鼻子一酸
2020-06-15,加油！
2020-06-15,辛苦了
2020-06-15,我爸我妈和我都是医生，今年过年家里没人哈哈哈哈
2020-06-15,泪目
2020-06-15,自动变色
2020-06-15,泪目
2020-06-15,这要是外国警察会不会被吓到
2020-06-15,中国加油
2020-06-15,真就活该你一生平安
2020-06-15,加油
2020-06-15,中国加油
2020-06-15,辛苦了
2020-06-15,加油！！
2020-06-15,"武汉加油,中国必胜！"
2020-06-15,岂曰无衣与子同袍
2020-06-15,加油
2020-06-15,致敬
2020-06-15,加油
2020-06-15,武汉加油！中国加油！！
2020-06-15,加油
2020-06-15,中国加油！！
2020-06-15,最团结的中国人！
2020-06-15,人民英雄，致敬！
2020-06-15,武汉加油
2020-06-15,加油
2020-06-15,泪目
2020-06-15,中国加油
2020-06-15,泪目
2020-06-15,泪目
2020-06-15,泪目
2020-06-15,泪目
2020-06-15,泪目
2020-06-15,泪目
2020-06-15,对拳泪目
2020-06-15,加油
2020-06-15,加油
2020-06-15,中国加油
2020-06-15,泪目泪目
2020-06-15,中国加油
2020-06-15,哭死
2020-06-15,与子同袍，与我同行
2020-06-15,泪目
2020-06-15,必胜
2020-06-15,加油
2020-06-15,加油！
2020-06-15,加油
2020-06-15,加油
2020-06-15,中国加油武汉加油
2020-06-15,致敬！
2020-06-15,加油
2020-06-15,泪目
2020-06-15,茂名路过
2020-06-15,加油
2020-06-15,中国加油
2020-06-15,中国加油
2020-06-15,天佑中华
2020-06-15,中国加油
2020-06-15,加油
2020-06-15,辛苦了
2020-06-15,加油
2020-06-15,中国加油
2020-06-15,交给你们了
2020-06-15,不，他们每个人都是主角
2020-06-15,中国加油！
2020-06-15,加油
2020-06-15,中国人！！
2020-06-15,md眼里进砖头了
2020-06-15,你币有了
2020-06-15,哭了
2020-06-15,你们辛苦了
2020-06-15,一切都会好的
2020-06-15,加油加油！！！
2020-06-15,武汉加油
2020-06-15,加油
2020-06-15,中国加油
2020-06-15,加油
2020-06-15,：好可爱！这个小朋友，但是也很难过！
2020-06-15,致敬！
2020-06-15,碗里的卤粉不香了
2020-06-15,中国人
2020-06-15,加油
2020-06-15,中国加油，武汉加油！
2020-06-15,加油
2020-06-15,加油
2020-06-15,Nbnb
2020-06-15,中國加油
2020-06-15,中国人
2020-06-15,中国加油
2020-06-15,泪目
2020-06-15,中国加油
2020-06-15,武汉加油，中国加油
2020-06-15,加油
2020-06-15,中国加油
2020-06-15,武汉加油
2020-06-15,加油
2020-06-15,武汉加油
2020-06-15,致敬我们的英雄
2020-06-15,中国加油！
2020-06-15,加油加油加油加油加油加油加油加油加油加油加油加油加油加油加油加油加油加油加油加油加油加油加油加油加油加油加油加油加油加油加油加油加油加油加油加油加油加油加油加油加油加油加油加油加油加油加油加油加油加油
2020-06-15,致敬
2020-06-15,国家兴亡匹夫有责
2020-06-15,国家兴亡匹夫有责
2020-06-15,国家兴亡匹夫有责
2020-06-15,加油
2020-06-15,传销那个
2020-06-15,中国人！！！加油
2020-06-15,中国加油！
2020-06-15,国有战召必回战必胜
2020-06-15,中国加油
2020-06-15,辛苦了
2020-06-15,中国加油！！！！！！
2020-06-15,加油
2020-06-15,泪目
2020-06-15,河南核能
2020-06-15,中国加油
2020-06-15,加油！
2020-06-15,中国人，加油！！
2020-06-15,加油！！！！！
2020-06-15,中国加油!!!!!!
2020-06-15,中国加油
2020-06-15,加油
2020-06-15,加油
2020-06-15,风有点大
2020-06-15,加油
2020-06-15,给我哭
2020-06-15,中国人！！
2020-06-15,中国人
2020-06-15,中国加油
2020-06-15,感谢
2020-06-15,人都需要互相关怀，体谅
2020-06-15,致敬
2020-06-15,加油中国，我爱你中国
2020-06-15,加油中国
2020-06-15,中国加油
2020-06-15,中国加油！！！
2020-06-15,此生无悔入华夏
2020-06-15,中国NB！（破音）
2020-06-15,加油
2020-06-15,中国人
2020-06-15,岂曰无衣，与子同袍
2020-06-15,中国加油
2020-06-15,中国人
2020-06-15,武汉加油！
2020-06-15,中国加油！！！！
2020-06-15,中国加油！
2020-06-15,看一遍哭一遍
2020-06-15,中国加油
2020-06-15,加油
2020-06-15,中国加油
2020-06-15,加油中国
2020-06-15,加油
2020-06-15,今天
2020-06-15,加油
2020-06-15,致敬
2020-06-15,加油
2020-06-15,中国加油！
2020-06-15,中国人
2020-06-15,加油，中国加油！！！！
2020-06-15,加油
2020-06-15,中国加油
2020-06-15,中国加油
2020-06-15,中国加油，武汉加油
2020-06-15,此生不悔我是中国人！
2020-06-15,眼泪不值钱的，那就流下吧。。
2020-06-15,加油！！
2020-06-15,加油！！！！！！！
2020-06-15,中国加油！！！！
2020-06-15,太温暖了
2020-06-15,加油
2020-06-15,生为华夏，我很自豪
2020-06-15,他们每个人都是主角
2020-06-15,回不去的路过
2020-06-15,我哭了
2020-06-15,567
2020-06-15,你贵姓啊？中国人
2020-06-15,加油
2020-06-15,中国加油
2020-06-15,泪目
2020-06-15,加油
2020-06-15,我为身为中国人而自豪！
2020-06-15,币给你了
2020-06-15,谢谢你们辛苦了
2020-06-15,就这？活该你们一生平安
2020-06-15,中国加油
2020-06-15,泪目
2020-06-15,我哭了！
2020-06-15,中国人加油
2020-06-15,泪目
2020-06-15,泪目
2020-06-15,泪目
2020-06-15,加油加油！！！！
2020-06-15,武汉加油！
2020-06-15,中国加油！
2020-06-15,中国加油
2020-06-15,前面那个眼泪冻住的
2020-06-15,此生无悔入华夏
2020-06-15,中国必将崛起
2020-06-15,武汉加油！中国加油！
2020-06-15,武汉加油，中国加油！
2020-06-15,我好幸福呀！
2020-06-15,把爷整哭了
2020-06-15,中国加油
2020-06-15,中国加油！
2020-06-15,中国人
2020-06-15,团结的中国人真的很无敌
2020-06-15,加油
2020-06-15,泪目
2020-06-15,加油中国
2020-06-15,中国加油
2020-06-15,中国加油
2020-06-15,中国人！！！！！！
2020-06-15,泪目
2020-06-15,想到小时候我爸办案子一个月。不回家，跟爸爸玩当时可能是最快乐的事了
2020-06-15,黑龙江齐齐哈尔
2020-06-15,加油
2020-06-15,中国人！！！！
2020-06-15,加油
2020-06-15,加油
2020-06-15,加油！！！
2020-06-15,中国加油武汉加油！
2020-06-15,眼里进沙尘暴了
2020-06-15,泪目
2020-06-15,中国加油
2020-06-15,岂曰无衣，与子同袍
2020-06-15,泪目
2020-06-15,中国人
2020-06-15,看了十秒就哭了..我的天
2020-06-15,加油
2020-06-15,加油
2020-06-15,中国加油！
2020-06-15,加油，为民族崛起而努力奋斗
2020-06-15,岂曰无衣，与子同袍
2020-06-15,心痛
2020-06-15,这个击掌
2020-06-15,此生无悔入华夏
2020-06-15,中国人
2020-06-15,重来就没有什么救世主
2020-06-15,谢谢你们啊！！！
2020-06-15,配音好棒
2020-06-15,哭了
2020-06-15,真棒
2020-06-15,中国加油
2020-06-15,加油
2020-06-15,加油
2020-06-15,辛苦了
2020-06-15,中国加油，武汉加油！
2020-06-15,你贵姓啊！中国人!
2020-06-15,希望复工之后，大家能放下对湖北的偏见，真的践行武汉加油，中国加油
2020-06-15,因为我是中国人
2020-06-15,泪目！加油
2020-06-15,如果奇迹有颜色，那一定是红色
2020-06-15,加油
2020-06-15,致敬英雄！
2020-06-15,中国加油
2020-06-15,英雄加油
2020-06-15,姐姐好漂亮，
2020-06-15,中国人
2020-06-15,泪目
2020-06-15,其实除了医护，还有很多一线的战士一样可爱，包括保安
2020-06-15,加油
2020-06-15,泪目
2020-06-15,中国加油
2020-06-15,中国万岁
2020-06-15,加油！
2020-06-15,中国加油
2020-06-15,发xswl那个有病？？
2020-06-15,加油！武汉加油！中国加油！
2020-06-15,泪目
2020-06-15,辛苦了
2020-06-15,谢谢你们
2020-06-15,中国人！！！
2020-06-15,中国加油！
2020-06-15,武汉加油
2020-06-15,中国加油
2020-06-15,加油
2020-06-15,中国加油
2020-06-15,致敬英雄
2020-06-15,加油，我的武汉好了
2020-06-15,英雄也是普通人，但是责任让他们站到了一线
2020-06-15,加油
2020-06-15,武汉解封了！
2020-06-15,武汉解封了
2020-06-15,加油
2020-06-15,卧槽！老哥帅的一批啊！
2020-06-15,武汉加油，中国加油
2020-06-15,声音好像jonyj
2020-06-15,中国加油！
2020-06-15,泪目了
2020-06-15,我爱你们
2020-06-15,中国加油
2020-06-15,中国加油，武汉加油！！！！
2020-06-15,中国加油
2020-06-15,加油
2020-06-15,中国人
2020-06-15,泪目
2020-06-15,泪目
2020-06-15,爱我中华
2020-06-15,武汉加油！
2020-06-15,加油
2020-06-15,中国万岁
2020-06-15,多难兴邦
2020-06-15,加油
2020-06-15,泪目了
2020-06-15,人民万岁！！！
2020-06-15,最好的中国人民
2020-06-15,中国人最棒
2020-06-15,加油
2020-06-15,辛苦了
2020-06-15,加油
2020-06-15,中国加油
2020-06-15,中国加油，武汉加油
2020-06-15,泪目！！？
2020-06-15,哭了！中国人，加油！
2020-06-15,中国人
2020-06-15,这次战役，好好好多人
2020-06-15,中国加油
2020-06-15,加油！加油！
2020-06-15,泪目
2020-06-15,此生无悔入华夏
2020-06-15,我真哭了
2020-06-15,泪目，我也是他们中的一员
2020-06-15,泪目，身在中国，作为中国人，我很幸福
2020-06-15,中国加油
2020-06-15,岂曰无衣，与子同袍
2020-06-15,武汉加油！中国加油！
2020-06-15,中国必胜！
2020-06-15,加油
2020-06-15,没有什么可以击倒中华民族！
2020-06-15,我爱中国中国加油
2020-06-15,中国加油
2020-06-15,中国加油
2020-06-15,中国人！！！
2020-06-15,中国加油，武汉加油！
2020-06-15,一定要平安回家！
2020-06-15,奥利给，干它
2020-06-15,加油！
2020-06-15,为什么币只能投一个啊啊啊
2020-06-15,眼睛进砖头了
2020-06-15,茂名加油
2020-06-15,眼睛里头有石头
2020-06-15,加油
2020-06-15,中国加油武汉加油
2020-06-15,加油！
2020-06-15,中国人！
2020-06-15,谢谢
2020-06-15,此生无悔入华夏
2020-06-15,加油
2020-06-15,加油
2020-06-15,加油
2020-06-15,谢谢
2020-06-15,fulan到
2020-06-15,眼睛进地球了
2020-06-15,川建国同学可以过来学习下
2020-06-15,加油
2020-06-15,中国加油
2020-06-15,致敬
2020-06-15,中国加油，中国必胜
2020-06-15,爱我中华
2020-06-15,爱我中华
2020-06-15,我不太想回家
2020-06-15,凡毁灭不叫我的，必将使我更强大
2020-06-15,中国牛逼
2020-06-15,中国加油
2020-06-15,中国加油
2020-06-15,中国加油！
2020-06-15,泪目，感动中国人！
2020-06-15,泪目
2020-06-15,加油啊！！辛苦了！！
2020-06-15,中国人
2020-06-15,加油
2020-06-15,中国人
2020-06-15,加油
2020-06-15,谢谢
2020-06-15,加油
2020-06-15,加油
2020-06-15,加油
2020-06-15,真的哭了
2020-06-15,加油
2020-06-15,中华人民共和国万岁，中国人民万岁。
2020-06-15,我姓中国
2020-06-15,武汉加油！！！中国加油！！！
2020-06-15,武汉加油！！！祖国加油！！！
2020-06-15,一名监狱民警路过……
2020-06-15,一名监狱警察路过……
2020-06-15,武汉加油！中国加油！世界加油！
2020-06-15,我对我曾经白嫖的念头感到羞愧
2020-06-15,中国人
2020-06-15,中国人
2020-06-15,这盛世如你所愿，却未有人归
2020-06-15,中国加油
2020-06-15,为中国点赞
2020-06-15,中国加油
2020-06-15,加油
2020-06-15,加油
2020-06-15,中国人！！
2020-06-15,果然年纪大了吗
2020-06-15,加油！
2020-06-15,中国nb
2020-06-15,团支书报道
2020-06-15,中国加油
2020-06-15,中国加油
2020-06-15,加油加油加油
2020-06-15,中国加油
2020-06-15,中国人
2020-06-15,中国人
2020-06-15,中国人
2020-06-15,中国人
2020-06-15,中国人
2020-06-15,中国人
2020-06-15,加油
2020-06-15,加油加油加油加油加油加油加油加油加油加油加油加油加油加油加油加油加油加油加油加油加油加油加油
2020-06-15,英雄
2020-06-15,中国加油
2020-06-15,中国人！！！！！
2020-06-15,碰拳那两位，仔细看手并没有碰到，为了不接触
2020-06-15,你们辛苦了，谢谢你们！
2020-06-15,泪奔。。
2020-06-15,因为我们是湖北人她两个月一直在办公
2020-06-15,我的母亲就是这次战役中的一员
2020-06-15,中国人
2020-06-15,加油
2020-06-15,中国人
2020-06-15,加油
2020-06-15,中国人
2020-06-15,武汉加油！中国加油！
2020-06-15,中国加油
2020-06-15,泪目
2020-06-15,致敬！
2020-06-15,加油
2020-06-15,中国加油
2020-06-15,原来，中国从来都不是我想的那样是一个残酷的社会
2020-06-15,加油
2020-06-15,眼里进龙卷风了
2020-06-15,中国加油
2020-06-15,武汉加油
2020-06-15,加油
2020-06-15,中国人
2020-06-15,中国人
2020-06-15,加油
2020-06-15,中国加油
2020-06-15,中国加油
2020-06-15,武汉加油，中国加油
2020-06-15,中国加油
2020-06-15,中国加油
2020-06-15,太棒可
2020-06-15,眼睛进砖头了
2020-06-15,中国万岁，英雄永恒
2020-06-15,想哭
2020-06-15,啊啊啊，想哭了
2020-06-15,你们是最好的，值得最好的
2020-06-15,啊，想哭
2020-06-15,英雄！！！
2020-06-15,难过，英雄们都要好好的
2020-06-15,中国加油！！！！！！！！！！！！
2020-06-15,岂曰无衣，与子同袍！
2020-06-15,看不下去了。哭了
2020-06-15,我感觉你是那个演传销被抓的视频的那个传销头子
2020-06-15,加油！
2020-06-15,哭了
2020-06-15,眼里进石头了
2020-06-15,中国加油
2020-06-15,武汉加油
2020-06-15,我一下子哭出来了
2020-06-15,家有
2020-06-15,哎中国精神
2020-06-15,中国加油武汉加油
2020-06-15,沙子里进眼睛了
2020-06-15,中国加油
2020-06-15,泪目
2020-06-15,加油
2020-06-15,泪目
2020-06-15,都给我哭
2020-06-15,加油
2020-06-15,你贵姓啊？中国人！！！！
2020-06-15,我是中国人
2020-06-15,武汉加油中国加油
2020-06-15,中国加油！
2020-06-15,时代的英雄
2020-06-15,加油
2020-06-15,加油！！
2020-06-15,初次见面的老朋友是什么鬼？
2020-06-15,中国加油！
2020-06-15,活该你一生平安。
2020-06-15,加油
2020-06-15,中国加油！！！
2020-06-15,加油
2020-06-15,这次一定
2020-06-15,祖国加油
2020-06-15,加油！！！
2020-06-15,碰拳好帅
2020-06-15,中国人
2020-06-15,加油
2020-06-15,泪目
2020-06-15,中国加油
2020-06-15,加油
2020-06-15,加油
2020-06-15,中国加油！
2020-06-15,加油加油加油
2020-06-15,加油
2020-06-15,加油
2020-06-15,荣昌啊啊啊啊啊啊啊啊！！！！！
2020-06-15,加油中国
2020-06-15,加油
2020-06-15,武汉加油！中国加油！
2020-06-15,中国加油，武汉加油！
2020-06-15,我爱中国中国加油，
2020-06-15,哭了
2020-06-15,主角
2020-06-15,辛苦了
2020-06-15,中国加油
2020-06-15,不要用手擦眼泪啊啊啊
2020-06-15,加油加油！！！！！
2020-06-15,加油。加油
2020-06-15,我不行了眼睛里进泥石流了
2020-06-15,惊现家乡！
2020-06-15,当灾难来临，民族团结是那么的伟大！祖国万岁！英雄万岁！
2020-06-15,加油，英雄
2020-06-15,加油
2020-06-15,中国人
2020-06-15,中国加油！！
2020-06-15,加油加油！
2020-06-15,国人加油！！我们是最棒的！！
2020-06-15,岂曰无衣与子同袍
2020-06-15,加油加油
2020-06-15,英雄加油
2020-06-15,中国加油
2020-06-15,中国加油！！！武汉加油！！！
2020-06-15,中国加油！
2020-06-15,中国加油
2020-06-15,中国人
2020-06-15,中国加油
2020-06-15,加油
2020-06-15,都给我哭
2020-06-15,眼睛里进口罩了
2020-06-15,此生无悔入华夏
2020-06-15,加油
2020-06-15,加油
2020-06-15,加油
2020-06-15,加油
2020-06-15,中国人民永远团结
2020-06-15,湖南团团
2020-06-15,哎呀！砖头里面进眼睛了
2020-06-15,中国加油
2020-06-15,中国加油！
2020-06-15,泪目
2020-06-15,泪目泪目
2020-06-15,加油
2020-06-15,胜利属于我们，祖国万岁
2020-06-15,加油！！！
2020-06-15,中国加油
2020-06-15,中国因有你们而强大。
2020-06-15,加油
2020-06-15,和五六七神似，
2020-06-15,Bgm:Chasingcars
2020-06-15,中国人
2020-06-15,今生不悔入华夏，来世还做中国人
2020-06-15,梧州
2020-06-15,武汉加油！中国加油！
2020-06-15,武汉加油！中国加油！
2020-06-15,中国加油！
2020-06-15,中国加油！
2020-06-15,眼睛进砖头了
2020-06-15,加油
2020-06-15,加油
2020-06-15,真看不了这种
2020-06-15,中国加油！
2020-06-15,泪目
2020-06-15,一个月了我也想家了
2020-06-15,加油
2020-06-15,加油
2020-06-15,你们最帅
2020-06-15,中国加油
2020-06-15,加油加油
2020-06-15,中国加油，中国是最棒的
2020-06-15,中国人！
2020-06-15,泪目，加油，所有中国人！
2020-06-15,真的哭了
2020-06-15,平凡而伟大的人们
2020-06-15,中国加油！武汉加油！
2020-06-15,中国加油
2020-06-15,加油
2020-06-15,岂曰无衣？与子同袍！
2020-06-15,今天3月19日中国的疫情已经被控制下来了
2020-06-15,看的我肾上腺激素飙升
2020-06-15,加油。
2020-06-15,中国加油
2020-06-15,保护好自己
2020-06-15,加油啊啊啊啊啊啊啊
2020-06-15,泪目
2020-06-15,泪目
2020-06-15,加油
2020-06-15,泪目
2020-06-15,不允许任何人诋毁这个保护着我的国家！！
2020-06-15,中国加油
2020-06-15,谢谢谢谢谢谢
2020-06-15,中国加油
2020-06-15,中国加油，谢谢有你们
2020-06-15,加油啊加油啊
2020-06-15,他们不只是一个人，是千千万万个……
2020-06-15,就是封面图的途乐啊
2020-06-15,加油
2020-06-15,岂曰无衣，与子同袍
2020-06-15,要骂就骂吃蝙蝠的咯
2020-06-15,卧槽老家官方关注了
2020-06-15,加油，泪目
2020-06-15,加油
2020-06-15,致敬
2020-06-15,中国加油
2020-06-15,眼睛眼睛里进砖头了
2020-06-15,中国人！
2020-06-15,中国加油
2020-06-15,中国加油
2020-06-15,岂曰无衣，与子同袍
2020-06-15,中国加油！中国必胜！
2020-06-15,猛男落泪都给我哭
2020-06-15,加油！！
2020-06-15,泪目
2020-06-15,中国加油
2020-06-15,666
2020-06-15,感谢儒家吧
2020-06-15,?
2020-06-15,大家好
2020-06-15,666
2020-06-15,这么多利益纠葛谁能轻易放手？
2020-06-15,结果就就栽了
2020-06-15,灰色的是其它国家总和
2020-06-15,666
2020-06-15,开始吟唱
2020-06-15,基本为0
2020-06-15,哈哈哈哈哈哈哈
2020-06-15,西班牙？哈哈
2020-06-15,武大的赵林老师，单单讲一个罗马帝国的兴衰史，就讲了4小时....
2020-06-15,下次一定
2020-06-15,这次疫情让俄罗斯到退了四十年
2020-06-15,不，一个统一的欧洲并不符合我们的利益
2020-06-15,这个机构不挣钱啊
2020-06-15,欧元1999才出?
2020-06-15,再来个画家吧
2020-06-15,我已经听晕了
2020-06-15,这个英文字幕。。。
2020-06-15,下次也不一定
2020-06-15,居然还有百分之零？？不错了
2020-06-15,法国还有黑人
2020-06-15,我们这么厉害的吗还经济殖民地
2020-06-15,666
2020-06-15,缺个秦始皇呗
2020-06-15,请背诵全文
2020-06-15,纯属吃饱了撑着
2020-06-15,哈哈哈哈哈哈哈哈哈哈哈哈哈哈哈哈哈哈哈哈哈哈
2020-06-15,不打仗，不解决矛盾。光喊话有啥用？
2020-06-15,"和平，然后疯狂繁殖,最后资源短缺还是要打仗。"
2020-06-15,"圈里的猪也有权利,活着嘛。"
2020-06-15,早晚都得老大哥，没办法。
2020-06-15,德法联合吸血欧洲
2020-06-15,英国黑人区乱的很
2020-06-15,说英国治安好那是没去过北欧
2020-06-15,宁学桃园三结义，不效欧盟一协议
2020-06-15,德国人出名难搞
2020-06-15,说的真好
2020-06-15,2333
2020-06-15,对呀
2020-06-15,我不希望
2020-06-15,幽灵哈哈哈哈
2020-06-15,不不不，我们需要欧盟，对抗美国我们能拉拢欧盟
2020-06-15,美国200w前来考古
2020-06-15,666
2020-06-15,我希望，但我觉得他们做不到
2020-06-15,锦州咋了？
2020-06-15,太难受了
2020-06-15,啊
2020-06-15,一次乳几个，太强了
2020-06-15,装逼猿有一句暗号是那你能帮帮我吗？
2020-06-15,日本心理创伤大我们就不大了？
2020-06-15,XXX
2020-06-15,美国现在200万了
2020-06-15,门下省也是没啥实权
2020-06-15,美国已过200万
2020-06-15,谨慎啊
2020-06-15,没用，等他们都群体免疫了估计还在开会争吵制定方案呢
2020-06-15,脱欧又是美国干的好事
2020-06-15,大理……重点是重庆买的口罩还是和湖北哪个地方机构合购的
2020-06-15,考古回来全球756w了
2020-06-15,可能是反倾销？
2020-06-15,法国天天大革命
2020-06-15,美国两百万前来考古
2020-06-15,下次一定
2020-06-15,6666
2020-06-15,俄罗斯一直在欧洲圈外玩儿
2020-06-15,主要还是地区还有信仰宗教把难以统一
2020-06-15,666
2020-06-15,欧洲国家接收难民，是因为那些难民国家是他们的现代殖民地。注意：是现在殖民地
2020-06-15,就这还帮他们？
2020-06-15,预备，跑！
2020-06-15,瑞士有点难
2020-06-15,俄国历史上干的破事太多了
2020-06-15,罗马好像并没有统一啊，日耳曼人依然不属于罗马
2020-06-15,美国：你们都弱爆了
2020-06-15,我不希望，也不可能
2020-06-15,快跑
2020-06-15,膜拜大神！
2020-06-15,啊啊啊啊啊啊啊
2020-06-15,这不是飞屋环游记上的老头吗
2020-06-15,叫门下省
2020-06-15,三省六部？？？
2020-06-15,我不希望
2020-06-15,美国200w
2020-06-15,希望个屁，人家会和你共建命运共同体？这样挺好，欧盟怎样关我屁事
2020-06-15,我希望他们解决疫情，代价就是欧盟分裂滑稽
2020-06-15,波兰哈哈哈
2020-06-15,昂撒人为害世界，几百年了。欧洲国家都是深受其害
2020-06-15,日耳曼人老强盗了
2020-06-15,缺大德
2020-06-15,统一了力量太大
2020-06-15,在黑手党
2020-06-15,这是吸其他国家血
2020-06-15,下次一定
2020-06-15,有这么多人说嬴政啊，哈哈哈，支持
2020-06-15,弹幕怎么开始洗白英国了?
2020-06-15,高级
2020-06-15,hhhhhhhhhhhhh
2020-06-15,哈哈哈哈哈哈哈哈哈哈哈
2020-06-15,2333
2020-06-15,太难了
2020-06-15,hahahhahahahah
2020-06-15,董老师别太肝了，注意休息
2020-06-15,所以是战争发源地不是没有道理
2020-06-15,分裂的欧洲才是好的欧洲
2020-06-15,美国200万了
2020-06-15,精罗狂喜
2020-06-15,美国200万了
2020-06-15,砸到头了
2020-06-15,不不，欧洲还是分裂的好
2020-06-15,6666
2020-06-15,波兰不都这个德行
2020-06-15,0哈哈哈哈哈哈
2020-06-15,他们什么时候能够懂得人类命运共同体
2020-06-15,问题是，难免是从哪里来的
2020-06-15,精罗落泪
2020-06-15,德三：什么是国际强盗啊
2020-06-15,？
2020-06-15,反对一切
2020-06-15,666
2020-06-15,欧洲真的统一对我们来说不是啥好事吧
2020-06-15,几次被邻国瓜分，怎么就不长记性
2020-06-15,猛人怎么还不天降
2020-06-15,天降猛人
2020-06-15,左右之争
2020-06-15,当时没有东德
2020-06-15,极力推荐大家去看《是，大臣》这部剧
2020-06-15,豆腐脑咸甜
2020-06-15,我们希望看到的是人类命运共同体
2020-06-15,写乌合之众的是她父亲吧
2020-06-15,兄弟们要往远处看啊欧盟虽然像美国看门狗但是也算是美国抗衡力量之一啊，我们发展也需要和平稳定的大环境呀，希望疫情能快点过去，祖国越来越好
2020-06-15,有点像兰台寺
2020-06-15,初中历史
2020-06-15,.
2020-06-15,下次一定
2020-06-15,何其难哉
2020-06-15,下次一定
2020-06-15,美国200万前来考古
2020-06-15,表面兄弟lbw
2020-06-15,活着或者是神父驱病@美国
2020-06-15,文明型国家现在就仅中国一家而已，哪有那么容易建立
2020-06-15,233我可不希望
2020-06-15,美国幽灵
2020-06-15,全文背诵
2020-06-15,我也不希望我也只是想吃瓜
2020-06-15,还有进口门槛，真的66
2020-06-15,意呆利哈哈哈
2020-06-15,每日乳法
2020-06-15,感谢秦始皇
2020-06-15,哈哈哈哈哈
2020-06-15,我要听的要吐了
2020-06-15,2333
2020-06-15,以及荷兰人的慷慨和爱尔兰人的智力水平
2020-06-15,每天更新这么多~
2020-06-15,文字，语言。
2020-06-15,但是这里用的是同一种货币啊孩子们
2020-06-15,云南牛逼
2020-06-15,垃圾大众
2020-06-15,我们就旁观
2020-06-15,不可能
2020-06-15,不希望
2020-06-15,开始吟唱
2020-06-15,瑟瑟发抖
2020-06-15,hhhh
2020-06-15,howdareyou!
2020-06-15,？？？
2020-06-15,2022前来考古
2020-06-15,人类存在就是扯犊子
2020-06-15,哈哈哈门下省可还行
2020-06-15,英国的传统艺能
2020-06-15,六月十一号
2020-06-15,我不希望
2020-06-15,哈哈哈哈哈哈哈哈哈哈哈哈哈哈哈哈哈哈哈哈哈哈哈哈哈哈哈哈哈哈哈哈
2020-06-15,温斯顿斯密斯
2020-06-15,乳法了
2020-06-15,Howdareyou
2020-06-15,????
2020-06-15,根本做不到。。。。
2020-06-15,这事干的。。。。
2020-06-15,666
2020-06-15,666
2020-06-15,人类大一统
2020-06-15,？？？
2020-06-15,美国没了
2020-06-15,波兰还反华，它是美国安在欧洲的狗腿
2020-06-15,英国治安在欧美国家是排第一的
2020-06-15,德国当时想法主要是他们的劳动人口老龄化需要年轻劳动力，再就是想号召其他欧盟国家一起接纳难民
2020-06-15,欧洲要联合太难了资本主义利益看的老重了
2020-06-15,你卡住了
2020-06-15,YUNNNADAL
2020-06-15,欧盟统一不了，因为唯一能统一的德国被永远钉在了耻辱柱上，且美中俄都不会让他们做大
2020-06-15,美帝是幽灵？马克思不同意吧
2020-06-15,祖传罢工
2020-06-15,不好意思，不希望
2020-06-15,不希望
2020-06-15,引经据典
2020-06-15,德国真是不好惹
2020-06-15,希腊表示不服，就是不还钱
2020-06-15,太惨了
2020-06-15,一群白眼狼想想二战吧
2020-06-15,心不齐
2020-06-15,精罗落泪
2020-06-15,名不顺
2020-06-15,有了这些难民，德国基本上可以确定完了
2020-06-15,弹幕精德太搞笑了
2020-06-15,哈哈哈哈哈德国不得人心啊
2020-06-15,对比鲜明
2020-06-15,太拧巴哈哈哈哈
2020-06-15,我不希望！分裂才好
2020-06-15,他们本质就是强盗窃贼啊不奇怪
2020-06-15,太惨了
2020-06-15,太不容易了
2020-06-15,哈哈哈哈哈啊哈哈哈哈
2020-06-15,俄罗斯太惨了
2020-06-15,哈哈哈哈，太惨了
2020-06-15,哈哈哈哈
2020-06-15,谢邀，人在家里，刚吃完饭。是我自己不想出门的
2020-06-15,哈哈哈哈，有毒
2020-06-15,哈哈哈哈
2020-06-15,哈哈哈
2020-06-15,哈哈哈，德国还和意大利一块玩啊？
2020-06-15,他们需要一个天降猛男
2020-06-15,？？？
2020-06-15,700w了
2020-06-15,我作为云南人感觉背后发凉啊
2020-06-15,下次一定
2020-06-15,666
2020-06-15,awsl
2020-06-15,美国已经200多万人
2020-06-15,这次就来
2020-06-15,6666
2020-06-15,大汉！
2020-06-15,飞越
2020-06-15,！！！
2020-06-15,我希望亚欧一体化
2020-06-15,我希望，最好还能扩大到亚欧
2020-06-15,哈哈哈哈哈吃面条
2020-06-15,魏征出来
2020-06-15,真没事干
2020-06-15,666
2020-06-15,哈哈哈哈哈哈哈哈哈哈哈哈哈哈哈哈哈哈哈哈哈哈哈哈哈xswl
2020-06-15,666
2020-06-15,想多了
2020-06-15,说不同意的不知道怎么想，就现在这国际发展，我们再强也做不到曾经美国的霸权地位了，还不如多几个强国一起合作
2020-06-15,不是二战，18实际就开始了，全欧敌视毛子
2020-06-15,200w了！
2020-06-15,秦始皇救不了欧洲
2020-06-15,精欧落泪
2020-06-15,反对一切哈哈哈哈哈哈哈哈哈哈哈哈哈哈秀啊哈哈哈
2020-06-15,666
2020-06-15,哈哈哈哈哈哈哈哈哈哈哈哈哈哈哈哈哈哈哈
2020-06-15,遍身罗绮者不是养蚕人
2020-06-15,该！
2020-06-15,真实
2020-06-15,政哥，永远滴神！
2020-06-15,？？？？？？
2020-06-15,挖坑
2020-06-15,下次一定下次一定~
2020-06-15,下次一定下次一定
2020-06-15,懂了这就去读博
2020-06-15,到底是其他国家太弱还是德国太强
2020-06-15,老大哥可还行
2020-06-15,波兰的脑子就没让人看懂过
2020-06-15,"我希望,大家好才是真的好,别人不好的时候也不会让我们过得好"
2020-06-15,？？？？？
2020-06-15,德我：我真的是个好人
2020-06-15,就想吃瓜
2020-06-15,不希望
2020-06-15,该
2020-06-15,没那么希望
2020-06-15,输入666免费
2020-06-15,睡出钱
2020-06-15,钱啊
2020-06-15,精秦狂喜
2020-06-15,都在这儿成希望工程了。。
2020-06-15,没用的，人本质是自私
2020-06-15,今天6月9日美国确诊已超200万
2020-06-15,又见乳法
2020-06-15,不希望不，我不希望
2020-06-15,车同轨，书同文，钱同币，行同伦
2020-06-15,语言文字，度量衡，大多数皇帝都很重视思想上的建设
2020-06-15,政哥的铁腕手段可不是盖的
2020-06-15,政哥牛逼
2020-06-15,全球700w来考古
2020-06-15,阿拉伯之春
2020-06-15,为什么德国不想领导？
2020-06-15,《反观》
2020-06-15,八国联军的事情，忘不了，不希望
2020-06-15,那种说不希望挺有意思的人也挺有意思的
2020-06-15,666
2020-06-15,真香定律才是永恒
2020-06-15,大妈开始支持5g了，似乎想通了
2020-06-15,耶稣又多了很多朋友
2020-06-15,就很奇怪比如都有史料和证据证明了阿房宫并不存在，教科书没一点要改的意思给新一代灌输标签真不知道上头怎么想的
2020-06-15,我大中华，有今天，真心不容易啊
2020-06-15,大理出的事，作为云南人当时听到听气的
2020-06-15,很正常。
2020-06-15,卧槽。这还
2020-06-15,帮他们干嘛
2020-06-15,那还帮他们干嘛
2020-06-15,应该是西德吧
2020-06-15,下次一定
2020-06-15,不如，来中国发展吧哈哈哈
2020-06-15,开始吟唱
2020-06-15,666
2020-06-15,以德服人
2020-06-15,先有的电视剧再有的书吧
2020-06-15,"Yes,minister"
2020-06-15,秦始皇千古一帝啊
2020-06-15,6666
2020-06-15,666
2020-06-15,下次一定
2020-06-15,666666
2020-06-15,千古一帝，秦始皇
2020-06-15,上面的，英国退出了
2020-06-15,老希望工程
2020-06-15,？？？？？？？？？？？？？？？
2020-06-15,+++++++++++++++++++++++++++++++++++++++++++++++++
2020-06-15,哈哈哈哈哈哈哈哈哈
2020-06-15,？？？？？
2020-06-15,他来了他来了
2020-06-15,要来了
2020-06-15,这叫打脸不是真香
2020-06-15,不愧是你
2020-06-15,哈哈哈哈哈哈哈哈哈意德分手
2020-06-15,哈哈哈哈哈哈哈哈哈哈哈哈
2020-06-15,看上头了
2020-06-15,下次一定
2020-06-15,苏联也是的
2020-06-15,意呆利
2020-06-15,法兰克三杰
2020-06-15,默克尔马克龙
2020-06-15,开始背历史课本
2020-06-15,有前科了
2020-06-15,师傅别念了
2020-06-15,无情的反对机构
2020-06-15,我也觉得这样挺1984的
2020-06-15,愁秃了
2020-06-15,现在是6月了，他们可能有点儿忙。。。
2020-06-15,那欧盟有点儿像春秋五霸啊？现在打成战国七雄了？
2020-06-15,就是没有呗
2020-06-15,介不介意再被瓜分一次
2020-06-15,闪电战
2020-06-15,最好是一盘散沙
2020-06-15,不好意思，我不希望
2020-06-15,英国：所以老子退群了
2020-06-15,全靠同行衬托
2020-06-15,不希望
2020-06-15,欧洲要能这么搞就不会有世界大战了
2020-06-15,老火影了
2020-06-15,不愧是意呆利
2020-06-15,然后呵呵
2020-06-15,本来有英国，不过跑了
2020-06-15,吹一波嬴政，就是比拿破仑强，拿破仑打到最后，因为不好好守家自家炸了。反观嬴政多会守塔
2020-06-15,哎你不要教他们啊！
2020-06-15,老双标了
2020-06-15,下次一定
2020-06-15,666
2020-06-15,下次一定
2020-06-15,丢脸了(●—●)
2020-06-15,执着
2020-06-15,六朝何事?只成门户私计。
2020-06-15,下次也不一定
2020-06-15,让录播的，是隔壁请的捣乱分子
2020-06-15,等等等等，我被绕晕了
2020-06-15,考古
2020-06-15,慢点我头晕
2020-06-15,司礼监
2020-06-15,瑞士好惨
2020-06-15,666
2020-06-15,谁出钱啊
2020-06-15,山楂片？！
2020-06-15,门下省啊
2020-06-15,秦皇不是仁君，但那又如何，他是千古一帝
2020-06-15,师傅别念了
2020-06-15,需要一个敌人
2020-06-15,死毛子才是好毛子
2020-06-15,6666
2020-06-15,哈哈哈哈哈哈哈哈哈
2020-06-15,b2轰炸机
2020-06-15,呵呵
2020-06-15,活该
2020-06-15,我不希望
2020-06-15,瑞士：你们打击我，老子直接群体免疫咱同归于尽
2020-06-15,联邦德国
2020-06-15,哈哈没事干
2020-06-15,美国200W了
2020-06-15,但是这张照片是摆拍
2020-06-15,66666666
2020-06-15,rr.
2020-06-15,？？？原来我们都可以弄经济殖民了
2020-06-15,什么会什么会
2020-06-15,6-6美国188万
2020-06-15,波兰蠢驴
2020-06-15,.
2020-06-15,有1吗
2020-06-15,！！！
2020-06-15,666
2020-06-15,美国快200W了
2020-06-15,快200w了
2020-06-15,说不希望的人不应该引以为耻吗？
2020-06-15,但是俄罗斯对波兰基本就没好过，有点民族的敌对
2020-06-15,大毛和我们遭遇很……
2020-06-15,但这不自由，老外很多人信奉：不自由，毋宁死
2020-06-15,大理扣的，不要代表全云南
2020-06-15,波兰正常表现
2020-06-15,看戏被打
2020-06-15,十常侍
2020-06-15,雄才大略秦始皇
2020-06-15,煤钢联盟
2020-06-15,法国想起了被德国支配的恐惧（滑稽）
2020-06-15,我大婴帝国表示不服
2020-06-15,默克尔的最大失误
2020-06-15,VBVB么么么么么哒北vnbb冲
2020-06-15,波兰啊，那没事了
2020-06-15,世界人民大团结万岁
2020-06-15,我只希望，出来混的，先把该还的还了
2020-06-15,我不希望看到
2020-06-15,这是你想就能做，呵呵，真单纯
2020-06-15,下次一定
2020-06-15,俾斯麦说打
2020-06-15,英国不想不想同流合污
2020-06-15,就是个摆设。
2020-06-15,那还成立啥
2020-06-15,欧共体。
2020-06-15,下次一定
2020-06-15,不可能，他们的幽灵也不会让他们统一
2020-06-15,哈哈
2020-06-15,不是喜欢白嫖，更多无力负担
2020-06-15,英国是13.1%那个吧？
2020-06-15,英剧《是，大臣》
2020-06-15,握着我的抱枕
2020-06-15,下次一定
2020-06-15,好了，下次一定
2020-06-15,提前下次一定
2020-06-15,你是博士生导师
2020-06-15,下次一定
2020-06-15,欧洲也靠谷歌
2020-06-15,戏挺多的
2020-06-15,阿尔斯通都被美国拔掉了
2020-06-15,欧盟就是条破船
2020-06-15,真就跟瘟疫公司一样
2020-06-15,下次一定
2020-06-15,快跑
2020-06-15,666666
2020-06-15,好！
2020-06-15,我也希望啊
2020-06-15,哈哈哈哈哈哈
2020-06-15,这样挺好
2020-06-15,命运什么？国家实力决定绝大多数
2020-06-15,不我们不希望
2020-06-15,人道主义？当初中国疫情的时候怎么不见欧盟人道主义？
2020-06-15,不希望
2020-06-15,我不希望
2020-06-15,不要啊，欧盟继续呀
2020-06-15,因为没有秦始皇
2020-06-15,就当是一场梦，醒了还是很感动
2020-06-15,说的太简单了，这么大的蛋糕谁愿意拱手让人。
2020-06-15,哇
2020-06-15,哦
2020-06-15,哦
2020-06-15,原来是个弟弟。。
2020-06-15,真落后啊，欧洲
2020-06-15,666
2020-06-15,女政治家可比男的要脸薄，各个假笑。其余人像看傻子围观。
2020-06-15,电视剧现有才有小说的啦2333
2020-06-15,china就是秦的发音chin演变的，china就是秦的意思
2020-06-15,再打就没了
2020-06-15,凯撒战记的开端再现
2020-06-15,666
2020-06-15,法治德治相结合
2020-06-15,汉弗莱哈哈哈哈哈哈哈
2020-06-15,屋漏偏逢连夜雨
2020-06-15,哈哈哈哈就哈哈哈哈家
2020-06-15,666666
2020-06-15,我学的知识让我混乱，通胀，货币贬值，增出减进吧？？
2020-06-15,感谢秦始皇
2020-06-15,牢不可破的联盟
2020-06-15,我不希望
2020-06-15,hhhh
2020-06-15,300w!
2020-06-15,我不希望
2020-06-15,最高决策-中书-门下-尚书
2020-06-15,美国180万前来考古
2020-06-15,下次一定
2020-06-15,德国：我眼中毫无波兰
2020-06-15,下次一定
2020-06-15,兄弟抢东西，直接被爸爸吊打
2020-06-15,罗马!
2020-06-15,罗马!
2020-06-15,666
2020-06-15,666
2020-06-15,走了走了走了
2020-06-15,统一不可能的
2020-06-15,意大利传统艺能，重大选择没一次选对的
2020-06-15,下次一定
2020-06-15,溜了溜了
2020-06-15,打劫啊哈哈哈哈哈哈哈哈
2020-06-15,云南懵逼
2020-06-15,这就很有趣了
2020-06-15,非常可以哈哈哈哈哈
2020-06-15,说不希望的想什么呢，他们不结束我们也会受影响的，不要那么狭隘好不好
2020-06-15,666
2020-06-15,德国：我真的不是坏人，请相信我
2020-06-15,欧洲就是，为美国擦屁股的
2020-06-15,马克思是他们的没有错，他们不觉得香
2020-06-15,联合国也不是，是美国的工具
2020-06-15,他们就是利益共存体，压根不是一心
2020-06-15,历史传承，笑
2020-06-15,平原的地形不行，不利于统一
2020-06-15,我们的地形好，他们都是平原
2020-06-15,美国的幽灵哈哈哈
2020-06-15,这不是英国掏的最多么
2020-06-15,哈哈哈哈哈哈哈
2020-06-15,？？？？？？？？
2020-06-15,666
2020-06-15,英国一开始不是的，后来加入现在又退了
2020-06-15,哈哈哈哈哈哈
2020-06-15,？？？
2020-06-15,下次一定
2020-06-15,老轴心国了
2020-06-15,波兰：红军造的飞机必不能过我头顶
2020-06-15,不不不，别动不动代表全世界
2020-06-15,欧联
2020-06-15,这个活不是我上我也行么~
2020-06-15,不希望
2020-06-15,老绕口令了
2020-06-15,算了算了强大了又来欺负我们了
2020-06-15,？？？？？？？？？？？？？？？？？
2020-06-15,国大狗多
2020-06-15,？？
2020-06-15,？？？？？？
2020-06-15,下次一定
2020-06-15,他们党派取名都这么草率吗
2020-06-15,等于啥都没有
2020-06-15,法国的文化优势达到什么地步日本人为了保持巴黎向他们想象中那么干净会组团去那边免费给他们捡垃圾
2020-06-15,欧洲也是人，许许多多普通人
2020-06-15,这里的“德国”只是西德吧，地图也标错了
2020-06-15,波兰又被德国控制了
2020-06-15,对欧盟来说是一次大战
2020-06-15,哈哈哈哈哈哈哈哈哈哈或
2020-06-15,云南白药不行么？
2020-06-15,那美国怎么办
2020-06-15,不许抹黑始皇爸爸！！！
2020-06-15,下次一定
2020-06-15,2333
2020-06-15,说不希望的还不理解疫情是全球的事吗
2020-06-15,阿拉伯之春，呵呵
2020-06-15,欧洲不统一怎么跟美国干
2020-06-15,Hahaha
2020-06-15,你在胡说吧。统一文化。。。
2020-06-15,公知脸都肿了
2020-06-15,至少比美国好
2020-06-15,哈哈哈
2020-06-15,美国两百万回来看看
2020-06-15,up主好帅
2020-06-15,你币有啦
2020-06-15,内阁首辅吗？
2020-06-15,阿尔斯通已经被干掉了
2020-06-15,朋克
2020-06-15,统一文化指，每个国家的语言都不一样
2020-06-15,下次一定
2020-06-15,老希望工程了
2020-06-15,此处观点一般，德意大病全免是真的不会让你破产。而且大病排队很快，小病他们欧洲人确实完全不care。大规模病例谁碰到都会垮，这不是欧洲的问题。是该救谁不救谁，2012方舟也不是把所有人都救了。。
2020-06-15,不，我们不希望，非我族类，其心必异
2020-06-15,我不希望
2020-06-15,不可能有统一部署，有些底线对欧洲人也一样，被破坏只有一次和无数次。别说各国统一部署了，连德国各州都不能实现。
2020-06-15,？？？德国邻居都说中国抗议好诶，观点其实在变化
2020-06-15,中书省门下省尚书省
2020-06-15,德国现在最烦提战争了。。。
2020-06-15,事实上德国在欧洲是真的大哥
2020-06-15,始皇帝千秋万代
2020-06-15,美国现在天天都有美丽的风景线。
2020-06-15,哈哈哈哈
2020-06-15,下次一定
2020-06-15,美国182W+
2020-06-15,你可以把日本比作德国但当时的中国远远不及法国日本会甘心吗？
2020-06-15,俄罗斯我快分了，害不放过我?
2020-06-15,日了
2020-06-15,重庆人表示当时气的想骂人
2020-06-15,整个天天吃饱撑得不干正事，培养一群饱汉。
2020-06-15,欧洲想统一?建议各国大力发展艺术开设高门槛艺术学校。
2020-06-15,联合一下中和中和
2020-06-15,理解
2020-06-15,美国不会让的
2020-06-15,俄罗斯一直想融入欧洲
2020-06-15,还想找中国要赔偿呢
2020-06-15,因为日本战后没遭罪，中国免了赔款，之后借美国发战争财，之后冷战美国需要日本
2020-06-15,今日汝法哈哈哈
2020-06-15,180万了
2020-06-15,精罗落泪
2020-06-15,大家好，这个人是王骁
2020-06-15,神魔乱舞
2020-06-15,德意志只想大口吃地
2020-06-15,这都什么乱七八糟的
2020-06-15,三十年战争不是单纯的宗教问题吗
2020-06-15,需要一个罗马！
2020-06-15,意大利破口大骂
2020-06-15,啊哈哈哈哈哈哈哈哈
2020-06-15,233333
2020-06-15,真拧巴
2020-06-15,666
2020-06-15,6月3号美国180W了
2020-06-15,我估计意大利要负
2020-06-15,三省六部==
2020-06-15,我意大利
2020-06-15,反对一切哈哈哈
2020-06-15,下次吧，下次一定
2020-06-15,毛子实惨
2020-06-15,德国就脸皮很厚
2020-06-15,1984就过了，想象力丰富，行动了弟弟
2020-06-15,圣母
2020-06-15,美国两百万前来考古
2020-06-15,公知落泪
2020-06-15,难
2020-06-15,哼哼哼
2020-06-15,不，我不希望
2020-06-15,美国180万了
2020-06-15,所以英国脱欧了
2020-06-15,下次一定
2020-06-15,一群批小将
2020-06-15,再干一架啊
2020-06-15,这不是都没有吗
2020-06-15,666
2020-06-15,不希望
2020-06-15,2333333
2020-06-15,6666
2020-06-15,66666
2020-06-15,1984对他们的阴影太大了吧
2020-06-15,精罗落泪
2020-06-15,哈哈哈哈哈哈哈哈你会发现，只有你传着泳衣
2020-06-15,下次一定下次一定
2020-06-15,吉翁带肯（）
2020-06-15,毛子拯救了两次欧洲
2020-06-15,叫你脱德
2020-06-15,莫大妈是东德人
2020-06-15,但泽或战争
2020-06-15,那就让那个画家再次出现
2020-06-15,乳法
2020-06-15,神罗都没了卢森堡挂机
2020-06-15,哈哈哈哈哈哈哈哈哈
2020-06-15,是大臣！
2020-06-15,钢铁洪流！
2020-06-15,因为罗马亡了
2020-06-15,新皮肤！！好好看！
2020-06-15,也不是双标，你想想你会轻易支持两次世界大战的发起国领导者说的话吗？
2020-06-15,我觉得欧洲因为文化和地域的原因，是统一不下来的，英国离欧洲主大陆还有一片海呢
2020-06-15,好盟友
2020-06-15,吃饱了撑的
2020-06-15,？？？？？？？
2020-06-15,醒醒，伦巴第蛮子还想重建罗马？希腊还差不多
2020-06-15,法国搞渎圣同盟把哈布斯堡头都给秀掉了
2020-06-15,下次一定
2020-06-15,欧洲科学技术可以，但是文化不行
2020-06-15,重返罗马！
2020-06-15,电视剧说出现实政治目的还行
2020-06-15,666
2020-06-15,666
2020-06-15,666
2020-06-15,不希望
2020-06-15,连美国的都抢……
2020-06-15,666
2020-06-15,意呆利
2020-06-15,坚定的白嫖
2020-06-15,感谢秦始皇
2020-06-15,不希望看到
2020-06-15,666
2020-06-15,666
2020-06-15,姐姐来我家吧，天天吃香的喝辣的
2020-06-15,这个难民我收了
2020-06-15,另外两本反乌托邦小说是我们美丽新世界
2020-06-15,谈不通的，谈不通的
2020-06-15,。
2020-06-15,始皇帝陛下，千秋无期
2020-06-15,精德狂喜
2020-06-15,哎
2020-06-15,瑞士也是厉害了
2020-06-15,反对一切？？？？
2020-06-15,我，嬴政，打钱
2020-06-15,666
2020-06-15,哈哈哈哈哈哈哈哈哈哈或或或或或或
2020-06-15,假的真的都无所谓的，有照片你就没理由继续！
2020-06-15,美国两百万了
2020-06-15,毕竟都老强盗了
2020-06-15,他们可以统一说中文啊
2020-06-15,五岳剑派，同气连枝
2020-06-15,哈贝马斯在当今真可乘称上一个去掉之一的最字了
2020-06-15,这样的德国总比日本有良心
2020-06-15,，没人发我就发了！！，秒啊！！！
2020-06-15,？？？？？？？？？？？？？？
2020-06-15,.
2020-06-15,感恩千古一帝秦始皇
2020-06-15,制度胜利
2020-06-15,阿尔斯通……
2020-06-15,\
2020-06-15,我不希望，谢谢
2020-06-15,没有一个国家想看到欧洲统一。别骗自己了。
2020-06-15,欧洲一定不能统一。。。
2020-06-15,可以，建议改名
2020-06-15,左右横跳是呆梨血液中的荣耀
2020-06-15,666
2020-06-15,我不希望
2020-06-15,好的6666
2020-06-15,好的666
2020-06-15,竟然还有人是精波？图啥？
2020-06-15,晕了
2020-06-15,法国有核武器！（精法怒吼）
2020-06-15,想法很美好现实很骨感
2020-06-15,不你不希望
2020-06-15,哈哈哈哈
2020-06-15,鼓吹西南三省成何居心？
2020-06-15,66666
2020-06-15,欧洲别统一，欧洲那些国家老是想把我们搞分裂
2020-06-15,大英良心漢弗萊
2020-06-15,压倒法国
2020-06-15,作为云南人，我有点虚了此时
2020-06-15,并没有顺应历史潮流好吗？秦始皇灭六国灭了十年，他只是有统一的坚定信念
2020-06-15,德国才是欧洲的主人
2020-06-15,云南人一脸懵逼
2020-06-15,查理曼大帝
2020-06-15,下次一定
2020-06-15,欧洲一盘散沙最好，最好美国也解体
2020-06-15,西欧剧变欧盟解体
2020-06-15,666
2020-06-15,7-+4//*
2020-06-15,下次一定
2020-06-15,理都懂然并卵
2020-06-15,“春”
2020-06-15,不愧是波兰
2020-06-15,干的漂亮
2020-06-15,魔法罢工少女
2020-06-15,闪电战（狗头）
2020-06-15,难民误国啊
2020-06-15,检查背诵
2020-06-15,难
2020-06-15,得国人:我们尝试过2次，但是他们不配合
2020-06-15,然后他们就尸横遍野了
2020-06-15,中国：伽利略要不我给你修？
2020-06-15,云南各地委屈，那是大理干的……
2020-06-15,大理……
2020-06-15,哈贝马斯还健在呢啊
2020-06-15,重庆还没说话呢云南跳什么跳，不服什么，自己安静如鸡好么
2020-06-15,波兰嘛，那没事了
2020-06-15,你好大臣？
2020-06-15,库兹马
2020-06-15,一部YM治天下
2020-06-15,不记仇是不可能的
2020-06-15,忙呀
2020-06-15,美国156万了
2020-06-15,停下！！！我有点晕了~~~~~~~
2020-06-15,忽悠瘸了
2020-06-15,刚刚都建议通缉比尔盖茨了
2020-06-15,玫瑰美国150w来考古
2020-06-15,就是没事干
2020-06-15,那不就是等于没有？
2020-06-15,不不不，我们只想当瓜田里快乐的猹
2020-06-15,大人，时代变了
2020-06-15,似曾相识，疫情好转了再给支援
2020-06-15,appalling
2020-06-15,哈哈哈
2020-06-15,下次一定
2020-06-15,还强大呢，
2020-06-15,陛下的车同轨书同文太厉害了
2020-06-15,桃饱网会员
2020-06-15,以德服人
2020-06-15,老德意志了
2020-06-15,精法兰克狂喜
2020-06-15,汉弗莱
2020-06-15,这么多皇室怎么统一王公贵族不死
2020-06-15,前面的。感谢冉闵的，又是一个被自媒体忽悠瘸的，别听风就是雨，你自己没有能力翻阅史书，只是道听途说罢了。
2020-06-15,开始吟唱
2020-06-15,欧美没有生存权的
2020-06-15,本性暴露
2020-06-15,下次一定！
2020-06-15,下次一定
2020-06-15,雪崩的时候每一片雪花都在勇闯天涯
2020-06-15,不，我不希望
2020-06-15,被美国忽悠瘸了
2020-06-15,老传统了
2020-06-15,传统异能
2020-06-15,小胡子二代目
2020-06-15,内心毫无波兰
2020-06-15,通货膨胀，本币贬值，购买原材料成本高，打击加工业出口
2020-06-15,门下都给事中
2020-06-15,历史上欧洲瘟疫死人死习惯了
2020-06-15,政哥哥
2020-06-15,他们没有商君和政哥哥
2020-06-15,法国，我我我在
2020-06-15,不可能，法国和德国都想当领导。
2020-06-15,啥啥啥，都是啥
2020-06-15,666
2020-06-15,666
2020-06-15,传统艺能
2020-06-15,呵
2020-06-15,反对反对
2020-06-15,今日乳法
2020-06-15,我们隋朝就有了
2020-06-15,？？？
2020-06-15,以邻为壑真的狗
2020-06-15,阿尔斯通本来有机会成世界NO.1。被阳谋干掉了
2020-06-15,合久必分、分久必合只在中国有用，欧洲是合久必分然后再分，分完还分，分无可分，
2020-06-15,就这，就这??他们活该!
2020-06-15,我也不希望
2020-06-15,非我族类，多感染几个无所谓
2020-06-15,波兰人几乎是一出生就恨俄罗斯人
2020-06-15,卡廷森林
2020-06-15,没人有魄力站出来罢了
2020-06-15,云南人民给大家道歉了
2020-06-15,哈布斯堡家族下半身帝国
2020-06-15,不可能
2020-06-15,欧洲上空总有幽灵
2020-06-15,司礼监
2020-06-15,德国：劳资就抢你了，怎么嘀
2020-06-15,打死白学家
2020-06-15,一开始劳资是拒绝的
2020-06-15,我们都是中华民族
2020-06-15,紧急收拾
2020-06-15,紧急收拾
2020-06-15,66666
2020-06-15,营销耗
2020-06-15,然而貌似法国在二战中表现得也不咋地，五十步笑百步有啥意义
2020-06-15,然而法国在二战的表现貌似也不咋地，五十步笑百步有啥意义
2020-06-15,哈贝马斯，不得不跳出来发弹幕了...
2020-06-15,德国是真的狗
2020-06-15,哈哈哈哈
2020-06-15,666
2020-06-15,666
2020-06-15,车同轨书同文
2020-06-15,1984
2020-06-15,捷克斯洛伐克的命运？
2020-06-15,德国就是吸血欧洲被你们说成牛逼。。
2020-06-15,明朝东林党
2020-06-15,波兰和俄罗斯有世仇啊
2020-06-15,六科给事中
2020-06-15,666
2020-06-15,呆萌
2020-06-15,秦始皇！永远滴神！
2020-06-15,欧洲地毯
2020-06-15,我晕了
2020-06-15,德国一直想统一欧洲，前两次用战争，欧盟这次用钱，不过其他国家也不傻
2020-06-15,一个幽灵，一个美帝主义的幽灵正在欧洲大陆徘徊
2020-06-15,多读读马克思，不然中国为什么提出人类命运共同体
2020-06-15,美国140
2020-06-15,人类非物质文化遗产
2020-06-15,666
2020-06-15,说英语有什么不好……
2020-06-15,统一就怪了……
2020-06-15,就很神奇为什么他们不当回事……
2020-06-15,北斗快成了伽利略快凉了
2020-06-15,这么多年没出一个欧洲版秦始皇说白了还是废物
2020-06-15,大英帝国呢
2020-06-15,英国自动退群不玩了
2020-06-15,这身西装真帅啊
2020-06-15,崔娃就总diss俄罗斯
2020-06-15,苏联笑话永不过时
2020-06-15,2333
2020-06-15,哈哈哈哈哈哈
2020-06-15,哈哈哈哈哈哈哈哈哈
2020-06-15,波兰是因为纪念碑的原因吧
2020-06-15,感想中国历代大一统王朝的开国皇帝
2020-06-15,感谢秦始皇
2020-06-15,666
2020-06-15,美国不会让欧洲同统一
2020-06-15,AWSL
2020-06-15,必修二还难吗？
2020-06-15,下次一定
2020-06-15,反对一切可还行
2020-06-15,这么花哨
2020-06-15,...
2020-06-15,我。秦始皇，打钱
2020-06-15,重点:反对一切！
2020-06-15,重点:分赃
2020-06-15,已经给100个号买了
2020-06-15,秦始皇告诉我们得先统一语言，文字
2020-06-15,就这还是文艺复兴的发源地
2020-06-15,说不希望的都是政治小白
2020-06-15,哈哈哈
2020-06-15,一群伪发达国家
2020-06-15,正片开始
2020-06-15,冷战思维作祟
2020-06-15,所以波兰蠢驴发奋图强？？
2020-06-15,罗马帝国的人民不会生病！（doge）
2020-06-15,精罗落泪
2020-06-15,欧洲之光
2020-06-15,哈哈哈哈哈哈哈哈哈
2020-06-15,u
2020-06-15,反对一切我是没想到的
2020-06-15,666
2020-06-15,确实有三省内味
2020-06-15,输入暗号666
2020-06-15,哇说的太有道理了！
2020-06-15,游牧文明和农耕文明没法比
2020-06-15,国家利益
2020-06-15,传统艺能
2020-06-15,下次一定
2020-06-15,美国140万了
2020-06-15,灭过波兰四次，让你飞？
2020-06-15,下次一定
2020-06-15,人道主义牛逼哦~
2020-06-15,从头看了一遍
2020-06-15,贵州人一脸懵逼
2020-06-15,当时疫情爆发的时候我一个学信通的朋友就说，肯定会靠手机基站定位来统计人员流动
2020-06-15,天府
2020-06-15,另类选择党？？？好奇怪的名字
2020-06-15,不希望，我就吃瓜
2020-06-15,不希望他们都是换人
2020-06-15,666
2020-06-15,西欧都快变成欧洲斯坦了
2020-06-15,德国斯坦共和国看来不远了
2020-06-15,宗教文化民族这都是统一的障碍
2020-06-15,？？？
2020-06-15,5月11美国116万
2020-06-15,主要是书同文没演变成多语言，都是方言
2020-06-15,秦始皇牛逼
2020-06-15,感谢秦始皇
2020-06-15,意大利·周伯通
2020-06-15,美国一百三十万了
2020-06-15,666
2020-06-15,66666666
2020-06-15,中体西用
2020-06-15,666
2020-06-15,。
2020-06-15,说有利出口的，欧盟都用欧元，懂？
2020-06-15,BBChina
2020-06-15,下次一定
2020-06-15,个人是受到人类命运共同体的深度影响的，还是希望欧洲疫情能好起来
2020-06-15,说法国打不过德国的，怕不是不知道法国有核武器。大不了鱼死网破拉德国下水。
2020-06-15,666
2020-06-15,欧洲钢铁
2020-06-15,宗教
2020-06-15,巨他么真实
2020-06-15,23333
2020-06-15,说的真简单
2020-06-15,白头盔
2020-06-15,666
2020-06-15,毕竟一战二战头子，没办法
2020-06-15,。
2020-06-15,用爱发电
2020-06-15,↑我怀疑你在搞事情
2020-06-15,精罗落泪
2020-06-15,有一说一波兰虽然惨，但是真的欠揍
2020-06-15,666
2020-06-15,666
2020-06-15,人类命运共同体了各位
2020-06-15,没自由，毋宁死
2020-06-15,别国要是控制不好世界疫情就不能解决
2020-06-15,美国，该来的还是会来哈哈哈
2020-06-15,波兰和俄罗斯，没有欧盟也这样
2020-06-15,整个欧洲都用的欧元，所以德国出口会被打击
2020-06-15,够狠
2020-06-15,精德震怒
2020-06-15,听懂了，等于啥都没有
2020-06-15,妙啊
2020-06-15,罗马全面战争
2020-06-15,下次一定
2020-06-15,秦始皇还会再来的
2020-06-15,云南人，你有啥不服的？
2020-06-15,大难临头各自飞
2020-06-15,哈哈
2020-06-15,说的太对了
2020-06-15,是你给的自由过了火～
2020-06-15,666
2020-06-15,不要什么都往DNA里刻啊!
2020-06-15,？？？？？？
2020-06-15,永久中立
2020-06-15,不愧是你
2020-06-15,寒假要没了
2020-06-15,罗马正统张家界
2020-06-15,五岳剑派，同气连枝
2020-06-15,通货膨胀增加了企业成本，欧元这个货币作为世界性的货币汇率根本不是关键，根本降不下来的
2020-06-15,没有基础
2020-06-15,美国一百二十万前来考古
2020-06-15,今日乳法
2020-06-15,666
2020-06-15,66666
2020-06-15,等我工资，嘻嘻嘻
2020-06-15,西门子是真的牛批，西门子技术领先世界五十年
2020-06-15,德国下水道落泪
2020-06-15,果然德国老强盗了
2020-06-15,意大利老墙头草了
2020-06-15,应为想法好但是国家有强有弱不可避免占便宜
2020-06-15,神罗七改失败
2020-06-15,门下省噗哈哈哈哈哈哈太耿直了
2020-06-15,因为日本经历了原子弹，战后国家被阉割，他们的心理创伤更大
2020-06-15,奇怪的幽灵增加了！
2020-06-15,德国有马克思啊
2020-06-15,下次一定
2020-06-15,下次一定
2020-06-15,下次一定
2020-06-15,我重庆太难了，云南这次很不厚道，不光扣押我们的，还有其他省的，他们作为一个旅游业发达的省，这样做真的好么
2020-06-15,武林争霸
2020-06-15,666
2020-06-15,闲的蛋疼
2020-06-15,三部六省的建议多读书
2020-06-15,比利时
2020-06-15,远古历史课记忆
2020-06-15,帅！
2020-06-15,法国有空客
2020-06-15,666
2020-06-15,千万别统一，最好打起来
2020-06-15,人类总会碰上灭族的灾难
2020-06-15,我就是来看笑话的
2020-06-15,下次一定下次一定
2020-06-15,牛了
2020-06-15,美国120w考古
2020-06-15,再打一架不就搞定了！
2020-06-15,传统艺能
2020-06-15,开始吟唱
2020-06-15,一个幽灵，一个自由主义的幽灵在欧洲大陆上徘徊……
2020-06-15,哈哈哈哈哈哈，云南白要的魔鬼吧？！
2020-06-15,祖传罢工
2020-06-15,反对一切
2020-06-15,真•闪电战
2020-06-15,祖传截胡
2020-06-15,瑞士的物资被周边国家截胡的干干净净
2020-06-15,医疗物资全聚德
2020-06-15,哈哈哈哈
2020-06-15,666
2020-06-15,哈哈哈哈哈哈哈哈哈哈哈哈哈哈哈哈好
2020-06-15,所以说二战最后等于是德国赢咯
2020-06-15,法兰克王国
2020-06-15,欧洲团结就是句漂亮话，大家都知道呵呵呵
2020-06-15,我合计你不打仗不就没这些事了吗
2020-06-15,下次一定哈哈哈
2020-06-15,一语多乳
2020-06-15,下次一定
2020-06-15,/youl
2020-06-15,奇怪的幽灵增加了！
2020-06-15,我也晕了
2020-06-15,有高中历史内味了
2020-06-15,不都是freedom嘛
2020-06-15,欧盟：你再骂
2020-06-15,胜利。奥利给
2020-06-15,汉武帝也配和始皇比
2020-06-15,下次一定
2020-06-15,66666
2020-06-15,我穷啊，见谅
2020-06-15,下次一定
2020-06-15,早都知道你咋想的，懂
2020-06-15,哈哈哈哈哈哈哈哈哈
2020-06-15,666
2020-06-15,66666
2020-06-15,下次一定
2020-06-15,666666
2020-06-15,6666
2020-06-15,666
2020-06-15,对不起，今天很开心，又白嫖了一集
2020-06-15,好了，
2020-06-15,666
2020-06-15,下次一定
2020-06-15,说的多
2020-06-15,人类若要冲出地球，全球必须统一
2020-06-15,散装的欧盟
2020-06-15,黑龙江又出事了
2020-06-15,不希望
2020-06-15,666
2020-06-15,说不希望的心胸得有多狭窄？疫情结束了咱再去斗，不然我们也没法独善其身
2020-06-15,传统艺能
2020-06-15,德国就是搞现代经济殖民，欧盟的好处都他得，然后骂其他国家是金猪
2020-06-15,是欧洲其他国家的钱贬值，德国的产品就会更贵，所以打击德国出口
2020-06-15,666
2020-06-15,哈哈哈哈哈哈哈哈哈哈哈哈傻子被害妄想症
2020-06-15,666
2020-06-15,哇那完了自由阻碍科技发展
2020-06-15,999
2020-06-15,哈哈哈哈哈
2020-06-15,我们实力还不够强，还是要隐忍
2020-06-15,德意志第四帝国———欧盟
2020-06-15,哈贝马斯亮了
2020-06-15,嗯
2020-06-15,多动脑子再发弹幕
2020-06-15,好的佳宁
2020-06-15,互相捧场开始！！！
2020-06-15,赞秦皇汉武！！！
2020-06-15,前面那几个波兰没了的别走！笑死我了
2020-06-15,分赃还行
2020-06-15,玩我们中国玩剩下的
2020-06-15,哈哈哈哈哈哈哈哈
2020-06-15,煤钢共同体
2020-06-15,主要是缺欧洲军事委员会
2020-06-15,是大臣这么著名的英剧……
2020-06-15,分赃
2020-06-15,对不起我不知道我给大家丢脸了哈哈哈
2020-06-15,尚书省
2020-06-15,难民加速了欧盟灭亡
2020-06-15,现在感觉有点工业时代之后，英国看中国的感觉，贼有意思
2020-06-15,哈哈哈哈哈哈哈哈哈哈哈哈哈
2020-06-15,真三省六部？
2020-06-15,美国将近一百二十万时代前来考古
2020-06-15,我表示认真学习
2020-06-15,666
2020-06-15,666
2020-06-15,掀起波兰
2020-06-15,俄罗斯不止一次拯救了欧洲……
2020-06-15,666
2020-06-15,德国大众不是中国的削弱版
2020-06-15,23333
2020-06-15,下次一定
2020-06-15,世界史专业的历史狗路过
2020-06-15,666
2020-06-15,嗨，波兰的同志要不要来斯摩棱斯克听首手风琴的曲子，你们的先祖已经来过一次了
2020-06-15,哈哈哈哈哈哈
2020-06-15,666
2020-06-15,哈哈哈哈哈哈哈哈哈哈哈哈哈哈
2020-06-15,德国大部分的天然气来自于俄罗斯，哈哈哈哈
2020-06-15,特朗普又改口9万以上了
2020-06-15,平平淡淡才是真
2020-06-15,2333
2020-06-15,确实不希望啊，一群来你家抢劫过的人联合起来，你会高兴还是担忧？动动脑子别太圣母
2020-06-15,第三罗马在罗马
2020-06-15,确实不希望，很正常的想法，一帮来你家抢劫过的人联合起来，你会高兴？圣母心收一收吧
2020-06-15,那个反对一切的玩意好像下台了
2020-06-15,既然你这么想，我们就这么做（滑稽）
2020-06-15,墨索里尼
2020-06-15,哈德良长城（确信）
2020-06-15,刷不希望的是什么心态？人民无罪
2020-06-15,真就圣母误国。。。
2020-06-15,法兰克
2020-06-15,精罗落泪
2020-06-15,5月5日
2020-06-15,美国破一百万前来考古
2020-06-15,哈哈哈哈
2020-06-15,666
2020-06-15,红红火火恍恍惚惚
2020-06-15,秦始皇人家是国土之外皆蛮夷，压根瞧不上眼好吗，看看匈奴再想秦朝战力
2020-06-15,别气各位，那可是意大利
2020-06-15,欧洲有很多普通人
2020-06-15,终有一天人类是要统一的
2020-06-15,下次一定
2020-06-15,？
2020-06-15,惨
2020-06-15,？？？？？？
2020-06-15,哈哈哈哈
2020-06-15,下次一定
2020-06-15,快跑
2020-06-15,巴菲特的比喻
2020-06-15,盎格鲁撒克逊人都是这样啦，别在意啦
2020-06-15,666
2020-06-15,说不希望的人心态有问题，我们老祖宗流传下来的精神就是大一统，虽然这算是个遥远的目标，可是隔岸观火的心理岂不是把我们置身于他们的队列
2020-06-15,下次一定
2020-06-15,666
2020-06-15,开始了开始了
2020-06-15,1
2020-06-15,德国闷声发大财，躲开美国的视线
2020-06-15,播放量高对你们有好处不
2020-06-15,哈哈
2020-06-15,以德服人
2020-06-15,666
2020-06-15,哈哈哈哈哈哈哈哈哈
2020-06-15,语言都不统一
2020-06-15,666
2020-06-15,确实不希望
2020-06-15,666
2020-06-15,通货膨胀，钱不值钱，相对外币升值，外币购买能力强，有利于出口。
2020-06-15,亚洲有头的=-=我们不会真的原谅他们
2020-06-15,大秦万岁！！！
2020-06-15,就这/
2020-06-15,哈!笑死我
2020-06-15,兄弟看清楚点左下角那个才是英国懂不
2020-06-15,5月1号美国100万了
2020-06-15,二次乳法
2020-06-15,事实证明德国总是选错盟友，或者是没得选的盟友。
2020-06-15,悄咪咪说一下我只想吃瓜
2020-06-15,就跟我们和日本似的
2020-06-15,波兰哦哦，那没事了
2020-06-15,？？？
2020-06-15,这里说一下可能是因为口罩这类产品本身他们就靠进口多，发达国家嘛
2020-06-15,快跑
2020-06-15,这个能理解，毕竟离得远且当时连中国自己都还没搞明白
2020-06-15,不愧是两次发源地
2020-06-15,难怪英国要脱欧
2020-06-15,云南打劫要是成功的话河北有话要说
2020-06-15,法国有育碧土豆！！！！
2020-06-15,然而照片是假的
2020-06-15,和平大统一没见过，除非第三次世界大战在欧洲爆发
2020-06-15,在吃pasta
2020-06-15,666
2020-06-15,通货膨胀导致货币贬值，事实上能使净出口增加。
2020-06-15,中国古代王朝地图最广的是元朝，成吉思汗时期的，有兴趣可以了解一下
2020-06-15,秦始皇就是严刑峻法，人家是确实闻到武略，有大成就的皇帝
2020-06-15,乔治奥威尔
2020-06-15,谁愿意出钱？
2020-06-15,拿破仑
2020-06-15,禁止套娃
2020-06-15,宗教原因
2020-06-15,各自为政
2020-06-15,通货膨胀有利出口啊！！！！！
2020-06-15,欧洲门下省哈哈哈哈哈哈哈哈哈哈哈哈哈哈哈哈哈哈哈哈
2020-06-15,我大秦
2020-06-15,奇怪的比喻增加了
2020-06-15,互相坑害，精神和行动都挺统一的……
2020-06-15,计算题:欧洲有多少幽灵？
2020-06-15,真，闪电战
2020-06-15,666
2020-06-15,云南人觉得很委屈
2020-06-15,怎么有点像德国...
2020-06-15,日本也是一个道理
2020-06-15,666
2020-06-15,66666
2020-06-15,6666
2020-06-15,对于中国是送分题对于外国简直是送命题
2020-06-15,共和党宣言？
2020-06-15,666666
2020-06-15,6666666
2020-06-15,66666666
2020-06-15,66666666
2020-06-15,我也不希望
2020-06-15,666
2020-06-15,2333
2020-06-15,开始吟唱
2020-06-15,我前两天考欧洲经济的时候怎么没看这个视频用法语看名字更迷惑
2020-06-15,666
2020-06-15,6666
2020-06-15,？！！？？？？？？？
2020-06-15,这照片让我想到美国的媒体
2020-06-15,缺个猛男
2020-06-15,2333
2020-06-15,前面的，通胀本国货币贬值，外国倾向于买本国商品，有利于出口
2020-06-15,那德国人你们给点钱让法国去说啊
2020-06-15,通胀应该对出口有好处呀
2020-06-15,洗脑
2020-06-15,他们还是不在乎
2020-06-15,没有英国
2020-06-15,因为衣服换不了
2020-06-15,难民也是英法自己的锅
2020-06-15,在亚洲完全不一样
2020-06-15,天下熙熙皆为利来，天下攘攘皆为利往
2020-06-15,下次一定
2020-06-15,精秦狂喜哈哈
2020-06-15,1941
2020-06-15,嗯？这事真敢干啊！
2020-06-15,6666
2020-06-15,666
2020-06-15,明白了
2020-06-15,rufa了
2020-06-15,哈贝马斯！！！
2020-06-15,不攻自破的欧盟
2020-06-15,666
2020-06-15,666
2020-06-15,哈哈哈哈哈哈哈哈哈哈哈
2020-06-15,？？？？？？？？？？？？？？？？？？？？？？？？？？/
2020-06-15,草
2020-06-15,哈哈哈哈哈哈哈哈哈哈哈哈哈哈哈哈
2020-06-15,指英美打劫
2020-06-15,哈哈哈哈哈哈哈哈哈哈哈
2020-06-15,可以这很欧洲
2020-06-15,就意大利啊
2020-06-15,妙啊
2020-06-15,一语道破天机啊
2020-06-15,？？？
2020-06-15,如果疫情全球严重中国也得不了好
2020-06-15,没有秦王
2020-06-15,弹幕没事吧
2020-06-15,三省六部的三省？
2020-06-15,欧盟快散了吧
2020-06-15,我们还可以殖民，好强啊
2020-06-15,波兰可以理解的
2020-06-15,下次一定
2020-06-15,英国是13.1%，12:00钟方向开始，依次排列
2020-06-15,2333
2020-06-15,100多万了
2020-06-15,2333
2020-06-15,下次一定
2020-06-15,就这？
2020-06-15,下次一定
2020-06-15,和动物庄园比较类似
2020-06-15,恭喜意大利成为意大利升
2020-06-15,原来是这样
2020-06-15,精罗落泪
2020-06-15,拜谢嬴政
2020-06-15,换句话就是什么都没有
2020-06-15,所以间接导致后来英国没能完成对马克固定汇率的承诺，索罗斯狙击英镑成功
2020-06-15,不，我不希望
2020-06-15,中国只希望维持现状，不然大家都要蹦
2020-06-15,美国说中国口罩不行，然后欧盟当真，结果美国接受中国口罩--
2020-06-15,下次一定
2020-06-15,儒家在秦末根本排不上好么。。。
2020-06-15,那中国也没统治北欧南亚东南亚至少罗马把当时能控制的都控制了再远的地方不可能去控制了
2020-06-15,花里胡哨屁用没有
2020-06-15,下次也没有一定
2020-06-15,这是啥时候的节目，美国确诊110万，死6万多了
2020-06-15,多人运动时代，美国已经100万了
2020-06-15,下次一定
2020-06-15,疫情期间全国各地其实都有，只有重庆出来闹了
2020-06-15,666
2020-06-15,掀起波兰，融化了我
2020-06-15,说不希望的人挺有意思的
2020-06-15,老意大利人了
2020-06-15,德理不饶人
2020-06-15,哈哈哈哈哈哈哈哈哈哈哈哈哈哈哈哈哈哈哈说的好
2020-06-15,内心毫无波兰
2020-06-15,？？？？？？？？？？？？what？？？？？
2020-06-15,原来如此
2020-06-15,啊这……三省六部？
2020-06-15,波兰跟俄罗斯那是死敌啊
2020-06-15,666就对了
2020-06-15,这很波兰
2020-06-15,董佳宁那边便宜20元暗号666
2020-06-15,下次一定
2020-06-15,气得那个工人踹了脚飞机哈哈哈
2020-06-15,13.1怎么就三分之一了？数学白学了？
2020-06-15,666
2020-06-15,6666666
2020-06-15,下次一定
2020-06-15,哈哈哈
2020-06-15,病毒:你们不把我当回事，那我也不把你们当回事
2020-06-15,要是当年林肯也打输了该多好啊。。。
2020-06-15,文科生狂喜
2020-06-15,传统艺能
2020-06-15,哈哈哈哈
2020-06-15,希望是不可能希望的，这辈子不可能希望的
2020-06-15,毛子惨啊
2020-06-15,传统艺能
2020-06-15,开始吟唱
2020-06-15,340w
2020-06-15,哈哈哈哈哈
2020-06-15,下次一定
2020-06-15,中国一家独大最好
2020-06-15,开始吟唱
2020-06-15,？？
2020-06-15,？
2020-06-15,师父，别念了，头疼
2020-06-15,废话太多了，言简意赅可以吗
2020-06-15,欧元和空客动了美国的蛋糕
2020-06-15,还有隋文帝
2020-06-15,红红火火恍恍惚惚哈哈哈哈
2020-06-15,有大统一思想的领导人全死了
2020-06-15,下次一定
2020-06-15,三省六部好评
2020-06-15,帅
2020-06-15,欧什么？
2020-06-15,下次一定
2020-06-15,老白眼狼了
2020-06-15,居然感想！下次一定233
2020-06-15,难，制度不允许
2020-06-15,………呵
2020-06-15,可惜只拍了几季
2020-06-15,……………
2020-06-15,现在只能骂一句该
2020-06-15,无话可说，这样名声确实不会好
2020-06-15,这个位置。。。
2020-06-15,是大臣
2020-06-15,人类命运共同体
2020-06-15,开始了开始了
2020-06-15,666
2020-06-15,？？？
2020-06-15,宗教。。。
2020-06-15,666
2020-06-15,皇帝—中书省—门下省—尚书省
2020-06-15,666
2020-06-15,俄罗斯跟我们还行，其他的让他们去闹吧
2020-06-15,政客的嘴我真的是。。。。。
2020-06-15,？？？
2020-06-15,为什么这些党的名字好秀逗
2020-06-15,嬴政这个人真是神人。他看到的东西和一般人不一样。他的想法也远远超越了他的那个时代。
2020-06-15,1453
2020-06-15,不希望，世界上有一个国家就够了
2020-06-15,懂不懂什么叫人类命运共同体！？
2020-06-15,说不希望的都是些什么格局狭小心胸狭隘的人啊
2020-06-15,反对一切
2020-06-15,搞封建，在行的
2020-06-15,用德国的海关为德国的医院争取口罩
2020-06-15,美国110万时代穿越回来
2020-06-15,2333
2020-06-15,好呀！我很欣赏你这个想法
2020-06-15,！
2020-06-15,没错没错没错
2020-06-15,过分了
2020-06-15,哈哈哈哈哈哈哈哈哈哈哈哈门下
2020-06-15,真实了
2020-06-15,啧啧啧
2020-06-15,但是你不能否定秦始皇的功劳，而且一打六也不是吹的
2020-06-15,妙啊
2020-06-15,哈哈哈哈
2020-06-15,欧如果有一个民族很多很多人就像我们汉族'一样，肯定会统一
2020-06-15,嗯嗯
2020-06-15,厉害
2020-06-15,候
2020-06-15,感谢秦始皇
2020-06-15,政哥儿
2020-06-15,晕了
2020-06-15,等我上大学
2020-06-15,不，我不希望、
2020-06-15,每个人都有自己的想法更别说个个国家了
2020-06-15,波兰啊……那正常
2020-06-15,意大利在吃pasta
2020-06-15,2333
2020-06-15,大家好，他是王骁
2020-06-15,还要感谢董仲舒。
2020-06-15,感谢秦皇与汉武。
2020-06-15,还是中国牛逼！！！！！！！
2020-06-15,不得不说，始皇帝很有想法的
2020-06-15,反俄也是生意，百万槽工衣食所系
2020-06-15,？
2020-06-15,反对一切哈哈哈哈哈
2020-06-15,法国传统艺能
2020-06-15,这个讽刺很真实了
2020-06-15,建国同款长城
2020-06-15,精波落泪
2020-06-15,老双标了
2020-06-15,中书，门下，尚书
2020-06-15,哈哈哈哈哈哈
2020-06-15,妙啊
2020-06-15,妙啊
2020-06-15,惨欧洲议会惨
2020-06-15,晕了2333
2020-06-15,已晕
2020-06-15,政哥nb！
2020-06-15,精罗落泪
2020-06-15,前方高能！！！
2020-06-15,加勒比海盗
2020-06-15,武汉必胜的！
2020-06-15,美国百万前来考古
2020-06-15,老孔乙己了
2020-06-15,点名批评云南酱
2020-06-15,紧急救援
2020-06-15,美国106万了
2020-06-15,中国殖意大利！中国万岁！/Doge
2020-06-15,明目张胆就白嫖
2020-06-15,下次一定
2020-06-15,毛子加油鸭
2020-06-15,都是地球人，何必呢
2020-06-15,5月2美国113
2020-06-15,66666666
2020-06-15,6666666
2020-06-15,打倒一切
2020-06-15,666
2020-06-15,666
2020-06-15,666
2020-06-15,从法国回来考古
2020-06-15,他们把自由看得比生命高
2020-06-15,真香
2020-06-15,现在是以中为敌
2020-06-15,？？？？？？
2020-06-15,美国110w了
2020-06-15,？？？？？
2020-06-15,哈哈哈哈哈哈哈哈哈
2020-06-15,秦始皇统一六国也是顺应了历史潮流
2020-06-15,语言不统一，没有办法
2020-06-15,波兰:我信你个鬼哈哈哈
2020-06-15,我不希望
2020-06-15,要来了
2020-06-15,好险没举起双手
2020-06-15,?????
2020-06-15,666
2020-06-15,666
2020-06-15,蓝字，你可知欧盟倒了绝对对我们弊大于利?
2020-06-15,666
2020-06-15,2333
2020-06-15,666
2020-06-15,中立万岁（x）
2020-06-15,弹幕来点意呆利笑话
2020-06-15,。。就凭一张照片
2020-06-15,我选择跳过
2020-06-15,只是看热闹的群众真的要加强独立思考
2020-06-15,欧洲如果合并成一个国家，中美俄都不会同意，肯定背后下黑手
2020-06-15,110w
2020-06-15,噗·
2020-06-15,？？？
2020-06-15,三省六部？
2020-06-15,快跑！
2020-06-15,美国1000w了，我是2021年来的
2020-06-15,666
2020-06-15,正解了
2020-06-15,吸血
2020-06-15,美国100万
2020-06-15,波兰的三次灭国不是没有道理的
2020-06-15,有原著，建议读原著，电视剧也很好看
2020-06-15,美国百万前来考古
2020-06-15,三省六部的感觉
2020-06-15,让难民去美国啊
2020-06-15,意大利人
2020-06-15,未曾设想的路
2020-06-15,啊这？
2020-06-15,秦皇万岁
2020-06-15,波兰PTSD犯了
2020-06-15,被标记了
2020-06-15,美国：喵？？？
2020-06-15,政哥牛逼
2020-06-15,塑料兄弟
2020-06-15,这个表情怎么这么像川普
2020-06-15,为了反对而反对
2020-06-15,？？？？？
2020-06-15,666
2020-06-15,环保少女震怒
2020-06-15,谋财害命大众
2020-06-15,666
2020-06-15,2022考古
2020-06-15,考古
2020-06-15,说秦始皇没统一亚洲的，欧洲跟亚洲的面积是能比的吗
2020-06-15,英国都占三分之一了，难怪要脱欧
2020-06-15,5月2号美国已经110万了
2020-06-15,语言同轨
2020-06-15,666
2020-06-15,锦州人质疑一切意大利反对一切
2020-06-15,大家好，他是董佳宁
