,2020-04-02
0,我是小呆妈：民警也辛苦，确定不是形式主义？
1,共2条回复
2,我是来渡劫的呀：民警也好辛苦啊不能换一种机遇吗
3,共2条回复
4,九制陈皮11：真的有些过了，医护人员是辛苦，是了不起。但也没有必要这样吧~。。。
5,manofdark：必要的形式不能省。
6,马豆公：需要雨中列队2小时那么久吗？
7,清风明悦光：这形式太过了吧，为何要一次次一遍遍重复相同的场景？县里的回到医院要欢迎几次呢？
8,第一只青蛙：民警不辛苦吗？形势主义不要太严重，礼遇可以有多种形式，干嘛非要这样
9,二陌姐姐如陌君：有病吧
10,煜也G：西方无耻政客，这辈子可能也不会有这种感觉
11,啊卜卜爱女红：民警也是英雄
12,朱一龙的妹妹朱一凰：表达敬意呀，医护人员的辛苦有多难，备受身心疲惫，不管是让医护人员感到别人的敬重和谢意，还是民警代表广大群众表达感谢，都是很有意义的
13,gly英：有点过了，民警淋雨生病了那就得不偿失了。大家都辛苦记在心里就好，时刻保持感恩的心比这些形式重要。
14,清风明悦光：形式主义的极端，浪费资源浪费人力，为何要一次次一遍遍重复相同的场景！形式要有，一次即可！
15,思念的一半是光一半是影：我觉得不是形式主义，这是一种精神，自由散漫的思想无法体会
16,火羊牌南瓜派：淋感冒了咋办啊？
17,静静的薄荷糖：现在先多发点奖金，疫苗出来后再给多放点假
18,静静的薄荷糖：记得有个护士说：在回程车上累得睡着了，并没有注意到国家级迎接。
19,马小凡2007：淋病了怎么办？
20,我是卖火柴的hunter：太过了，作秀成分更大
21,昌盛皮具阿乐：胡搞
22,天崖归鸿98044：都是英雄
23,小五125：不如把这些仪式上花的钱，转成现金发给这些医护人员，或许他们更喜欢
24,zovsu：不知道说啥
25,虎虎空荡荡：虽然不喜欢形式主义，但这次的确有必要。另外、注意保暖，别感冒。
26,夜涩：换一种方式
27,流浪的群众：多发点工资奖金是最好的
28,共2条回复
29,喆一Zoe：我大吉林的逆行者还有一部分坚守在重症岗位
30,四川许辉007：66666666
31,小小课堂：别让她从期待到失望，毕竟她爱你连未来都想好了，你怎么舍得辜负她。
32,倒放：比如🇺🇸
33,吾爱怡琳：阿三才可怕
34,transmogrifier：🇺🇸还是有底子在的，最怕的还是那些医疗条件差的穷困国家
35,共24条回复
36,式微胡不归mm：钟老辛苦了，操不完的心，劳苦功高…
37,刘安娜小提琴的大备胎：特朗普：我确信🇺🇸是第一强国
38,蔼睦延续期：指的是即将死亡人数吗
39,共3条回复
40,·循跡星·：美国 说的就是你
41,种地人农夫：主要是印尼和印度，都在我们周边。
42,大阿酷：同一个地球，控制不了还是得我们去救
43,未来可琪c：说的就是那个脸皮厚的自由美利坚
44,哼唱忈生：钟老辛苦了，您不好意思说我来替您说：美国！
45,式微胡不归mm：小朗普撅起小嘴巴：一些国家是哪些国家
46,死了都要淘：美国两个字感觉已经在嘴边了
47,乾隆bo：特没谱:感觉自己受到了侵害
48,一枚有态度de青年：主要是他们就想着救市，不想着救人。
49,請給我壹首歌的時間：特朗普该长点心了，说的就是你
50,Remini淡定：奈何人家不自知
51,贝库天香：印度的贫民窟确诊病例，这是个灾难。
52,黑暗中要记得抬头看星星：的确如此，还有一个可怕的是农夫与蛇的故事会发生的机率也很大。
53,2-easy：@ 美国
54,SunShengNanShiWo：不用担心美帝，要担心的是印度，人口多且密集，医疗差且难检测，下一个隐形的大爆点。
55,张登峰48451：特靠谱总统:我们已经做得很好了……没有人比我更懂病毒……我不应该竞选总统，应该当医生……
56,甜纷：美国:你在质疑我美利坚合众国得能力吗
57,Ipartment5IsComing：比如老美
58,东方不败jia：种什么因得什么果
59,百变小熊猫cium：这已经很显而易见了
60,_相顾无言yz：人类命运共同体，真的都要注意防范
61,平和島与静雄：就是美国……
62,亦不知所云：意大利一万医护人员感染……他们怎么防？拿什么防？
63,幸运的双子YXY：美国就是最可恶的，所以说这个星球所有的不安宁和战争都跟美国人有关，美国是地球的祸害之源！美国这时了还在想着把国内抗疫和执政的不利转移视线，还不忘继续打压中国，伊朗和委内瑞拉等国，美国人的命就是命，其他国家人的命就不是命？本来疫情是大家合作才能完全解决，但美国的做法就是自作孽！
64,超凢曾-fc：担心印度三哥
65,打倒zzp社会主义万岁：说的就是美国，印度。
66,巧乐滋配qq糖：阿三，美利坚，嘤国，
67,顶针儿婆婆：印度挺可怕
68,ZGHMYL：美国/印度这俩重点关注
69,NIK-黑色月亮：钟老，好好休息，尽力就行了，该来的总会来的。
70,烟花三月91377：钟老一针见血，总能说到点子上。
71,凝水成冰123：他们不是会全体免疫吗？
72,康康我迷了路：感觉那些落后国家更难过
73,深处梦忆深越：比喻某国啊🤔 🤔
74,余钦color：阿三
75,M-Jie-Zhou：更应该担心印度
76,teamo阿汪阿喵：中国好不容易迎来光明 无奈世界进入黑暗
77,禾是小心单gan：我们在替别人的人民担心，那是因为我们有良知，可别人呢？都这个时候了不去挽救更多人的生命，却在干嘛呢？无耻无德地抹黑我们，无耻无德不承认自己的无能
78,浮华盛世200309：现在不是担心，是肯定！不是所有国家都和中国一样。因此世界注定要和新冠病毒同行很长时间。不知道疫苗能不能从根本上解决问题。
79,忘不了娴子：美国已经影响中国经济了
80,Scarlet6：疫情期间，钟老老了好多，辛苦了！
81,中天北极玉斗玄尊：美日
82,祖蓝的菊花：第三世界国家也挺危险的，其防疫情况会影响到国家一带一路的战略实施
83,TaoChen2020：非洲和印度才是王炸  欧美倒不怕
84,困了累了想睡觉了：把美国逼疯了他会乱咬的，世界乱了咱也不能独善其身，担心担心担心！
85,笑痴客：不要瞎猜猜，钟老可没说特朗普，没点名米国。
86,ReginaSun：比较担心印度，美国英国就不要操心了，发达国家地区疫情迟早会结束，只是时间问题。
87,郁吴所有：非洲那边……
88,presten：我们应该优先帮助周边的国家
89,用户大自然的美好：印度很让人担心！
90,闲坐听春禽：钟老先休息好，国宝国士的份量太重，请一定保重身体。
91,顺水风帆2015：哪些国家钟老不说，你们自己心里有数。
92,澄粑粑5699：一些国家（特指美国）
93,晴天的隅田川phDing：@美国驻华大使馆 这句话说的是你 进来虚心聆听一下教诲
94,东风再起祥运来：阿三和老美。一个是的确没法防，一个是的确满世界放
95,花儿与蜂儿：我担心美国控制住了疫情，给世界带来灾难…
96,神谴lc：某些国家要注意注意了
97,mz清风徐来：疫情的决定性战役，不在于哪个国家做得最好，防控得最到位！ 而在于做得最差的那个国家，对世界的影响会有多大！
98,商智彦武：地球村要团结起来抗击疫情，而不是相互甩锅，相互指责！
99,i莫名其妙的咸鱼啊喂：比如🇧🇷
100,麓山游子：全球化下没有人能置身事外
101,史海浮沙：说谁呢，别瞎说，我还行，扶我起来
102,西门鸿逝：当前世界疫情最可怕的恐怕不是北美或欧洲，而是非洲和中东。我们还能看到北美和欧洲的惨状，我们的报表上数据最靠前的清一色是发达国家，这挺可悲，也挺可怕。那些查不出来的病毒携带者才是我们最大的威胁，小心非洲，小心中东，小心拉美！！别以为他们没事，情况不严重，他们只是没钱检测而已！
103,Lounalouna：比如印度，南美。
104,不醒人士就是我：Such as the USA
105,叁柒肆玖：某国
106,种花家的Young117：嗯嗯，
107,淡几A啊：美国，英国和日本
108,超级无敌爽：钟老您就直说了吧。🇺🇸你到底行不行
109,---封印--：我也很担心，覆巢之下安有完卵，地球就那么大
110,Ww小阿姨：确实该担心，也希望一些幸灾乐祸的清醒下，但凡一个国家崩溃，对于整个世界都是灾难，我们都不是旁观者
111,张冶军：印度扩展对全球是个灾难！
112,道理不深言语多：印度！
113,在下庄斯文：关闭边境拒绝居住在其他国家人进来就好了，其他管不了就不管。
114,二月兰的故里：你老就直说美国呗
115,衿粤坤：不用担心，用中医药。
116,栾云平今天来重庆了吗：丧钟为谁而鸣
117,花火兄弟：世界是个命运共同体，没有人是一个孤岛
118,一生平安168168：听到没有不要脸美国🇺🇸
119,11御用铲屎官：@ 美利坚合众国
120,缘小陆：美国肺炎害人害己
121,风痕-甲乙丙丁：特朗普：我要吃汉堡🍔
122,媛媛g7999：说的就是无赖国，无赖总统
123,愚蠢无知且另类：全文没有提美国一个字 但是把美国说的是明明白白
124,花火兄弟：命运共同体
125,凶狗汪小柔：是谁呢
126,来人间渡劫喔：人类命运共同体
127,雨歇微凉ing：美国，日本，印度，韩国，对说得就是你们
128,可攻可受深居简出：美国印度真的可怕
129,Hanyu_Manman：英国🇬🇧
130,吴非不就是个名字嘛：世界四大培养基：米国 阿三 大嘤  泥轰
131,c多福c：靠疫苗不现实，rna序列极易变异～
132,Iyosan：觉得是日本 隐藏病例不知道有多少
133,画画孙麟：说的是哪些国家。。对说的就是它们。。
134,南派醒狮：说的是难民潮吗？我们要守好边境啊。。
135,马儿倌：
136,倒回谷：部分国家要根除这个病只能依靠指望疫苗问世了
137,张小民66：美国 印度 巴西 非洲 ......
138,雨霖铃江南：最怕抗体还没完全消失，但浓度很低的时候，突然第二波杀回来，，这时候抗体其实是内奸，瞬间摧毁人体免疫系统
139,蔼睦延续期：别的国家什么样我不知道也管不着，我只知道，我活下来了。谢谢您钟院士
140,行走此间_梵：重点在最后一句话，没有一个国家能置身事外
141,Leslie0306：钟院士操完国内的心还得操国际的心，操不完的心呐
142,Leslie0306：怎么还不上热搜？
143,鲁不猴：印度咋么办
144,Soraaazyy：辛苦钟老可能部分国家是真的没法救
145,几杯明月：钟老每次的判断好准'这不说的就是美国嘛
146,建筑on说话：还有印度。美国和印度是最危险的两只
147,喵激凌：担忧不无道理，全球疫情局势这样持续恶化。未来面对的不只是医疗危机，后面还有经济危机，人道危机和政治困局。一张骨牌倒下，更多骨牌岌岌可危🙏#新冠疫情触发东西方二次冷战#
148,ooooo風ooooo：控制不了疫情的国家会不会灭国？病毒会不会发生变异？
149,巴萨球迷资讯：比如美国
150,小白-Top：美国:你在质疑我美利坚合众国得能力吗
151,乾隆bo：特没谱:感觉自己受到了侵害
152,宅就是为社会做贡献：每个数据背后都是一个人一个家庭悲伤故事，但他们这样不停甩锅抹黑中国，把我们应有的同情心打消了
153,一叶草A：美国这次真的让人大跌眼镜，自私、心胸狭窄、甩锅、不作为全世界第一
154,夏目馆长：美国的上升空间还很巨大。。。
155,晚上不睡觉的猫M：钟老 刚救完中国 又去救世界 功德无量
156,左右左噼里啪啦：印度也是相当危险哦
157,从Fox：是真的…我现在很害怕会反扑，更可怕的是现在大家好像都觉得中国疫情过去了，现在的防护措施没有之前那么好了
158,等着_姑娘：全世界，只要有一个国家没有控制，任其发展，后果，没有哪一个国家可以跑得掉，太恐怖了。
159,·循跡星·：钟老真的
160,青麟未：比如印度和非洲的国家，他们一旦开始大面积爆发意味着直接沦陷，这很可怕
161,执月心：米国，一条道跑到黑
162,Rime白霜：印度要是爆发了。。。不堪设想
163,伊贤：美国别装聋了，说的就是你，你自称世界警察，请保护好自己再谈保护别人吧
164,NSNS2009：钟老的话让人感到心沉沉的。
165,丿维和丨战神：我觉得危险的国家还有印度，阿三的迷惑行为
166,乾隆bo：比如米国
167,txf221：我能感受到钟老担心的危机，美帝自己不好过，它绝对要拉不少人下水的！丧心病狂！
168,我的欧美男友：没有中国的帮助，都控制不住
169,S博你好：钟老答应我，咱不出国好吗👌今天听说要派你出国抗疫点消息，我家老人都生气了😡 请您保重身体🙏
170,木子MUZI09101112：病毒一天不消灭，人类就不会有安全，任何一个国家都是潜在的传播者。
171,听说李宇春暗恋我：我已经做好全年戴口罩的心理准备了
172,阿诗喵：真的，我现在超害怕的（｀Δ´）！
173,想撸顾一野的寸毛：命运共同体，只要其他国家还有，我们就存在风险，还是要做好防护，祈祷疫情快快消失。
174,宋幸韵：没有哪个国家能置身事外！好担心我们再经历第二次！
175,氪蓝鲸：不是所有国家都有钟南山
176,林居者：任由这样发展下去，最终受害的是人类，其他国家也无法独善其身…
177,梦幻-海之蓝：最怕病毒会变异，最后人类无法控制，最后人死的多了，瘟疫和各种变异病毒都一起来。最后可能是人类和动植物大量死亡。
178,种草奶妈：虽然不喜欢米国，但是还是希望疫情早点结束，人类的命运共同体
179,兔耳萝卜汤：所以你以为川建国傻吗？扮猪吃老虎而已！他就是用美国的防疫失败拖住中国！讲故事，拉仇恨，反正全屏他一张嘴，这锅你中国是一定会背的，中国你不来帮忙它就爆发，最后反向输入，到时候你就崩溃！如果你来帮了，中国人恨死你，美国人也恨死你，最后TG完蛋我还有选票！真是一箭无数只雕
180,小五125：不得不说，如果没有以前非典的经验，我们的医护人员感染可能也会过万。
181,一个颜究所：此处艾特 美国
182,城南月涌：不是担心，是肯定有国家解决不了，疫苗不出来，世界秩序根本恢复不了-----木桶效应
183,Rita是小然然：钟爷爷心系天下，中国作为大国也密切关注各国情况，身为中国人我好骄傲
184,Codedlockreus：美国:你在暗示谁呢 我怎么感觉凉嗖嗖的
185,BetterNights：完全不用担心美国，相信疫情会战胜他们的
186,亦清歌：印度啊，这个国家如果传染起来那就会特别恐怖
187,KiKiCat宅急便：印度吧
188,要是一直来大姨妈就好了：你们都错了   我认为是印度
189,云飞丰起：美国医疗发达其实还好，最怕的是印度炸了。。。
190,娜娜娜娜是个好姑娘：讲真   如果全世界都控制不住   中国也无法独善其身吧    还是希望欧洲等国家长点心吧    多重视   多投入更多的心思在疫情上   早点控制住这样才能让更多的人活下去🙏
191,hh小黄小黄不要慌张：重点是最后一句，没有哪个国家能够置身事外…别再把重点放在对美国嘴炮了…
192,落絮_Emily：印度，孟加拉，还有尼泊尔，这些离我们近的国家真地很可怕，他们的医疗设施真地很落后～
193,半糖芝士233333：医疗资源匮乏，国家的不重视和无能为力，疫情得不到很好的控制，病毒再出现变异，病毒的大规模扩散哪个国家都不能置身事外，这是人类面临的一个巨大挑战，希望每个人每个国家都能重视起来，希望早日战胜疫情
194,北亭茶凉：我觉得我们应该注意印度。印度政府刚发布声明，按照数据模型，如果印度不加强管控，到7月底印度将会有2亿人感染。印度的医疗系统本就薄弱，还和我们接壤，不能不防啊
195,Mr_羊_：这就涉及到国家间的博弈了，如果那些国家没能控制住，对于中国来说除非与那些国家完全断绝交往联系，不然外防输入的成本很大的，如果没能控制好，甚至会造成疫情二次传播
196,孤峰弯月：钟老
197,纵使天涯不觉远：一损俱损！
198,此摇非彼摇：真的很担心一些落后的地方，印尼，贫民窟，原始部落，愿上帝保佑你们，你们的主保佑你们，愿天佑中华
199,喵岁岁啊：各国醒悟吧，不要想着搞什么生化武器，全球化的今天任何国家不能幸免
200,系辞雨：最让人担心的是印度……
201,CXJ77777777：就怕印度是后起之秀……
202,夏天的大城堡：其实我们不用担心美国，毕竟发达国家，真正要担心的是印度，丹麦，挪威等没有充足医疗设备和应急能力的国家
203,摇头晃脑乐哈哈：中国仅用2个月控制住了疫情 美国仅用1个月被疫情完全控制
204,我是颜十三：特朗普：你在说什么，我听不懂
205,·循跡星·：美国 说的就是你
206,香菜六六：我现在也很担心，他们自己死了不要紧，怕就怕连累其他国家。例如我们国家。这尼玛，一旦爆发开了……真的是难搞…好怕电影里的情节出现。
207,卜卜时来运转：1月就在替印度担心了
208,烤鱼加海带：未来已定会有一部传记电影，它叫《钟南山》！
209,MissClemence：不是指美国和欧洲的某些国家，虽然他们的无脑操作让人看不太明白，但是毕竟底子厚，只要方法对，还是足以应付的…更让人担心的还是印度以及非洲的一些国家，有点黔驴技穷的感觉还是希望全人类能够一起努力跨过这道坎儿，不要再让天堂收容这么多亡灵了
210,感知的帷幕：我现在担心的是印度🇮🇳
211,心有明月自安然：我最担心印度，巨大密集贫穷的贫民窟，贫民窟还从事着和整个城市甚至国家息息相关的工作，一个医疗贫瘠人口巨大的国家 会指数爆炸的，然后东南亚中东不可避免受波及，这些地方哪有欧美的医疗条件的啊
212,我要知识不要芝士：某普:这一定是假新闻
213,明月煮大江：下一个爆点：印度
214,小_呂_纸：亚非拉的很多国家 一旦爆发 很难像中国这样能扛得住，没有援助 分分钟灭国，太惨了，还是表爆发了，现在不想再看到半路又杀出匹黑马…
215,ryky96：说真的，应该是非洲大陆和南亚次大陆国家最难控制。很可能出现灾难性后果。
216,喜欢崔荣宰_：就怕有些国家不想控制
217,鸟巢叔叔：他在说印度
218,爱画画的陈星卓：其实目前应该担心印度！！人口众多稠密，公共卫生医疗设备设施不完善！新加坡马来西亚所有新增病历都是从印度来的！预测未来几个月可能会爆发
219,溯源之光：我觉得是印度
220,Echo-吖：钟爷爷您太善良了
221,雪夜十年：印度未来才是最可怕的吧
222,猪七戒Vi：比如印度
223,冷笑话_Memes：🤲👐👌🤘☝看图猜人
224,一滴淡水的能量：我担心东南亚国家，他们的人口密度和医疗条件。。。
225,专业插瓶人：我觉得那些非洲小国或者像印度的贫民窟这些暴露出来的问题才是可能会控制不住的地方，毕竟医疗技术以及物资都不足
226,一只好靓嘅靓金毛：太令人敬佩了，忧国忧民忧世界，真的医者仁心慈悲为怀啊这个格局真的祝钟老身体健康，寿比南山
227,恐龙娜：其实在中国也害怕。源源不断的输入病例。国外还有一百多万人没有回国啊。
228,冰冰冰淇淋淋：钟老说到点上了 世界是一个共同体 没有哪个人和国家能置身事外  #钟南山担心一些国家控制不了疫情#
229,潇潇敬亭山：院士不要担心，他们有自由和民主，新冠会战胜他们的
230,极品爆笑哥：加油
231,今天又被老板谈话了：说你呢美国！
232,Dizzy_段熙婼：自由美利坚，上升每一天
233,二十三条大猫：哎 某些国咋就看不懂呢
234,S胖花生Q：主要是一些没有能力的国家，美国不管咋说人家还是自己有能力的，之所以现在这样还不是特朗普不想闹得人心惶惶，影响他投票支持率，美国但凡真的控制不住了，医疗还是能跟上的，主要是想不想，希望特朗普的脑子赶紧长回来
235,白马措吉：印度
236,啊麦桑：没有哪个国家能置身事外，这倒是真的
237,天才小潘哒：印度吧
238,云南曾颖：城门失火，殃及池鱼
239,小辣条鸭：人类命运共同体，疫情在某一个地区爆发，世界都没法独善其身
240,昨日风景-：可以打字幕，不要同翻好么
241,豆腐麻花3：如果世界危机   中国很难独善其身啊   
242,Monica姐姐的碎碎念：比起美国更担心非洲国家或者印度这些国家，他们贫穷人口密集，医疗设备落后，美国只要他真的愿意科学的配合问题不会很大。
243,宿管的狗：特没普：谢谢，有被内涵到
244,草莓酱疯子呀呀呀呀：美国：有被冒犯到
245,FEE56：为中国有钟老这样的人物感到骄傲
246,衡适体态康复：应该说的是印度，不会是美国，印度无论卫生医疗还是居家隔离都不具备，一旦爆发就是灭顶之灾
247,巫女_言灵：所以美国大爆发不要一直叫好了！只要其他国家还有病例我们中国也不安全！
248,李帅的现女友ing：特朗普:不好意思，有被冒犯到
249,艾李布里：特朗普:勿cue
250,戴红领巾大师x____：美国，印度，甚至日本都很危险
251,挽農love：哈哈哈哈哈说的不就是美国哈哈哈哈哈 美国：我们不口头援助其他国家了
252,布衣一介无人指教：未来太恐怖
253,艾李布里：暗示美国
254,晚睡早不起0913：我担心印度
255,Irises6120：🙏🙏🙏🙏🙏🙏
256,haven_Y影：爱无国界
257,B哥爱骑行：比如米国
258,黄小白fighting：非洲那些没条件的真的很槽糕，到时候舆论压力我们中国真的很大，有美国这个带头抹黑的！
259,大兔子必胜：请问王辉💊 今天火化了吗？没有的话我明天再来
260,青山有幸知我：大清亡了？
261,共21条回复
262,匆忙一念：卖锅王辉💊 啥时候火化啊？？？？
263,共10条回复
264,山东舰上的阿熊XA：中国人生病了，中国也生病了#天津60个国企混改项目股权拍卖# + #十部委 严控公立医院数量# + #中国将全面开放油气勘查开采市场#+#外资养老金管理公司#+#4月1日金融全面向美开放#，#改革土地管理制度##商务部修订鼓励外商投资产业目录#
265,共3条回复
266,抹茶星冰乐不要糖：加油
267,池子你个大池子：什么情况
268,共2条回复
269,乾隆bo：李院士
270,L江湖小昊：一个王爷，一个乾隆，大清已经亡了啊！醒醒
271,青山有幸知我：什么！大清亡了！
272,共7条回复
273,L江湖小昊：他听吗
274,共2条回复
275,xx战役我指挥：问一下王辉💊今天去世了吗？
276,·循跡星·：李兰娟院士您辛苦了！！！
277,青山有幸知我：今日一问：参事王还在吗？
278,初识_77：
279,你还没关注小火炬吗：#4月1日金融全面向美开放#没别的意思
280,河山围脖：大把西方国家还在执行居家隔离。。。
281,元辵：青岛租界。
282,共1条回复
283,南京小文玟：是的，病毒在身体里浓度开始快速增加，此时 ，可能呼吸或心脏出现问题。只是猜测。
284,寒鸦少女xing：李奶奶辛苦了，所有医护人员辛苦了，现在该说中国加油，世界加油
285,尤克力里：
286,悠哉游哉yx：转发微博
287,真实的沙漠的饿狼：
288,正气长存112：对外国人要慎重呀，都要隔离
289,WJDDL：我想问一下只要不是中国大陆的在大陆都有优待?所以你们到底是哪国的政府?
290,我拥抱着爱梦中醒来：是我吧，我的洋老婆去哪了，我有中国户口，可安全了
291,粤C消防栓：说了白皮也不信，出了问题又阴阳怪调批我们没说，真是🐶艹的白皮
292,ursweetieeee：都关注一下王辉💊啊 几小时就可以改国籍 厉害的很
293,ursweetieeee：成立移民局 推动条例 快来吃瓜
294,ursweetieeee：为什么十部委要严控公立医院的数量呢？是因为这次疫情公立医院的医生冲到一线冲的太猛？还是嫌他们抛弃家人夜以继日的救人？ 严控公立医院数量真是一个好措施啊！ 英明!
295,浩汤有商木潜水亦跃渊：谢谢你
296,浩汤有商木潜水亦跃渊：李兰娟院士，你好，谢谢你。
297,OuYang敏玲19870806：@中国新闻网 给李兰娟医生说声：感谢！！！您辛苦了...感恩🙏🙏🙏 ¡评论配图
298,袁佩弗：
299,秋水没过月亮：这届学生抄作业都抄不好
300,重书t场队实：
301,JH董帅：防疫靠大家，不分你我他！向疫情期间所有为武汉奋战的社会各界人士致敬！您们辛苦了！
302,未来可琪c：谢谢每个平凡勇敢且伟大的人
303,倒放：致敬在一线战斗的英雄们！
304,鹦鹉螺529：致敬每一位平凡而又伟大的您们——“逆行者”！
305,桃是念来过倒：致敬“逆行者”
306,杳杳七月：谢谢所有的逆行者 这次的疫情，让我看到了我们的国家是多么的强大，我们的人民是多么的伟大！！
307,霖露飒颖：加油
308,霖露飒颖：最值得尊敬的人
309,开心的为家奔波：加油
310,陵江次元：致敬，加油
311,遇见彩虹的zhang：
312,妩媚的天天开心-1995：只要人人都献出一点爱，世界将变成美好的人间
313,梦寒惊鹿：
314,葉_葉小柒今年所向披靡吧：致敬，谢谢你们！平凡而伟大
315,哈尔滨气象：群星献唱《武汉，因你不同》
316,兰兰201401：，
317,一直很安静fly：是，我们湖北人到哪里都不同了
318,咪了个喵的罐头：
319,有渡0226：❤️
320,就是喜欢你lucky：致敬
321,猫Topcat：群星就不要来了，我们的医生护士唱得更好听一些
322,lkycs珂珂很阔爱：哪有什么岁月静好，只是有人替你负重前行。感谢你们！我们永远爱你们！
323,lkycs珂珂很阔爱：致敬所有为我们付出的人！你们是这个时代的英雄！
324,城南以北T：最美逆行者
325,子熠家的崽崽：致敬逆行者！致敬在一线工作的所有英雄
326,卖女孩的臭豆腐：武汉，很美
327,油炸鸡肉花儿：致敬平凡的英雄
328,奔跑成长的孩子：质量不错的一首抗疫歌曲致敬所有抗疫的白衣天使
329,何静：向所有的白衣天使致敬，武汉因你们而不同愿祖国越来越强大
330,红的旗：天天把这几个行业拿出来说，口头赞美，倒是落实政策提高待遇啊！
331,马到前程：致敬
332,ABU梦想开始：可爱的手
333,HB_CL陈亮：
334,云中客梦：武汉，因你不同
335,陈基200501：？？！
336,暗黑系低调9：武汉加油
337,黄奕毅44205：广发发个地方
338,黄府aaaaa：和会计急急急急急
339,赭麒麟：图片评论 ¡评论配图
340,共2条回复
341,不言1025：这些不需要反思，应该反思是一贯霸权主义，赤裸裸地掠夺，是多行的不义。是一贯居高临下，自视高贵的无知
342,单身人生望单身：的确应该反思，每年花在军费开支，海外军力部署，高科技武器开发，这些钱本可用于基础建设医疗改革，人民福利以及解决就业。这些都没解决，咱们的马云就说过，中国花钱搞了几十年建设，而美国花钱搞了几十年战争，这是一个国家政策的失败。
343,共4条回复
344,走乘禾火：这是准备竞选总统了
345,慕暮-猫可可：以为你们高高再上惯了，太多美国人宁可拿社会救济金也不愿意去流水线工作，因为你们常年在世界各地制造战争粗暴干预他国内政以期培植成现代社会的殖民地，包括这次疫情也是因为你们的傲慢导致现在这种下场！
346,民工眼里的世界：就你们那个破体制不对，将来肯定还会有，下次可不是中国给你们作业让你们抄了！
347,小小课堂：别让她从期待到失望，毕竟她爱你连未来都想好了，你怎么舍得辜负她。
348,醒了醒醒：你反思有啥用，特不靠谱觉得自己很优秀
349,ErickkkM：Mom’s favourite son
350,中华奥利给：支持纽约国
351,追星族勿扰：因为你们的文明本身就是带着原罪的，一场瘟疫只是扒了你们的皮，让你们恢复到以前的样子罢了，几百年来，从未变过
352,甜味852：米国 没有朋友
353,蘑菇就是不蘑菇：说的很好，hope the new normal arrive soon
354,和尚一秋：说你反应迟钝，撒侨断航闭馆你第一。抗疫低能，甩锅第一。傲慢偏见漠视冷观你又第一，令人作呕你再次第一。海啸来临时，你却幻想海啸已退去。不作不死，作吧，继续。
355,坚强是成功之本：本事大别要，自己制的出来吗，不要觉得本事很大，你们面临死不远了
356,希望与悲沧：我宣布 我也是科莫sexual
357,美美虫1：就问你很简单的为什么不戴口罩，这莫点都做不到还想制住病毒哎
358,只是迷途了：千万别清醒。让中国在闷发十来秒就行！
359,寻找彩虹宝藏：比川普靠谱多了
360,乔乔2919：一盘散沙
361,帕纳米罗：不是谁都可以学中国
362,SssssssssssMine：建了 效率也是跟不上我们
363,小宝贝就叫金子多多吧：独立吧！
364,大饼熊的火锅：早日独立吧
365,willwilljarvis：德特里克堡早在半年前就让美国cdc关了，地方州政府的政客想找答案就去问五角大楼吧
366,青-青-翠-竹qqcz：总在捣乱世界，搞颜色革命，从不用镜子照自己，骄傲自大。
367,MOCO美子HED：这个州长有点逻辑
368,lhpone：医学研究不用准备，生化武器你们门清儿
369,米米的虫：Cuomo 太清醒了，反globalization的人都是民族主义者，不利于中国出口型大国
370,菩提子紫：现在赶快想办法控制疫情吧
371,major果果：轉發微博
372,一束阳光照射在树叶上：要发到外网上
373,共4条回复
374,sheriaty丶：终于有官媒干点正事了
375,狼也玩微博：对自己人说有啥用宣传要创新了！
376,共3条回复
377,青春不过如此最想去旅行：我们不需要道歉，我们只想赶紧证实这是美国病毒，然后去骂S美国和那些狗腿子国家。
378,共1条回复
379,JUSDECOCO26：要发在特朗普的推特下面
380,刘乔伊1987：不要内部发声请去外部
381,毯子-SerieA：我们不应双标，但我们应该对不少国家失去信任。
382,果仁巍巍：害人终害己
383,圣SID：给国人看并没卵用，重点是给国外的白痴们看
384,共2条回复
385,烟舞轻尘：发外网，需要正确的发声
386,青春不过如此最想去旅行：多行不义必自毙，不知道美国人怎么理解这句话
387,刘林轩轩轩轩轩：看了下YouTube观看量才只有780评论数28
388,共1条回复
389,Charlesliew：就让他们说吧，如果这代表自由，就让这个病毒带他们去他们喜欢的天堂
390,王小乐的鱼缸：虽然觉得能做得再更好一些，但能出这个视频感觉就是一个进步👏
391,阔口不一定阔乐：是时候硬起来了，多点宣传报道，不能一味的让国外抹黑，而仅靠发言人的抗议来抵制
392,木枝·风雨：中国加油！武汉加油！
393,共3条回复
394,轱辘咕噜咕咚：为什么西方媒体会这样莫名其妙的侮辱中国还有中国国旗
395,燕语陌上春：只是因为中国第一个做出了报道和防控行动
396,-眉上画新月：希望广泛传到国外去，让国外的人很好的认识中国的精神
397,姜道夫：新闻工作者基本的职业素质之一:求真务实变质了！疫情源科学追溯源头，待事情明朗，一个个噎回去
398,陈妙妙的小萌萌：这个为啥没有热点？！
399,晓君小主：点赞👍点赞👍
400,我的美梦不成真：发到外网去，让全世界人看看中国为抗击疫情是付出了怎样的努力的。
401,加菲猫1：媒体终于干点正事了
402,CB教主：@付彧Mad4Yu 哇哦！
403,KT数码：病毒，展现了人类最好的一面和最坏的一面
404,梅兰竹菊之梅君：官媒终于干了一件实事
405,自娱自乐的螃蟹：光给我们看没有意义啊放到外网上
406,Anoiey：经常看到评论说我过媒体咋不把声音发给外面看。也不想想外面那些国家看到这种支持的声音就全部封了吗？只发表有利于自己的，就算我们再怎么发声也只有少部分能看到罢了。现在要做的就是我们自己还要变得更强大再强大
407,Anoiey：污名化已经达到那些媒体的目的了，全是反华的了。我现在是极为担心疫情结束以后其他各国联合搞我们的事情频发。
408,yulienxin：西方的媒体话语权一直都很强 掌握在他们手里只会让外国人觉得中国还是一个连地铁都没通的国家  所以 中国的媒体人 请发奋 少报道点明星的家长里短 多发出中国🇨🇳各方面努力的成果 让世界知道中国的友善 中国的发展和中国的进步
409,卧云浮舟i：最近这几年都很明显，国家越来越强大，强如老美也开始各种耍流氓，因为不耍流氓，他害怕
410,书法临写速成专家：冷战时代早已过去，但不幸的是，冷战的思想，却早已刻画在欧美某些人的脑细胞中，无法抹去。
411,Abustlebee：做的有点糙，但总比没有好
412,-没关系是娇妹啊-：西方谣媒，愿病毒战胜你们……
413,龙哥的小懒猪：支持
414,sunny藤原：@Farrah-LY
415,620的mars：其实评论里大都是在说，要发到外网去才有用，发在国内有啥用，但其实我觉得，这更像是一种警醒自己，警醒国人，但也并不是说就不需要发到外网，但在很大程度上还是：你永远也叫不醒一个装睡的的人。中国🇨🇳加油！
416,Sky-博士：我就只想说一句，资本主义国家就这？？？？？？？？？？
417,Sky-博士：丹麦主持人，你是个什么东西？我们不需要向任何人道歉。
418,忘记一次被盗一次：要让别国的多看看这个。
419,糯米控别馋我：这次疫情政府的信息透明度是看的到的
420,飞天美少女：今晚看
421,千年阿虎：总是窝里横，有用吗？自欺欺人
422,LiuLiuAlice：中国，威武
423,Norman090405：转发微博
424,wang荷漪：早点反击外媒啊，气死了都，抱美国大腿的不少啊
425,我亦漂流：中国媒体终于反击了，早该这样了
426,刀亲水：发到外网上又有多少人看，我们跟根本没有话语阵地
427,自豪我的中华：拍的好，继续加油，做好外宣！
428,Charless7：民族有信仰 国家有力量
429,窝窝乡独行族妖侠：你特么倒是出外面打啊，在家里面说再多也没有一点用处
430,_木_可：中国老想用官方的声音抨击别人的无赖话，别人根本就不会听你的长篇大论，就应该在外网的媒体也用低智的话语怼他们才行
431,烽phone：傲慢与偏见
432,Leon_Chiu：每次看到李文亮的报道都让人恼火，完完全全就是 一个被西方炒作 国内跟风点燃 对抗政府舆论的引子。之前对丁香医生很是敬佩，经历过此事方觉 不加思考 阴阳怪气，也不过如此。
433,jk凯0808：给个英文字母啊。
434,FinelyCup阿拉婶：这样的国家不救他们就好了，硬核一点。看看俄罗斯兄弟
435,扯蛋小妞儿：赶紧发出去！！
436,敢问何方道友在此夺名：快点儿，发给外国人看👿
437,风吟L：发外网，让全世界人民看看！
438,脑洞侠X：好
439,努力做自己的猪小帆：@每天都不睡的joe 要记得发到外网上哦
440,共1条回复
441,芬芳之迷：新冠是个照妖镜
442,她栖半草：舆论站搞起来～
443,Ccoolstars：干的漂亮，必须拿出点东西了
444,妖皇本皇：希望可以发到外网上
445,老刀99：还不是我们对外宣传太弱……才被这些外媒天天抹黑
446,人间绿水ss：👍🏻
447,从0开始重新出发：病毒不是来源于美国么
448,老酸菜坛：请求你们对外宣传出去！谢谢你们！
449,燕燕42751：要让更多的西方人看到此报道
450,鲁国威2013：为什么外宣弱势？有人说是“非不能也，实不为也”，不知真假
451,万物归自然18704007000：坏人，坏人
452,红十字会腐败根深蒂固：期盼收复香港 台湾，给死去的中国人民一个交代。
453,平常心6325243100：官媒终于跟上了
454,妮妮6150297896：这个视频做的有史以来的不错
455,ZAnnCEdward：几点了
456,想静静喝可乐：#支持港警依法制暴##守护香港##抗疫行动##警惕颜色革命##美国诈捐##公知# “不必时时怀念我，也不必指望我回来，我离开以后，你们就是我，人民万岁” @思想火炬  让造谣公知和恨国蛆 #方方##许可馨# 火遍全网! @方方 公知领着一群🐶 ，手拿大帽子，正在四处游荡！大家小心躲避！
457,cabbagebrain：绝对的双重标准
458,闸总路易基：中国的自媒体大部分因为某些原因走不出国门，官媒又主要负责对内，对外的机构又太过孱弱
459,茕婴婴：中段的火力值弱了一点。。应该再多添一点火力值
460,用户愿善良永存：#全球疫情# 浪费了中国人民拼了命挣取来的时间！历史会记录这些的！
461,Fancy912：要做成中英双语的
462,迷你小浣熊201112：其实，只有国家足够强大了，外宣才真正有力量，也会有更多的国家站在你这边说话！
463,空净常寂光：我们可以将这些抹黑敌对中国的国家列入黑名单，不与它们往来，或是买给它们紧缺的东西很贵！讲那些不怀好意的政客也全部拉入黑名单禁止入境中国，及一切往来活动！
464,鲁川76：当地人直夸？不要把意大利人想的这样心胸开阔，自己偷偷的平平安安就行了。
465,共10条回复
466,Amy宝宝的成长：中国人是防患于未然！而不是事情发生了严重了再去想办法！
467,西开西开西开：最好的科普
468,共2条回复
469,AllenJ处于饥饿中：华人真的很灵敏
470,独特的蚂蚁_2009a：跑回国的多数是在路上感染的
471,San_QJC：中国人聪不聪明不说，你们当地人是真的蠢
472,共2条回复
473,高校的那些事：中国人为自己负责，也为他人负责。
474,疤魅儿：真正做到 无论在哪里 都“听妈妈的话”
475,一只偷猫的鱼：华人在意大利是不是有个“隐形的政府”
476,共5条回复
477,整形医生张干林：我来点个赞，支持博主
478,兔叔先生：还有没有人记得杜嘉班纳…
479,共2条回复
480,qianyindingchang：中国人怕死非中国人宁为自由故，生命皆可抛
481,共2条回复
482,月波雅轩：韩国的华人社区也做的非常棒
483,卡修cc：中国老百姓随便找出来一个放到欧美防疫 ，比他们所谓的专家都靠谱。
484,激水投石不起浪：咸吃萝卜淡操心，把自己管好
485,热情称心：人心齐泰山移
486,吉祥智慧：点赞
487,AnnieorShiny：英美对比组
488,Being柳棟：转发微博
489,WHYS20070124：不是聪明  他们自己也知道在外边比国内差太多   不自救  没人救得了他们
490,zhaowenli555：不是太聪明，是有病了不但没人管，还可能更加歧视受欺负~l
491,共1条回复
492,1987-苏寒：一月底，不是因为过年么
493,风吹屁屁闯天涯：华人占比太高了
494,睡不醒的david：这是夸我呢？我们哪来抗病毒的经验？本来对于我们很正常的事，他这么一说，好像我们是另类。这是传染病啊，我们大多都自己知道隔离
495,银河传媒-传播价值新闻：点赞华人团结友爱
496,喝茶茶吃饼饼：早先回来的那批餐厅老板和货机不是全都感染了吗？他们是哪个区的？
497,温斗罗A：出牛顿地方的人就是笨。哈哈，最多聪明人的地方领个诺贝尔奖都很难。
498,JyHs鲸鱼ting：
499,兰之友：少点自由，多些安全！先知了
500,图好图时尚超市：
501,伊贤：大人物场合
502,共6条回复
503,塑料制品Ww：钟老辛苦了！
504,共1条回复
505,水灵灵LY专家：钟老爷爷直播与世界卫生组织分享经验……全世界快来围观抄作业啦！
506,共4条回复
507,甜心雪1127：钟爷爷的外语
508,风肖肖肖兮：李兰娟院士和钟南山院士简直是人民的福音
509,共5条回复
510,北京薇妮婚礼语嫣：由衷的感谢，70多岁一直在武汉抗疫到底，这是何等的担当！向李院士致敬！
511,北京薇妮婚礼语嫣：李院士依然有江南才女的风釆，
512,共5条回复
513,北京薇妮婚礼语嫣：钟老太伟大太神奇了，这英文比同声传译还牛。国宝级人物啊。我们中国人的骄傲。
514,大美龙江V冰城：辛苦了
515,章鱼早早起：钟老用的是英文
516,北京薇妮婚礼语嫣：钟老讲英文很快，秒杀
517,北京薇妮婚礼语嫣：钟老英文又开始了
518,hiflorenceeeey-：大佬们辛苦了 给你们比心心❤
519,小易心動理論：辛苦了
520,风肖肖肖兮：人民的希望会战胜新状冠炎的
521,嘿嘿呀呀呀87：钟老发言
522,章鱼早早起：钟爷爷
523,甜西柚要修炼：幸苦了
524,長樂·CHANGLE：闭嘴
525,玉湖流芳：这么卡！为何不使用5G连线？
526,hiflorenceeeey-：晚安晚安
527,章鱼早早起：啊啊啊啊啊啊啊
528,章鱼早早起：钟院士再讲吗
529,风肖肖肖兮：他们社会体系好，惜命
530,风肖肖肖兮：哈哈，眼神在看稿子
531,风肖肖肖兮：嗯，标准答案
532,北京薇妮婚礼语嫣：钟老又接电话去了，哈哈
533,风肖肖肖兮：不懂经济，但是知道这次疫情，形象很大
534,長樂·CHANGLE：请去隔壁经济频道
535,北京薇妮婚礼语嫣：国内无疫惰了，祖国国泰民安了
536,共1条回复
537,风肖肖肖兮：眼里有光
538,共1条回复
539,风肖肖肖兮：谢谢各位
540,hiflorenceeeey-：都是英雄
541,风肖肖肖兮：防范疫情从我做起
542,hiflorenceeeey-：感恩感恩感恩
543,hiflorenceeeey-：谢谢大家
544,hiflorenceeeey-：好的!
545,hiflorenceeeey-：我们能看吗
546,风肖肖肖兮：只是立场不同
547,风肖肖肖兮：外国人也有好的
548,hiflorenceeeey-：太厉害了
549,风肖肖肖兮：不要有外国歧视，现在是同呼吸共命运
550,风肖肖肖兮：感谢
551,风肖肖肖兮：五星红旗🇨🇳
552,风肖肖肖兮：排面很好
553,风肖肖肖兮：红旗，国旗，标配
554,风肖肖肖兮：是药三分毒，不要胡乱服用
555,风肖肖肖兮：辛苦了各位
556,风肖肖肖兮：合作互利共赢
557,hiflorenceeeey-：鼓掌鼓掌👏
558,风肖肖肖兮：加油
559,风肖肖肖兮：对，疫苗，好消息
560,嘿嘿呀呀呀87：想知道青蒿素有用吗
561,风肖肖肖兮：都能知道
562,风肖肖肖兮：有很多外国朋友也在看
563,风肖肖肖兮：因为考虑到国际
564,风肖肖肖兮：沟通第一
565,风肖肖肖兮：手不能摸嘴鼻眼睛
566,章鱼早早起：左上第一个是谁
567,风肖肖肖兮：不能揉眼睛
568,风肖肖肖兮：好的，谢谢您
569,风肖肖肖兮：非洲现在是住树上自我隔离
570,嘿嘿呀呀呀87：非洲要控制人员流动呀
571,hiflorenceeeey-：病患上报问题
572,风肖肖肖兮：谢谢您
573,hiflorenceeeey-：感谢微博
574,hiflorenceeeey-：太棒了
575,风肖肖肖兮：预防，防患于未然
576,章鱼早早起：全屏！！！！！？？？？？？
577,风肖肖肖兮：划重点
578,hiflorenceeeey-：对对对
579,北京薇妮婚礼语嫣：李院士刚刚间浙中
580,嘿嘿呀呀呀87：想看钟院士和李院士的大头，哈哈
581,章鱼早早起：大屏好不好
582,章鱼早早起：这大佬坐姿太帅了 8
583,hiflorenceeeey-：如何确保接触过传染源的人员自行隔离
584,北京薇妮婚礼语嫣：没听清莲
585,北京薇妮婚礼语嫣：这是什么基金会负责人
586,章鱼早早起：同传小哥哥太可爱了8
587,章鱼早早起：钟爷爷还有发言吗
588,北京薇妮婚礼语嫣：大部分网友就冲着看钟老、李院士来的
589,章鱼早早起：对
590,北京薇妮婚礼语嫣：全屏了
591,风肖肖肖兮：也不是都是吹的
592,风肖肖肖兮：做法是很前卫的
593,北京薇妮婚礼语嫣：这位韩语同传很厉害
594,章鱼早早起：我想看李奶奶的笑脸
595,章鱼早早起：牛逼了牛逼了
596,创多多_小诸葛：原声放一点点吧
597,风肖肖肖兮：厉害
598,章鱼早早起：滴滴滴
599,章鱼早早起：要看钟院士
600,北京薇妮婚礼语嫣：马上全屏就能看见钟老、李院士
601,北京薇妮婚礼语嫣：这应该就是我们中国网友看的，大家就冲着钟老，李院士来的
602,hiflorenceeeey-：韩国这次挺厉害的啦
603,hiflorenceeeey-：韩国
604,北京薇妮婚礼语嫣：哈哈，全屏了
605,北京薇妮婚礼语嫣：美国人有钱都发钱。我们老百姓只能关心我们中国人民如何能更好的正常生活
606,hiflorenceeeey-：这说的是哪呀
607,北京薇妮婚礼语嫣：预估钟老李院士应该会回答问题
608,风肖肖肖兮：同情那些经济不是很发达不幸感染上疫情的患者
609,风肖肖肖兮：生命在疫情面前显得好微不足道
610,北京薇妮婚礼语嫣：哈哈，全屏一闪而过
611,风肖肖肖兮：翻译也辛苦了
612,北京薇妮婚礼语嫣：全屏就能看到
613,风肖肖肖兮：嗯，积极一点，不要太消极
614,北京薇妮婚礼语嫣：看来网友的留言博主能看到，不知道后面会不会提问
615,北京薇妮婚礼语嫣：李院士也出现了
616,北京薇妮婚礼语嫣：听着的
617,北京薇妮婚礼语嫣：钟老在视频前
618,风肖肖肖兮：听的很认真
619,风肖肖肖兮：钟院士
620,风肖肖肖兮：哈哈哈，特写
621,风肖肖肖兮：翻译，你也是厉害的
622,风肖肖肖兮：Cooperation
623,风肖肖肖兮：好叭，还是钟院士厉害
624,北京薇妮婚礼语嫣：钟老李院士在视频中，等下应该会有提问
625,风肖肖肖兮：哈哈，手稿
626,风肖肖肖兮：我也会变这么优秀吗？只要我足够努力
627,风肖肖肖兮：热水排毒
628,RZHIII：今天美国媒体报道的川总手上沾满了鲜血看来也没说错
629,共5条回复
630,毛发医生徐鲁：？？？如果是真的，为什么没人重视！怪谁？
631,共13条回复
632,·循跡星·：美国：只要我没有道德，你就绑架不了我。
633,共8条回复
634,漂亮国傻事：这是美国体制的问题。
635,马拉松-云：就是美国军方把病毒带入武汉的！中国人吃东西都是弄熟了再吃的。美国人吃个牛排还不全熟呢，而且生吃的也有！论变态，美国当之无愧是第一
636,共13条回复
637,知异行南：在当下疫情失控，身处险境之际，仍挖空心思搞欺凌打压。这样的国家遭再大的灾难，都不值得同情。
638,神经裤衩：特朗普让美国再次伟大。
639,epinephri：我们初期确实处理的不是那么好，但也不是你美国甩锅的接口。初期确实有输入美国的少数病例，但你发展到20万这个锅甩给我们是不是有点把全世界当傻子。当然了，全世界都想甩锅
640,共12条回复
641,式微胡不归mm：小朗普，脸疼不……美国历史上最危险的人，他坐在白宫里
642,昭華_YY：911前早收到情報，不理，於是有理由煽动全美人民轟中東敵对勢力；新冠早已发现，不理，於是有理由煽动全美人民黑中国。姐我早看穿这套路了
643,我的欧美男友：川普：我们有能力做到，我们就是不做
644,花儿与蜂儿：感觉武统台湾的时机越来越近了
645,共4条回复
646,寒江孤影WZY：你们的川胖子没时间管病毒，因为他都在忙着黑中国
647,SabrinaGO：我不听我不听王八念经
648,小说推荐：现在知道啦？
649,木灯霞飞：美国病例8位数起跳
650,夜凉如浸：川普，历史和人类的罪人！
651,A数字货币：马后炮
652,马克杯cup：哦，现在才想起来呀
653,盘家人：你们不要像个小可爱似的。
654,贝壳-俊家-程永定：特朗普:去，把野兽日报给我封了
655,堂堂相拥2020：人类史上的罪人美也真做得出啊
656,八戒爱美女哦：继续黑我们吧！反正在你们眼里的人民命不值钱得个!继续作吧
657,山茶爻爻：特朗普渎职
658,君浩Kerry：醉了
659,我就是个小透明：军方
660,邓布利多的冥想盆：不不 美国只听中国的警告
661,yanbang：特朗普一句话新冠肺炎就消失了。特朗普：没有人比我更了解新冠肺炎病毒了。
662,亚麻再唱LoveSong前不改名：美军很多感染
663,上官郡护：过早检测就暴露了
664,幼稚龙618：美国军方的警告？为啥这事是由军方来警告？军方比医学组织对这个病毒还了解？难道是因为军方早就知道这个病毒的详情？
665,共1条回复
666,刘军16494：特朗普：搞臭中国才是头等大事，哪有空看你那个破报告…
667,Am纯净水：特朗普：我的总统连任要比病毒工作重要！
668,筼筜谷雨：美国政府还在到处甩锅！
669,努努努努蔡：搅屎棍家人要是死了一个两个的不知道他会不会重视，不是咒他，而是这么大一个国家，病逝了那么多人，多少家庭遭受痛苦，我觉得这个搅屎棍还能心安理得的不处理，要是他自己家里人得病了或者死亡了不知道会不会引起重视。
670,云墨点清：利益大于人命，可惜美国民众还支持着可能会剥夺他们生命的恶魔
671,华夏第一人55：这是美国政府不作为，坑害了美国的老百姓。
672,Hey沽鱼：
673,pingshuixiangfeng天王：戴口罩，防止感染。
674,阑珊处鹤山斌：绝密文件咋会让我们知道，那美国你保密工作也太差了了吧
675,zrbg123：！
676,丘邱鹏鹏：为什么是军方预测！证明美国有鬼！
677,独自--走过青春的文字：
678,Paul回来了：这明明说的是美国流感
679,骏城俊哥：叫不醒装睡的人的，故意无视！
680,蔡依林全国散粉群组：加油美国
681,雨季rainln：为啥军方警告，有传染病不是疾控方面警告吗
682,小E的溜达：这不是渎职杀人吗？川普应该被审判！
683,候鸟的天空1314：金毛狮王自有分寸
684,艺趣风发：人民不给力也没啥用
685,ChaosEdge：预测8000万人感染？
686,醉卧红尘听沧海：没用的，现在的问题是我国军工应该加大马力了！
687,苍平古渡：不死8万到15万人，川普的任务完成不了，
688,-叶玮-：转发微博
689,路过的云AJ：他们自己管控不利，老想推卸责任。
690,浅蓝-520：为什么是军方出的预测？难道军方对它认识很深刻吗？
691,懒得像只羊：美国政府在利用新冠疫情抹黑中国，然后故意造成大量人员感染、死亡，以达到举国敌视中国的目的。(珍珠港、911...)
692,宝贝稼芪：看来我的政治没学好！感觉美国是个机构都可以出来说话
693,喜从天降003：特朗普以及政府部门无能，不重视。害了无辜的美国人。
694,小星星_56155：那不是早着呢
695,梦执鲲之翼mk：八..... 八千万感染？？？
696,天真好汉：美国军方，蹊跷。跟被关闭的研究机构有关系吗？
697,Oo糖-oO：看得出来他们实验室早就泄漏了
698,丨在当地较为英俊的人：事实证明，建国同志出色的完成了党交给他的任务
699,_玛丽的小羊羔_：其实我觉得他们的报告不一定准，我现在很怀疑他们的水平了
700,昔日老K：美军拥有很多先进的生物实验室，厉害。
701,张登峰48451：
702,生若夏日之花：我们必须得未雨绸缪，防止美国狗急跳墙，反咬一口！它们弄巧成拙害不了别人害了自己，自受到惩罚！
703,猫咪爱养花：美利坚是不是要放弃建国了
704,秦豫流岚：这，你们环球不是应该在全球宣扬吗？报道到国内有什么收益？求你们认真学学新闻学吧，别只学个皮毛，人家西方怎么说你们怎么做，多了解了解内核和本质，多点战斗力，少点高大上美的理想主义！
705,水落行心：媒体说了可以不听，专家说了得听！
706,阿文0079：野兽日报到底是什么报纸，感觉以前没听过的，中小媒体吧
707,红白黑tt：野兽日报是什么背景，上次也是这个爆料?专门用来对付川普的吗
708,北京客1996：因为他们每年流感很严重，就反而不重视了。
709,生若夏日之花：说明他们自己知道详情！尤其是军方！细思极恐！用我们的俗话说搬起石头砸了自己的脚！
710,家菲猫的包谷：美国白皮猪
711,共4条回复
712,小艾benu：开始洗了
713,清茶ABC121：8～15万的是美国军人，平民还要多！！！这个解释对吗？！
714,有价值的阅读：川桶:可能有20万人死。根据就是这个军方报告?
715,诚心要诚：美国人民选了一个优秀的总统，悲哀呀
716,照片记录生活：与他的预感相矛盾，也是没谁了
717,闲闲e色：这说明他们早有病例了
718,JackLee_lee：证明美军早于我们知道新冠产生何方而不告知！
719,要变强噢：建国同志，不能这么激进的搞垮，争取再干四年，到时候也不迟                                 中央密函
720,旗杆老周：美国也有诸葛亮，可惜是事后诸葛亮呀
721,广东保持飞行：现在开始疫情在世界各国家扩散很快。过多的病人会给医疗系统带来巨大的负担，没有床位、没有医疗设施、没有专业人士，这会造成恶性循环。如果一些国家控制不了疫情，会给全世界带来灾难，没有哪个国家能够置身事外。
722,汗子00：特朗普一直说是流感，这锅真是甩不掉了
723,风痕-甲乙丙丁：特朗普：我要回家找妈妈
724,力可森塞：民不聊生
725,mayanuo：所以美国哪来的脸甩锅
726,钩针有毒：那几个参加武汉军运会的美军咋样呢？
727,终点是起点的转折点：傲慢与偏见的代价……
728,夕阳angell：美国病毒美国肺炎
729,十七Libra：
730,浴盐de羊：加油吧毕竟都是地球村里同伴，人类命运共同体嘛
731,樊超月Clip：1
732,抖音山西：
733,清欢原创工作室：杀人无异
734,回忆小目录：不是中国的错！！！！
735,一路向北的黑姐：算了吧，就现在这个形式，都没采取正确的措施，一天天的还在发表无厘头的发言，所以二月初的时候，特不靠谱怎么可能理你们的预测，只当一个笑话看看而已
736,A_欣呼吸：
737,张晓春导演：
738,Acura汪：由此看出，美国的情报系统还是很强大的，我们一定要小心小心再小心，在网上发言也要注意。不要暴露国家机密，尤其不能让我们的高级特工川XX同志暴露。
739,可爱的肚脐眼er：特朗普:我是总统，我相信上帝会帮助我，所以我什么都不用做，我只要发推特，你们捧我当网红即可。
740,静语弦虎：如果疫情是武汉12月开始发现的，到年底春运传播了一个多月，14亿人口的传播基数，为什么国内除武汉以外，所有省份传染人数加起来才一万多，而且还是年底春运期间人口流动最大时候，美国却在两个多月传染二十多万，全球传染近百万，难道说武汉在国内流通比不上出国人口？武汉是病毒发源地，没法让人信服
741,xzww2012：深海，知道你想回到母亲的怀抱，但是你步子太大，容易扯着蛋---研究所。
742,薯条配茄酱：这个事情真不能怪川普，为了掩盖病毒源头，他已经尽量了
743,小女若曦6：神奇的是为什么2月3号军方就可以预测出来？可以思考一下
744,零碎記憶lzs：🌚
745,a屈兆明：，
746,Topgun幸福：造谣美国也洗不白你
747,渣浪今天做了个人了吗：看到李文亮医生的名字就哭了
748,共856条回复
749,信仰zzzzz：我们不要烈士要英雄
750,共281条回复
751,关关-renee：都是英雄！其实谁都不愿意当烈士。但这样总算对他们的家人有了交待。所谓盖棺定论了。
752,共143条回复
753,版式流利：还有那位支援武汉，婚礼还没来得及办的医生
754,一只愿意去各地旅游的猪：正名了！
755,共75条回复
756,吁嗟_那畔行：给老人看眼病，勉强算是跟为人民服务了沾点边，剩下的不顾个人安慰，逆行出征，敢于担当，无私奉献。。。。哪一条跟李医生有关了？？？？？？？？？？？？
757,渣浪今天做了个人了吗：致敬！！！
758,共14条回复
759,版式流利：首批烈士，首批，还有后续，都不看一眼新闻联播的吗？
760,共7条回复
761,原博观典：14名烈士，李文亮位列其中！耐人寻味得发人深省，让眼泪在眼眶转一会儿吧！ 文亮本是一位普通的医生，只是做了他该做的事儿，因为承受了耐人寻味的训诫，被媒体奉为吹哨人而引发争议。 如今这份英雄的荣誉最终得以官方认可，并受到英烈法保护，相信他的美誉从此再也没人敢侮辱和攻击，永载史册。
762,大卫李嘉图lxr：以前的烈士都是保家卫国上过战场的 现在的烈士更多的是一种精神象征 你这样比来比去没有什么意义 反而显得你很矫情 不知道什么让你看不惯了
763,412kg：在看新闻联播，听到李文亮医生的名字，真的流泪了
764,共26条回复
765,卡索米尔：都是英雄
766,小奶包薛之谦：当李文亮医生离开时，世界才开始爱你
767,共45条回复
768,又是一个你得不到的重名：李文亮[蠟燭][蠟燭][蠟燭][蠟燭][蠟燭]
769,好像要发财：英雄们！你们都是祖国的骄傲
770,DOC紫-要变成每天吃苹果的橙子：看到他的名字在里面心里难受了一下。那天抢救他的夜晚上千万网友希望奇迹出现吧。希望政府好好善待他家人
771,共8条回复
772,小兰子子子：安息吧
773,Haruko晴小子：人都走了，这些做给谁看，还是那句话欠他一个道歉
774,zz15_：我想说有个屁用命都没了  生后名有个卵用
775,共19条回复
776,优良台的晨曦：熬过夜的人还记得吗！
777,共12条回复
778,半醉半醒半过客：赢得生前身后名，可怜白发生 英雄，世界的欠你们一句对不起！！！  愿天堂没有疾病，英雄走好
779,想和数学谈个恋爱：为啥评论我看不懂啊……我只知道他说了实话  然后呢…看到有些人对他恶意蛮大的？？我真的不懂
780,共14条回复
781,垫增高垫身高一米八的岳同学：我转发李文亮被渣浪封号了
782,Wojiushiwo_：体制改革 才能尽可能避免更多李文亮医生的逝去！
783,名月当空照天涯：我能小声的说一句，最让我感动的是刘智明院长吗，他是大夫，爱人是护士，两个人都在医院工作，当时看到他的事迹，还有他爱人送别他的视频时，我真是热泪盈眶，感动，敬佩，心酸。。。感谢所有的一线工作人员！
784,木之本樱喵：厉害，看看热评都是些什么评论，那么多网友的解释全删了
785,共4条回复
786,朱锡新律师：还他一个公道，正义长存
787,德雷喜：微博上还有恰人血馒头的，拿着李文亮医生的照片，招摇撞骗假装自己复活，最让我不理解的是还有很多粉丝相信，希望有相关人员通过正规途径整治一下风气
788,性情小哥哒：同评李文亮医生的精神值得赞扬，不同意部分网友的偏解与固执，李文亮医生值得我们去尊敬，一线医生医生以及牺牲的英雄值得我们尊敬，而李文亮医生更值得！
789,强辞多礼：这就完了？追责责任人防疫机构改革，势在必行。追个烈士也只是慰籍活人而已，于逝者丝毫无用。
790,hhhhhhhhhhhhaaa：请问有用吗？我们要的是活生生的人啊！！！以后不要随便训诫医生了，好吗？医生应该是说真话的人啊！
791,共19条回复
792,王·优雅：调查完了?这样就完事了？
793,共1条回复
794,雪坨子吐槽专用：可以评烈士，但是不道歉，道歉等于认错。就是说，我做错了，我可以弥补你，但是要我认错不可能。
795,共1条回复
796,文艺范ttt：有什么用啊，人都走了
797,九九尾___：
798,金木水火你超哥：那么训诫李文亮烈士的警察不就是迫害人民英雄，暴力反革命？对于这种人难道不应该拉出来给人民群众唾弃几年？
799,SproutSeanfly甜心兔子：只希望不要再有烈士和英雄，只想他们平安归来
800,94荣棠：当初说公安局没做错的麻烦死出来
801,共5条回复
802,河豚又又：为什么要以这种方式认识你，现在看着这个名字，感觉你好像还在这个世界的样子
803,冰摇桃桃啊：不想要烈士，想要的仅仅是他们活着
804,梨花迎风舞：都是英雄烈士，希望给他们家人平静，不要死后还要被yxh还有反动势力利用来做文章，他们也不想的
805,与人为善love：向你们致敬！
806,长成一棵树zmm：若批评不自由，则表扬无意义。一个健康的社会不应该只允许一种声音
807,大嘟嘟的鱼塘：英雄后代政府可以负责一辈子吗？
808,清汤挂面温白粥：谁特么想当烈士
809,铿锵绵羊oooO：这些虚名有什么用
810,_勺韵：典型的打脸系列
811,MTB老贺：看到李文亮了，也是应该的。
812,D女郎笔芯：看到她们得名字哭了
813,她在北纬二十三度：那些说李医生不配成为烈士的，我倒是希望他把头衔让出去给在坐的你们
814,夏小5：英雄
815,谁家的丹丹：这是应该的
816,愿你此生美好：希望不会再有死后的烈士。
817,共22条回复
818,红红火火恍恍惚惚的沙雕女孩：
819,共1条回复
820,全自动废话贩售机：杠精杠你妈呢 你也配说李文亮不配？？？
821,豆豆儿孩纸：人都死了 有喘喘用
822,听说你见过她：生前被冤枉，死后评个烈士一堆网友说不配一片斥责……人都走了，这名号不要也罢
823,美味的小地瓜：他本应得到更好的治疗……
824,高小美儿儿：就整那没有用的 少些昏官比啥都强
825,曾曾曾好笑：李文亮，希望不算迟到到认可！
826,JackLee_lee：
827,我也不知道取什么名字才特别啊：要什么烈士，要什么英雄，我只要家国平安，人民安康谢谢你们
828,海上闲人aaa：
829,文哲小甜豆：我就想知道那些不作为的官员躲哪儿去了，尤其是湖北省委书记，武汉市委书记这2大头，最近都低调潜水了
830,共4条回复
831,是灰诡不是灰灰啊喂：
832,3250X：所以你就会看到这些付出生命的人换来的名誉，被一群众人皆醉我独醒的人三言两句的别捧得太高给扼杀了。这世道真的是千奇百怪
833,安康126：李文亮本来是功臣是英雄，本来会让这次疫情不那么大范围那么严重地爆发，可是却因为某些人的错误训诫，而承受了他本不应该承受的委屈，真是让人惋惜和痛心
834,杠就你赢啦啦：当时给李医生定罪的人什么时候收到惩罚呢？！
835,安康126：李文亮是最早发现疫情的，他提醒大家注意却被警察训诫，虽然他不是牺牲在抗疫一线，但他尊重医学实事求是，是位让人尊敬的难得的好医生，他的牺牲真的很让人痛心
836,多想866：疫情最后的胜利都归功于人民。而那些凭借自己一知半解在网上随便打字讲话的人，都是对英雄烈士的亵渎。
837,曹优秀chy：致敬
838,Tomato番茄：突然想起了梵高
839,唯有凉生：有用吗？发自真心的问一句，大家应该都想要一个个鲜活的生命吧？
840,共10条回复
841,小玥子爱吃瓜：唉 又有何用？
842,白纸一篓：太讽刺了
843,瓶中水和青天云：本不用成为烈士的
844,范范睡醒了a：也希望国家能在实际上多帮助一下他们的家人
845,打工4不可能打工的啦： 到底是做给活人看的还是做给死人看的
846,失心人aii：请大家不要忘记双黄连夫妇，现在也没后续了
847,娜茉坚强：为什么不是生前评为英雄而是死后被评为烈士
848,那个谁是谁的谁和谁：希望大家都善良点，不要被带节奏了。有些人这么diss李文亮医生，他家人难道不会知道吗？为什么还要对他的家人再伤害一次
849,再见未名海_665：都是英雄，向英雄致敬
850,希望大陆无人可及：李文亮并没有通知公众，而是他的朋友。可悲的是他被某些人吃了人血馒头
851,陈曦骏：红罗终可绕烽台 致敬
852,蒹葭砂糖：岁月静好是他们的生命换来的
853,迷路的蛋糕卷：他们是最伟大最勇敢的人
854,不识路的小路：李文亮是烈士 烈士   烈士   烈士    ！！！！！！！！！！他配得上
855,共1条回复
856,蜗牛颜墨：李医生，终于终于
857,白-羊-座的穆：英雄应得的荣誉！！！
858,七月不是八月的我：致敬英雄
859,甘肃猫王：英雄们安息！
860,-萧湘子5762：烈士有什么用 我们要英雄 不要烈士
861,好运美宁：唉这种马后炮有何用
862,一片冬麦丶：有些人是被迫当英雄的
863,金木水火你超哥：那么训诫李文亮烈士的警察不就是迫害人民英雄，暴力反革命？对于这种人难道不应该拉出来给人民群众唾弃几年？
864,黑人布莱克300：彭银华
865,冰颜凉眸：英雄不朽
866,善于原谅的科研狗：呵呵，英雄虚无主义。知道啥就整天说被炒作被利用。没有分辨能力自以为看到不同声音就开始在那里狺狺狂吠。他有没有被炒作，有没有被外媒利用。我就认为他很伟大，是英雄。不是第一个吹哨也是第一批吹哨。足够了
867,dong煌201502：这次烈士都是医生，因为这个病毒而离开世界的，统一评为烈士。没有其他原因，所以不要利用李医来搞什么噱头等等
868,小松哥哥往南飞：正名了没啥用人都没了
869,老山羊的新家：🙏🙏🙏
870,骑猪耍飞镖：希望和平年代不要再有烈士
871,AAAAAA堃：希望他们的家人可以得到妥善的照顾
872,鱼晶老头：心痛
873,蒲阳百花灯会：所有为抗疫而牺牲的医护人员，工作人员都应该评定为烈士，不能选择性评定
874,重中之重上：都在吹李文亮，他哪里算烈士了，呵呵。
875,共6条回复
876,小自在想要小玫瑰：致敬
877,胶东三郎：致敬！
878,苹菓姑凉没有苹菓：难道不应该还原一个真相吗？
879,A玉兰臻园_许金金：安息
880,白一W：英雄走好 会永远记住你们
881,胖小萌萌：用命换来的
882,彭氏茂哥：是不是也要追究一个人的责任
883,幸运用户8789：真不知道武汉疫情最严重时候 他们媒体也是否称武汉为鬼城
884,共4条回复
885,中小创科创板：挺好的。美国纽约继续加油
886,梦中的远方22：无视病毒的威力是要付出代价的
887,碎片馆：可怜
888,馨语200101：世道好轮回，苍天饶过谁？
889,崇拜孟子89333：隔离下都一样
890,屠倭侠：美国不是讲人权吗，武汉封城时他们说什么了？抄作业了，那当初说的话收回了吗？
891,小小课堂：你脸上的云淡风轻，谁也不知道你的牙咬的有多紧。你笑的没心没肺，没人知道你哭起来只能无声落泪
892,原野牧歌199201：豪横就不戴口罩😷
893,mrFAQu：托你总统的福
894,娱乐音乐追综：支持
895,gelu77：二月份的我们街头不也一样吗？！坚持住熬过来…
896,"Road-to-Liberalism：Love will wins——May the olders‘ love vanished,so they were waived."
897,举铁小王子：极度舒适
898,·循跡星·：钟老您辛苦了！！！！
899,盛世白莲黑土豆：我还想听一听钟老的发音，没想到全是翻译
900,统一台湾办公室主任：青岛那个处理好了吗
901,无风像微风风：崂山，你们关注一下。他不起来，我们要站起来。处理的结果，99.9%的人民都不会同意。他要面子。我们不要面。严肃处理他们。外国人直接驱逐出境。
902,一枚有态度de青年：国外的好多领导人依然觉得钱更重要反观医护人员，真的医者仁心
903,trevor冶道：居然我有看一个中国教授的演讲都需要翻译的一天
904,毅毅_Amor：教我英语老师曾经说过，越是顶尖科学家他们的英语能力越好。敬佩钟老
905,晚上不睡觉的猫M：钟老 刚救完中国 又去救世界 功德无量
906,乌拉拉拉氏冰冰：“包括新冠肺炎患者的密切接触者和来自重点疫区的人员。”可是出行的时候，很多旁边的人都互不认识，怎么知道他们是不是密切接触者？
907,鹿也匆匆icy-：这么大年纪思维和口齿还这么敏捷、清晰，真的好厉害！！向您致敬！！！
908,我的欧美男友：无症状感染，，唉，这病毒太聪明了
909,共1条回复
910,朱一龙是猛男不是奶团子：钟老的声音都被翻译盖住啦真的是
911,共1条回复
912,阿宏48710：厉害厉害钟老
913,共1条回复
914,熬夜劝退w：普通话，粤语，英语钟爷爷太强了
915,霍格沃茨小仙女呀：上次就看过钟爷爷口语视频 表达和词汇量真的🉑️！！英专翻译生，今年收到的offer就有钟老在过的爱丁堡大学一定会加油的
916,阑珊孟夏：钟老一贯的特色就是他的双语化教学，他的《内科学》国家级课程就是纯英文的。
917,二十多岁的我一天天想退休：中文演讲，让他们自己去翻译
918,哈哈哈哈哈快笑岔气：钟老是我们的国宝
919,有点点熊：一直搞不明白，无症状是不是一直不发病啊，那又是怎么知道的
920,老子叫小甜甜呀：钟老真的是上天赐予我们最好的院士专家
921,草莓不草莓菠萝不菠萝：男神男神！！！哎呀妈呀！！！
922,禾禾绿小豆：后辈人的榜样！
923,想要的都过过过吧：钟老好样的
924,奶油冰块儿：这就是高尚的人吧，80多岁还能图什么，敬佩
925,林峯的小玉樹：辛苦啦钟院士
926,NoahSrk：全中文演讲可能比全英文演讲更值得骄傲
927,阿鱼和poti：钟老好帅啊！！！！！
928,宪良Jack：为什么热搜的重点是英文演讲[費解]
929,韵通甄流晴：羡慕钟老的英语
930,努力少年爱戴花：优秀的人。
931,小顺顺的Vin皇：钟爷爷辛苦了照顾好自己
932,_hey_hey_：解封后请全部核酸检测通过才好出城！防疫面前没有任何借口可言！对自己也是对别人更是对国家负责！！
933,葉_葉小柒今年所向披靡吧：跟着钟老走
934,绝对小源·：我其实想听钟老的英文
935,菜菜菜菜菜坨：钟老全能
936,吕西锋律师：厉害！那些名词，我们我们用中文都说不利索！#钟南山#
937,Zxmmer_Boli：请把同传静个音
938,夜以深愁无眠：辛苦了！
939,八卦猪昌慧：还有袁老呢
940,林小宝的2010：这意思还是要尽可能的少聚集，戴口罩，勤洗手，这种疫情并不是短时间能结束的，大家还得做好长期抗战的准备。
941,秀气滴将军：我也在努力学英语，膜拜钟老
942,簫褎：唉，看到新闻总有种别扭的感觉，用别国语言演讲自己的成果，即使成果是自己国家全部做出来的，还是不能用自己的语言中文发表，而且媒体也在宣扬英文。以后要是其他国家的人发表国际演讲能用中文，不仅我们自己做出来的成果可以用中文发表，其他国家的人也用中文发表在中国期刊上就好了。
943,一舟之旅：国外一些无耻的政客，会害了全世界
944,Yuki是只小短尾：点进来以为是钟爷爷的原音英文演讲
945,头条天水：【#钟南山称应更加注意两类无症状感染者#】4月2日，中国工程院院士钟南山通过视频远程参加新冠疫情防控国际分享会。期间，#钟南山全程英文演讲#。他表示，由于具有传染性，我们应更加注意两类无症状感染者，包括新冠肺炎患者的密切接触者和来自重点疫区的人员。#关注新冠肺炎#
946,金丹一万层：广东味英式英语 熟悉的味道
947,____妖精____：加油
948,溏心晓芯：我觉得以后英语试题  完形填空和阅读理解可能会考
949,vivi想去旅行：😷戴好，勤洗手，不聚集
950,爱之梦你的样子：为嘛配个翻译？直接字幕或者钟老的原声就可了！听着翻译的声音盖过钟老的声音真的是尬死了！
951,你说月暖如梵音：钟老niubility，辛苦了
952,Lydia_晨：钟老🐂
953,我是弓长江鸟：说的就是美国🇺🇸
954,追光爱蓝莓：哎，真的很可怕，希望都能好起来
955,ww--这个小羊不知道：我真的真的太敬佩了！！！！！
956,失眠井盖：钟老先生太优秀了！！
957,丸子是个熊孩子：值得尊敬的爷爷
958,妞仔爱吃肉：钟老的英语真的太可了
959,元气的山楂：太牛🐮了
960,tou熊猫的滚滚er：多点时间让钟爷爷休息拜托了
961,小冬瓜大王：谁再比比读书无用论，老子劈了他
962,麻辣崔老师：膜拜
963,冬月z摩羯：厉害了，我们的国宝
964,Rain阿禹：同传别翻译，来听原声的
965,杰西76247：钟院士威武！
966,是穗岁哦哦：还想听钟老的广谱
967,请你去吃螺蛳粉：钟老辛苦了
968,小张今天瘦多少：辛苦了，钟爷爷
969,仙女大萝：好激励我。我在备考。钟老给我了榜样的力量！
970,给我一个甜甜圈啊：
971,南山情怀：爷爷最棒了
972,1O_T_O1：辛苦了！！
973,转角车专角：
974,Vivian_Klaroline：👏
975,枯木逢春幸哉：多休息多休息
976,传说中的女网警：#女网警说##身边的战疫##钟南山称应更加注意两类无症状感染者#
977,娱乐音乐追综：感谢分享
978,青春残留的那一抹残阳：点赞点赞
979,偷猫的鱼-M：钟老辛苦了！厉害
980,北京勇者律师事务所：#勇者同舟计划#  疫情之下，百业待兴， 勇者不惧，风雨同舟。 北京勇者律师事务所承诺， 为受疫情影响严重的100家企业免费提供1年法律顾问服务， 我们一起经历风雨，一起迎接彩虹。
981,爱吃猪肉的林达：请国人别太低估了美国防控疫情的能力！美国是世界上最强大的国家，有世界上最好的医疗体系，有世界上最好的专家、药物，有世界上什么都懂的总统，还有最多的公知。在公知的世界里，美国什么都不缺，什么都多如牛毛。美国是厕所空气都带着甜味的、肛门里流淌着黄油的完美世界！
982,Xiami0117：终南山也是海归，留学回来，别动不动就黑出国留学的
983,火星宇航员_：钟老辛苦了！谢谢你，敬佩你！
984,惊羽之草：钟老辛苦了！
985,刀小鱼：就钟老这样的人才。身材。放到年轻 就是偶像剧男主啊。 还是英雄救世主那种偶像
986,天天天天热热死人啦啷个办：很厉害，令人钦佩。但是我好希望有一天这种国际会议，我们可以用中国话发言，听不懂的自己翻译，但我们要用自己的语言。
987,小仙女god：诶我说，点进来听钟爷爷的英文？？全是配音你让我听啥？？？
988,So丶尐緢168：这真是八十多岁吗  这皮肤太紧实了吧⋯⋯
989,TWENTIES-ing：哈哈哈哈 这翻译声也太大了吧
990,翻翻--fanfan：我的天哪帅爆了
991,麻威本豆：上次会议没有同传大伙说听不懂，所以这次配了同传为了让更多人听懂吧哈哈哈哈
992,默默大夜猫：啊？我想听钟爷爷的原声啊。。。配字幕都可以
993,Surgeml：真的注意身体！！！！！
994,羡羡200806：钟爷爷辛苦了
995,yu你在一起12138：我要是钟老  偏说汉语  听不懂就让他们自行了断吧
996,满心向甜na：钟老辛苦
997,我叫小臭臭0：太帅了！！
998,·雙星睦月·：把钟老的热搜顶到第一☝️
999,田东之窗：【#钟南山称应更加注意两类无症状感染者#】
1000,冬日的一缕暖阳2：想听钟老全英文的演讲！
1001,脑袋瓜子多清醒一点：有没有没有翻译的版本。
1002,福monica福福福：保护好我们的国宝老先生🙏
1003,W_青见：钟老辛苦了
1004,啊啊啊你看我都快哭了：太帅了
1005,不朝君君君：为什么不说中文  因为怕其他国家  万一翻译错了  
1006,小难她嫂子：为钟南山院士感到骄傲
1007,伊个胖达：特朗普：你说什么，你大点声，你再说一遍！我还是听不到
1008,半妖倾城C：钟老好帅
1009,不会玩呢吖：厉害
1010,喝醉酒的鲨鱼boy：有原视频吗
1011,茜茜VS花花：男神
1012,梅子90乐乐：🐮 🐮 🐮 🐮🐮🐮🐮🐮🐮🐮🐮🐮🐮🐮🐮🐮🐮🐮🐮🐮🐮🐮🐮🐮🐮🐮🐮🐮🐮🐮🐮🐮🐮🐮🐮🐮🐮🐮🐮🐮🐮🐮🐮🐮🐮🐮🐮🐮🐮🐮🐮🐮🐮🐮🐮🐮🐮🐮🐮🐮🐮🐮🐮🐮
1013,迷路的幼犬87：中国人就是太有爱心，特别操心，人家首相都不担心，他们觉得死掉些穷人，还能多招些富人进来。别人的想法谁能左右，反正中国是要做好准备，有些国家最后坚持不了肯定要魚死网破。
1014,翀爹地：辛苦了
1015,全世界都爱Jenny：国宝级人才
1016,向日葵820129：真是为世界操碎了心 怎么办
1017,康熙：他们都在酒吧！
1018,犟小强：不要这么说，我们也曾封过城，老百姓是无辜的
1019,陌悠涵_浅唱Goinggo：我们的武汉，当初还不是一样
1020,Xiao_aixie：直的 弯的 什么鬼
1021,共1条回复
1022,追知识的美霞：不要用鬼城这种字眼
1023,天生爱钓鱼199506：用鬼城实在不恰当
1024,浪费时间的乐趣：早点儿变鬼城何止于让老百姓变鬼呀
1025,家菲猫的包谷：变成鬼城？那是必须地
1026,CaicaiJr：爱每个人之后政治正确迫害亚洲人，甚至迫害白人。。。特别是受教育问题上。
1027,想摘下星星丶聪明李：自由美利坚
1028,晓晓198511：感觉都害怕了，一个人也没有了
1029,艺术与亿数：我是武汉的，这一集看过
1030,圣手仁心42049：我们曼哈屯自由自在
1031,lucyding2008：好心疼，那么繁华的都市。一起抗疫，加油💪
1032,毛豆豆3279967831：为什么要用“鬼城”这个词！
1033,温村639：就像没病不需要戴口罩的思维一样，死脑子怎么就是整不明白，等病了再戴口罩、等疫情严重了再封城不是已经晚了吗？没法跟他们捉急
1034,上官卿辰：凡事预则立不预则废   没有五千年文明史的国度是不会明白的
1035,我会jing待hua开：你以为他们不懂？只是在人命和经济的选择题上选了后者罢了
1036,共5条回复
1037,linna17：不幸的是，人口是流动的，控制美国的疫情和控制世界的疫情一样，看做的最差的那个州什么时候控制住……
1038,对外传播观察：#全球新冠肺炎报道# 在例行白宫记者会上，有记者向美国总统特朗普提出此问。特朗普表示：并不是每个州的新冠疫情都很严重，所以疫情不严重的地区没必要隔离。PS：也许，他会在不久的以后为他今天的绝对后悔的！
1039,_小白白的窝窝_：他后悔的事还少吗？死鸭子嘴硬罢了
1040,牛皮唐糖糖：我觉得他离感染不远了…那么有钱…为何找死……
1041,木子缠论：
1042,柯维依：特朗普的逻辑：现在各个洲疫情不同，疫情不重的没必要隔离。过段时间：各洲疫情都一样严重了，他就会说都一样严重，就更不用隔离了。
1043,好淡然丶：说的真对！
1044,那么那么假的世界45530：你太棒了
1045,共3条回复
1046,辞辰潜述：哎，哀其不幸，怒其……没什么可怒的，只能说句:加油
1047,黄河路2018号：病毒不讲人权普世价值观啥的，真是左右为难
1048,Z随心R：我觉着特朗普应该宣布全美国上街庆祝游行
1049,wu迷散道：加油
1050,木木清尘：等严重再封还来得及嘛
1051,凉月九九：显得有点13
1052,悠闲的老刘哥：特朗普的意思是还有很多州没有到纽约的这个状况，再等等。
1053,木木兮-mt：早隔离，早发现，早预防
1054,豆芽仙子的怨念：他们的病毒，他们说了算
1055,爱u米兔：继续任性，踩在美国人民的尸体上继续显摆
1056,DL丨简单点：这话如果在中国说，是不早就淹死在人民大众的口水里了
1057,南宫雲湛：真该让美国也看看扁鹊三见蔡恒公的故事。
1058,潇湘夜雨232：看这种态度美国挡不住了，彻底歇菜，除非各州不听他的，但是人心不齐部分封城还是白搭
1059,昵果造型杜均技术总监：不晓得你脑袋里面装的是什么鬼
1060,苏子璇的w：我们是第一！！！
1061,外科开刀酱：头痛医头脚痛医脚。让一个不懂行的傻子来瞎指挥。
1062,张三疯698：他近段时间在发布会上说的那些“没必要”最后都被一一打脸了，还是自己打的，果然是脸皮堪比城墙，不会疼的川普
1063,ZHAO·CR7：PS：自己的票源州弄好就行了
1064,嗳伺机摸人：意思是等严重了再隔离
1065,胖刀dao：他是真的🐂
1066,开到荼蘼LZP：摊上这样的总统也是麻烦
1067,Lily的美食日记：听起来好有道理...也对，等严重了再封，不急不急
1068,魔女花朵：居安思危，可以他们不明白
1069,匀匀成长记：这种脑回路，我终于知道我为什么做不了美国总统了。
1070,快乐齐国先生：其实美国就是在做自然免疫！还能减少老龄化人口，只是不说罢了！百姓遭殃！
1071,a迷茫的龙：这次疫情🇨🇳 政府在全国经济停摆，抗疫资金投入天文数字的情况下，丝毫未提钱的事情，天天喊的是人命关天、应收尽收、应治尽治， 放眼世界这是独一无二的。这个国家从政府到百姓是值得我们去尊敬去爱的！加油🇨🇳 。
1072,一枚霓凰女：特总，坚持住，决不能改变主意哟
1073,那么那么假的世界45530：他们是真的不懂
1074,琻汼1919：等到特朗普染上病毒，进了ICU，他会派军队封国的，拭目以待吧
1075,簋哥：现在看来没有人比特朗普更懂新冠肺炎。
1076,微微的一笑：说白了还是想稳住经济，但如果等全部洲都严重了才封，到时候可比现在封更惨！！
1077,ywgmll：猪脑子！不严重就等着传播变严重！真是蠢
1078,Xiao钧钧吖：看似他们不懂，其实他们比谁都明白，只是在经济和人命之间，他们选择的是保经济稳发展，既然别人都不着急，我们也不用瞎操心
1079,暮色雄心李宝林：特朗普：都别瞎哔哔，等超20万再说，离我的预计还差的远呢！
1080,勇敢的小28：建国的逻辑就是：大家没死之前都是活的，既然是活着何必想死后的是自然也不用害怕了？
1081,華麗de轉身50928：等疫情严重了再隔离
1082,Gene_Hale：反正一天多三万 精英财团阶层代言人的你 自己看着办
1083,双方不败：政客的话不能听，商人的话没法听。
1084,May1319：真替美国人感到悲哀！我为我是中国🇨🇳人骄傲
1085,神气袭人章文：每个洲不一样，但是你会看到最后每个洲都一样
1086,一直都要开心呀c：特朗普的脸色已经比前一个星期查了很多了... 不管嘴上再硬，脸色还是欺骗不了大众...
1087,宸忆橙Alex：我感觉川普在做清除穷人计划，只留下富人。
1088,易动的心82781：特朗普.唐纳德：你们都死了跟我有毛关系，只要能连任总统，再大的代价也值得！
1089,张涵佳Jerry：特朗普，出了一手好牌
1090,he_hwy：唉
1091,长安菜鸟君：离10还远继续加油
1092,枫叶蓝target：突然觉得这小老头挺可怜的
1093,半天爱睡觉w：自生自灭吧
1094,小小小宇的小世界：在中国不是疫区的市县村防控的尤其严格，这点真是其他国家比不了的
1095,陈勇陈同学：不被
1096,冰糖丫丫zt：有种病人叫做无症状感染者。
1097,惠灵顿的雅阳：这男的脸啥塞儿啊
1098,Kimi3356：美国肺炎
1099,BLEACH沁：我觉得他是最好的一届总统
1100,何处许我心：疫情不严重的地区没必要隔离，等严重了再隔离就好！
1101,爱国爱家爱生活tujs：隔离，人权没了； 不隔离，人全没了。 What do you like: Human Right or Human Left ？  这是我见过的最牛的中英文混合段子
1102,不宁方来也：他是不是心里特清楚？这病毒对白种人杀伤力不大？
1103,月子夏木：中国和美国真的不一样，中国聪明，强制性隔离！美国人不怕死
1104,云上的孤独：感谢你对美国所做的一切美国人民离崩溃不远了，再努一把力，别放弃
1105,yx溪客：我现在真的怀疑川普是否真的是建国同志了
1106,外科开刀酱：这是在无视人口流动。但这是传染病
1107,悠悠7169：老美估计要死100万人了
1108,清风致雨：等到严重了再隔离
1109,种花家复兴见证者kache5656：等严重再隔离和，只有病人才需要口罩是一个逻辑
1110,巧克力yubaojianxiang：欧奈酱
1111,网上找邻居：连什么叫预防都不知道的人还能当总统，这样的国家我实在是佩服的五体投地呀
1112,爱文学的小兽医：就像你当初说的全美都不严重一样，不急，慢慢就严重了
1113,fuyankuncn：川建国同志，看好你哦
1114,Aidan425：这些脑子真不好使
1115,麦子熟了1966：闭嘴吧
1116,瞎搞什么东西687：别人不懂这些道理么？不要太小看美国人了。他不建议封禁的州只是不是和他一个派系的。川普知道自己国家的人是什么德行，反正我口嗨被骂最多下台，但对比对手的损失这些都不值一提。资本主义国家利益高于一切，漠视生命，无耻。
1117,西工大第一帅：美帝加油
1118,夏七柒summer：自由快乐美利坚，祸国殃民特朗普
1119,欧Ou阳阳：他是打算用疫情灭国吗
1120,当雨霖薇：大憨蛋一枚！
1121,MD昵称空着肯定不行啊：非要每个州都严重了才满意
1122,shuijiadeshu：我怀疑这货打了增强免疫力的药，要么就是美国早就爆发疫情，最近研究出疫苗给这货打了，只是目前疫苗不适合曝光出来
1123,看盗版的会员：对对对
1124,俊哥帅到底：美国真的是被傻子领导着
1125,只做大神的小仙女：我真的是服气了，难道只有中国人怕死吗，一个城市有几十个都开始各种隔离，各种防控措施很严格了，美国什么鬼，几千了都不重视，没想过几千会扩散越来越严重吗？太无语了，之前一百多个，意大利和伊朗都几万时，美国一百多个要是重视，会有现在的22万吗
1126,工人家的小孩儿：如果做个民调：你认为美国最伟大的总统是谁？1.华盛顿；2. 林肯；3.罗斯福；4特朗普，四选一😬 反正我绝对选4
1127,蜜糖小人儿：八成美国🇺🇸 要玩完
1128,2020沉淀自己：赞赞赞，现在情况不够严重，再串游串哟，等情况严重了再居家
1129,星空ing月亮ing：不发表任何言论
1130,奔马奔奔：美国没救了不隔离早晚完蛋
1131,黄小仙天天见：阿拉斯加表示慌得一笔
1132,爱说话的鹩哥：还不嫌严重
1133,丘比特的箭GPC：我们必须整齐划一
1134,叶子swf：美国百姓长点心吧，你们不自觉禁足的话，没人保证你们能活过这场疫情，保护好自己也是对家人朋友负责，期待疫情早些过去
1135,男人海洋199007：静静的看着美国疫情大爆发，最好能看到川普也被感染。
1136,女人的世界杯：再不采取措施，美国就要国灭了
1137,麟结HXR：嗯 川总说得对 总是说的对 总是对的 对的
1138,风云必际会：说的很有道理，支持连任
1139,朱定祎律师：等快不行了再想办法。
1140,重生之难：上帝说：川普做得实在太好了，让那么多霉国淫民上来见我！
1141,andy的哀伤-001：特朗普好样的，
1142,做梦飞的猪：唉，每天都被这家伙刷屏，我是多么的希望他看不到明天的太阳啊！太烦这么愚昧自大甩锅的老头啦
1143,真是鱼的记忆：老传不把鹰酱人民坑死誓不罢休
1144,博可小云：典型的不知者无畏，你随便吧，不要到时候又把脏水泼中国
1145,准备重启2020：哪个州严重了到时候再隔离哪个呗
1146,李小鹏8556：等严重了再封
1147,布图君：我越来越爱这个小老头了，好可爱
1148,闻松听涛Z：等严重了再隔离！
1149,2020南京陈先生：我发现美国要么是真的是假民主，要么就是人民都是傻子；不然也不会选这样的医学专业白痴当总统啊！哇呀呀我替美国人民难受的
1150,囿央：双标狗，反正历史会记得后人评说。如果说没那些抹黑，国情不同谁又不是负重前行都应值得尊重呢。
1151,鹤棣唯一：热烈支持，没事儿就几千人而已，不用隔离。
1152,团团要过综合法考：是的，大统领说的不隔离绝对正确，不容置疑！
1153,陈小玑：确实没必要全部封锁，但是控制重点地区整合资源救人才是大事，当然可能真的在做了，要不就是国内没报道，要不就是做的太慢。要是真的还不整合资源我还真不知道像纽约这种重灾区自己面对能不能扛得住，反正州长挺能聊的。做成什么样我们也不知道。少死点人吧。老年人值得去救的
1154,蛞蝓彳亍：哎其不争，自求多福吧。
1155,PassionLure：特朗普：假新闻 下一个
1156,共90条回复
1157,学习：今年的经济那是一言难尽了。我们也好不到哪里去。个体经济、很多行业不是倒闭就是在倒闭的路上啊。就我家楼下的沙县料理依旧坚挺
1158,共60条回复
1159,·循跡星·：特朗普：这已经是很成功了
1160,共14条回复
1161,Ta皮任t皮：上周才320多万
1162,共13条回复
1163,呗呗兔_To：特朗普：我以为有五千万人呢？这点还好
1164,共8条回复
1165,今日甜分：特朗普：或许这就是人生吧
1166,共6条回复
1167,基因交流专家：你是中国媒体 麻烦别老是报道别人国家的新闻 多关注一下国内的失业者吧
1168,共55条回复
1169,SNH48-张靓颖：去特朗普酒店找工作吧
1170,共1条回复
1171,律师从零开始：我们的失业率多少？
1172,共169条回复
1173,凯MrsL：因疫情影响我国失业的也不少吧
1174,共9条回复
1175,星洋芋：你们也没有看看中国有多少人失业，新闻霸权
1176,共10条回复
1177,水蜜桃推土机：特朗普：我不想了解了
1178,共1条回复
1179,狐臭鱼：我们的你们敢报吗？
1180,共5条回复
1181,April丶777：咋不看看自己多少人没工作？？？
1182,橙歌sing：中国也有失业的好不好
1183,共8条回复
1184,李墨白的微博：因为封路无法迁移的养蜂人自杀，咋没见你报？
1185,共3条回复
1186,城南月涌：失业的可以都去生产枪支弹药啊，在美国你还怕没人有杀人放火的需求
1187,小太阳秅：做好自己的发展，替发达国家操啥心。
1188,共3条回复
1189,唯Love晨熙：今年全球失业率应该都有点高吧
1190,共1条回复
1191,伊贤：特朗普又要甩锅le
1192,耳朵向上lin：麻烦统计一下国内目前的失业率。
1193,共3条回复
1194,每日甜份：特朗普：一切尽在我掌控中
1195,馬漂亮啊_：中国也有好多失业的，旅游业什么时候能恢复呢
1196,共4条回复
1197,苏北以北喝咖啡：美国不是不工作也有钱吗，所以流浪汉多？   是真的吗？
1198,共2条回复
1199,卖呓不卖呻：全世界的工人朋友应该联合起来
1200,MasatoInagaki：我都半失业两个多月了
1201,职场不值得：自由美利坚，失业每一天
1202,百言百当：不知道我们真正的失业人口是多少？
1203,山复尔尔白日梦：找特朗普
1204,一只江江J：fake news，next one～
1205,晚上不睡觉的猫M：特朗普：四下无人的街道，和空荡的家里，就只剩下我一个人开狂欢的party
1206,共1条回复
1207,执筆話情：特朗普：意料之中的事
1208,dfghjsvnu：想知道咱们国内失业率
1209,黄小伊是远目君：疫情对全球经济影响真的很大，人类命运共同体，做外贸的今年非常艰难，哎
1210,深海碎片：所以 作为一个中国人我很骄傲。
1211,共2条回复
1212,Arrimbaud：太好了，遍观整个微博，热搜上都是扬红抑美的，而评论又都是一溜红。为了不涉及自身，直接把双标，造假的词语就美国一些问题而夸大，这样好允许自身的错误，让我们心理产生舒适区。  我是个坚定不移的中国人，但我感到可悲。就连我这条微博，马上就要被喷死了，行，骂吧，我的确有愚昧之处。不该说可悲
1213,共1条回复
1214,装修有王工：我们呢？
1215,摩卡恋人：管好自己不行吗？
1216,时光走我们留：good job
1217,wan2014：咱们的呢？在大灾难面前，别这样。
1218,北遇南屿：川普:全都在我的意料之中，我很清楚的
1219,沙雕网友是我_我是沙雕网友：特朗普: CNN假新闻 不能信
1220,悸动持续传达：美国真的有勇气！干啥都有勇气！不愧是“第一”！
1221,三三LZYYZ：得，又一个竞选“亮点”造没了～
1222,小花狐小怪兽：经济危机比疫情更可怕，不少负债买房等，收入减少，压力就会增大，.
1223,鲍里斯Johnson：梧桐台湾
1224,求真先生：600万失业，特朗普的预期数字。
1225,张面饼：妙呀~妙呀
1226,投机萌新：都算自由职业吧
1227,白斩鸡大人：那你猜猜中国会有多少人失业
1228,隻琪：继续努力
1229,壹贰叁有没有肆：特朗普：没有人比我更了解失业了
1230,我听你的才怪：特朗普不亏钱都不关他的事啊
1231,一枚有态度de青年：真的是惨，不救人只救市一定会更惨
1232,白泽哥哥丫：小事小事
1233,默默大夜猫：唉😔2000万。。。真的比经济大萧条时期，还要可怕……赶紧积极抗疫，早点结束疫情吧🙏
1234,李淳风·：美国那么多人没事的
1235,爱胡说八道的菜菜：特朗普：和我有什么关系
1236,难買開心_____：特朗普的心愿达到了
1237,·美少女战士·：没关系他们免疫
1238,青青子衿1192：方方足不出户写了60篇日记，一直遮遮掩掩，今天终于说出了心里想说的话:只有西方民主，才能战胜病毒救中国！
1239,柳辰淞：特朗普：哦
1240,大连突发：手里有枪，失业不慌。。
1241,凱爾好想去旅游：哎呦呦
1242,endved：关注下国内
1243,耿着急啊：我们呢
1244,濑户川孝长：特朗普：没人比我更懂失业
1245,Eason_大侠：都是全球连锁反应的，希望大家都好吧！
1246,深山一游客：看看中国数据呀。
1247,李宗辉Bruce：高失业率+不储蓄+合法持枪+警察感染率高+民众对政府疫情措施不满=内乱，照此下去的后果非常可怕
1248,弄弄最可爱：他特朗普不是已经猜到了吗
1249,透明jinn：什么时候可以观看真人吃鸡？为啥平时那么常见的枪击案都没动静了？
1250,喵薯鱼：这个的话我们失业估计也不少啊
1251,yahuheihei_o：让美国失业潮来的更猛烈些吧！
1252,rui先生吖：美国需要一场，伟大的，毛主席领导的，社会主义大革命
1253,soandno：这才哪儿到哪儿啊，还早着呢
1254,陈二哈hhh：米国要不要再来一次1929经济大危机？
1255,想撩起你的头发：沸腾
1256,有你才好__：支持就完了
1257,夏瓜皮先生2：支持失业的美国人民持枪上街抗议！
1258,白鸽go：我特朗普同志干得漂亮！请再接再厉，祖国伟大复兴全靠你了！
1259,董珉华：美国🇺🇸失业人口一周翻一番！赶上新冠确诊增幅了！
1260,姐的霸气祢卟懂：这数字太可怕了   可惜人家还不当回事！
1261,__东君：我怎么仿佛还没看到美国的国家机器运作起来还是已经就只能这样了？
1262,铁JG：特普朗：没人比我更懂失业
1263,蒙-背德酒馆：特普朗：没人比我更了解失业
1264,Vicky舒心的小日子：哇哦～不知道这下有没有突破特朗普的预想呢？
1265,BoomLau：特朗普:这就是人生吧
1266,我有一七二：特朗普：淡黄的长裙..
1267,Fear-of-GOD：放心  还会更多的    就不知道川普什么时候失业
1268,沈婠儿nn：假新闻，下一个，你这个糟糕的记者
1269,real沧海：特朗普：可能这就是人生吧。
1270,-IchBinKevin：管他呢甩锅给中国就完事了
1271,二木彬蜀黍o：没有人比我更懂失业
1272,共1条回复
1273,问谁伴我走我路：据CNN报道:目前美国各大小医院无主手机目前已有数十卡车，联邦政府已经向苹果公司下出命令，立即对手机进行无害化处理，苹果公司发言人表示目前公司已经全负荷运转，无主手机处理系统已经崩溃，正在向有条件的公司请求支援。
1274,今天你练瑜伽了嘛：哦……反正你们不要卖我们的口罩就对了 你们可以自己生产
1275,共1条回复
1276,嗶嗶233：唉
1277,我是志浩Tang：情理之中
1278,超想去苏黎世：👍
1279,患者prrr：芜湖～
1280,共1条回复
1281,今天老詹罚球2中0了吗：第一
1282,Murphy莫菲520：中国 和其他国家也一样的 连锁反应！看谁多谁少一点而已
1283,周任轩师兄：全球都是连动的，很可怕。
1284,周学杰ID：我们失业2亿
1285,温文儒雅的大叔hua：特朗谱：消息快忙不住了
1286,院子里的揠水井：还，，，
1287,青衫浮雪：这是全球性的，今年注定因疫情影响全球贸易，
1288,龙头妖谷：@微博创作者广告共享计划 继续打毛衣战，人数会更多。
1289,MISA酱-gintama柯南赛高：我们现在就在帮他们申请这个失业金搞得比正常税季更忙，主要是我们特殊时期就四个人上班啊客户几百几千个
1290,风隐工作室：没事，美国人有钱
1291,牙医小小徐：资本主义
1292,我得到我想要的了：活该
1293,郑豪杉：致敬平凡而又伟大的你，致敬👍🏻
1294,-阿阿清呀：为什么我看到群星两个字就讨厌
1295,爱妃在唱歌1991：致敬，感恩你们的付出，才有我们的平安
1296,Sjj必遭报应：群星？
1297,鹦鹉螺529：致敬每一位“逆行者”，谢谢您们！
1298,神经裤衩：加油，武汉，加油，中国。
1299,黑猩猩滚：黑猩猩滚出中国。。。
1300,种花家的小太阳w：感谢所有为疫情默默奉献的人！！武汉一定会越来越好！！！
1301,追风河西：武汉加油！中国加油！
1302,逸轩希晨：武汉，英雄的城市！
1303,rlirli：转发微博
1304,Bi火火美甲：阳光总在风雨后（爱自己相信祖国）
1305,uyxu：加油中国
1306,uyxu：谢谢你们
1307,源哥的姑娘1108118：致敬
1308,siyueba：大武汉
1309,教书先生--阿虓：这次武汉真不容易，重生后，肯定能得到更大的发展，虽只去过一次武汉，却已喜欢上了它，以后她每向前走的一步必定都越来越稳健，越有力。
1310,Lucky小宝贝Ki：都是英雄感恩
1311,任与白啊：致敬逆行者！！没有你们，疫情不会这么快得到控制。没有什么岁月静好，只是有人在替你负重前行。真的感谢你们，真的。
1312,假笑女侠：他们真的了不起
1313,阿狸爱梦游：好
1314,枫715菱：一家人
1315,陈Chanceux：加油
1316,-呆桃：致敬
1317,你我身边的正能量：致敬每一位逆行者，谢谢您们！
1318,媒体人解飞：阵容太弱，歌也难听！
1319,冲560：武汉
1320,1少年游1：张医生辛苦了...媒体能不能不要天天盯着人家问了
1321,共2条回复
1322,一句话入你心：严防境外输入🙏🙏🙏
1323,傻必：张叔叔的话还是得听的 多备一点口罩吧[冰雪奇缘安娜]
1324,倒放：就怕有些人不控制
1325,lobobo001：江疏影关她什么事，这也要凑
1326,共3条回复
1327,老衲随礼了：早点结束吧！，我们公司做外贸的，马上要倒闭了
1328,共4条回复
1329,周晓20081995：什么时候看到不靠谱也戴上口罩开记者招待会美国的拐点就来了
1330,李君的世界：就看4月碰不碰亿了。30天，不长。
1331,施氏食狮史之普通话：张嘴就来的专家
1332,黄河边的江：现在要看印度了，如果印度没事4月是美国的高点，如果印度加入，5月才会出现全球高点。
1333,永央young：可能拐点已经到了，大面积主动检测的优势出来了，核酸检测能力和精准度是控制疫情的关键
1334,共1条回复
1335,krehupainsleio：是不是高点美国说了算
1336,柠檬树下的皮皮：是高点，不是拐点
1337,AllenJ处于饥饿中：2020年的前四月真的是群人类至暗时刻
1338,卖不出鸡爪子的大妹子：霉国给全球拖了后腿了
1339,迎客松1818：世界的拐点应该在四月下旬(川普除外)
1340,武汉高校圈子：4月达到高点
1341,共1条回复
1342,沙雕语录：感觉现在每天都是高潮，太可怕了
1343,Jenson_J：张医生有点烦了，天天盯着人家问东问西！！
1344,Ovliarr：@ExceExcellent
1345,喵喵星人不是喵：就美国、印度最让人不放心的吧
1346,shwangwang：印度怎么办？
1347,鲸鱼翻身了：天天来评去，啥意思都没有。很多是错的。搞科学不知道为什么经常接受采访
1348,super大宝子：不了解情况下结论过早，印度非洲还不知什么情况
1349,我最终去哪里：6月6日 全世界 胜利日
1350,拥抱阳光的七叶：无奈
1351,永无止境me：//@最后的新日暮里:洋垃圾滚出中国就完事了
1352,小小菲菲菲兒：🙏
1353,纤尘织锦：祈福
1354,当想放弃时候-离成功还差一步：你好
1355,聪明绝顶纪枋的小宝贝儿：//@傻必:张叔叔的话还是得听的 多备一点口罩吧[冰雪奇缘安娜]
1356,三只虫儿：印度呢？
1357,雪山飞狐4688：救别人也是救自己
1358,龙吉祥：前有高福羡慕偷税范某某有经纪人，后有网红张和戏子眉来眼去了
1359,小女人辛西娅：出现高点，那么就要来拐点了，赶紧过去吧！🙏
1360,齐柏勃：其实国外和国内的数据不具可比性，因为大家的确诊标准都不一样。
1361,齐柏勃：什么时候才能够全世界各国都进入正常状况呢？两个月，半年还是一年。
1362,可哀唯有ren间世：张大夫要抄底了
1363,杨先生爱跑步：这个人说的可能大概之类的话太多了，不确定的事还是低调一点好
1364,不蒙不慌：那是欧美，南亚和非洲没群体免疫完呢
1365,家加咖：印度未解决前，不要轻易判断拐点！
1366,mz清风徐来：中国采取果断措施进行疫情防控为自己赢得了时间，没想到，世界，确不给自己时间！
1367,我的故事绘本：转发微博
1368,泊锋2014：大网红
1369,依然寒山寺8848：这都不是可能了，高肯定是高？五月会不会比四月高，说不准
1370,琴声BC：马
1371,驿站观博：张文宏：全球疫情一定会控制住，4月份可能出现高点.
1372,小青龙有小梦想：如果国外控制不住，我们只能保护好自己，严防死守，关闭国际航线
1373,爱落茗雪：可以写进历史教材。3020年的一个小学生刚从仙女座星系度假回地球国，翻看历史课本，讲到几次著名大瘟疫，其中包括欧洲黑死病，西班牙流感，2020年世界肺炎，感慨万千
1374,Bzjmmm：要想消灭病毒，要先让它疯狂
1375,宣和一人：最怕南美和非洲还有中东西亚
1376,屁屁种草：严防境外输入！
1377,我的语文小课堂：一定要控制住啊！🙏
1378,智娱至乐：千万不要再高了！
1379,智娱至乐：希望尽快结束！
1380,导演乔乔JOJO：//@一句话入你心:严防境外输入🙏🙏🙏
1381,-Esgeht：@_Ianwannng
1382,环球旅游攻略咖：张文宏：全球疫情一定会控制住，4月份可能出现高点。
1383,人类珺珺子的意识数字化：照片好眼熟 仔细一看 这不我们学校门口的医院吗
1384,七宝大人是只猫：真的很会说！疫情终将会过去，那是一定的啊，要不人类不就完了吗。说感冒发烧别喝粥，要吃牛排的也是他，有点看不懂了
1385,sandy158：哪冒出来一个姓张的，就别报道他了，总跟着钟南山屁股后面跑，早两天，人家钟教授已经断言了，拐点在4月，马后炮
1386,陈震同学的同龄人：已经不敢预测疫情结束的时间点了
1387,戒sir666：等控制住黄花菜都凉了
1388,上海市精神卫生中心：转发微博
1389,QYTALL1314：嗯
1390,二狗子XR：
1391,抚痕摘星：150
1392,公子兴博：支持封国，老是这么1个2个的输入病例，我们什么时候才能解禁，什么时候才能正常赚钱生活
1393,J洋洋乐：坚持宅在家就是胜利，疫情滚回娘家美国。
1394,鄭启洁：都要好好的
1395,王欣怡2006：男神
1396,首班车88：😓
1397,lucilee2014：路过
1398,爱吃鱼的柱哥：111111
1399,single-森：四月高点？等等印度再说
1400,-耘笑-：高点是什么？
1401,yan9bq：印度还有一对王没有出
1402,雨林木风1220：疫情总归会降下来的
1403,爱吃醋的语林：拐点快点来吧
1404,Lizwenn：严防境外输入，特别是疫情严重国家
1405,弓长御德：欧洲应该是，美国不好说，如果天气不是制约因素，印度是无底洞。
1406,中高考加油站：希望如我们所愿
1407,geoliu：希望疫情快过去
1408,武景书：这是没把印度算在内吗
1409,阿伦故事--阿伦：看来四月份形式还会更严峻，我预期四月中旬左右，有可能会爆发！#钟南山担心一些国家控制不了疫情# #今日看盘#
1410,老河北：前两天还说美国医疗体系完善没事儿呢
1411,既又要大神：评论区恶臭
1412,-深深蓝-：感觉四月份能到底吗？照这些老外的做法，不染到自己身上是绝对不会管
1413,柒设计中心：不知道这次疫情后中国将收购多少家国外的企业。
1414,至诚大兵：拭目以待吧
1415,上海市精神卫生中心：我院谢斌书记
1416,阿伦故事--阿伦：所以说4月19日是一个比较敏感的时间节点！这个时间节点，附近要十分小心！#新冠是人类第一个冠状病毒大流行# #今日看盘#
1417,连线记者：高点后才有拐点！
1418,习五一：张文宏表示，4月份全球疫情形势可能出现高点。
1419,彼得堡的肥天鹅：看现在这个趋势，绝非危言耸听。
1420,小梅花情怀：现在已经四月了，相信张医生的话，那大家防疫不要松懈，坚持到胜利
1421,王京09119：全中国最闲的专家
1422,deer5222：快过去吧
1423,大嘴巴小心眼866：当下的中国在外留学生，20%是专业深造，30%是镀金，50%是出国奴化（专指青少年留学，其中一半留国外享受三等公民，一半回国内为和平演变事业添砖加瓦）
1424,楠楠姐的吖：一直
1425,紫香玉40902：
1426,Girl的孤独：严防境外输入
1427,奶膏欧尼：由不得我们自己的事情，只能坚定地做好自己那部分不要为别人操太多心管好自己🇨🇳人加油！
1428,往事随风9568：
1429,大虾米干：#下跪的辫子奴# 这不是道歉！这是有一次的挑衅与侮辱！
1430,一苇可航微博：早点结束吧，复工没订单怎么办？毕业生都找不到工作了
1431,宝贝To宝贝：可能
1432,夕宿芙蓉池：张对美国的预测就错了，我觉得非洲，印度，南美还没防控，4月不是高点
1433,康熙：你弟弟还好吗？
1434,米粒-人性恋爱：反思是对的
1435,共3条回复
1436,我爱二次元0022：看都不用看，核心思想中国又赢了
1437,今日甜分：天王盖地虎，毒王特朗普 股票崩，人民苦，防新冠，信川普，火化只需二百五 .二胡拉唢呐响，恭喜川普中大奖，桥归桥路归路，白宫大院扯白布，尘归尘土归土，明天就埋特朗普，走的走抬得抬，世界人民笑起来，试问为何没人哭？因为死了一头猪！
1438,脑洞侠X：这种反思是相当值得警惕的，其实也没啥要反思的，救命的东西和能力一定要掌握在自己手里，所以以后他们要自己做，技术封锁更厉害，打断现在某些产业的全球化产业链，我们也必须要做好相应的准备，靠自己的技术不能依赖他们，各个方面。
1439,共3条回复
1440,小小课堂：等我过了这个坎 我就要开心起来
1441,icechord：美国那么多商人，那么多500强企业，怎么会不知道在哪生产医疗用品更合算？
1442,浪尽风评：这次疫情过后，我国的路越来越难走啦
1443,丧句馆：特朗普什么时候感染呢
1444,啥都猜不中的Moya：老兄你去选总统吧
1445,碧海蓝天飞银鲨：想改革吗 资本主义向美国特色社会主义变革?  准备好为变革的牺牲了吗？
1446,共1条回复
1447,脑洞侠X：对于新常态我们也要研究，万一出现更厉害且长期持续的疫情，我们怎么在这种常态下维持生产、贸易、服务、教育等社会和经济的持续运行，未雨绸缪，有备无患。
1448,凉月如夜：“疫情有经验也有教训”
1449,对芒果说：在中国🇨🇳疫情爆发的时候，西方的媒体和政客都忙着看中国的笑话，忙着黑中国🇨🇳，忙着其实亚裔。正式他们的傲慢和偏见给了新冠病毒在全球爆发的温床。
1450,鄧小閑被迫目睹二十年之怪現狀：这位州长，要坚定信仰，不忘初心，对美国的制度优势充满信心……此时此刻更应该紧密团结在以川普总统为中间的联邦周围……
1451,普伦浦斯：本来想毒中国人的
1452,面朝大海0927：纽约可以独立了
1453,小明的2021奇遇：收到援助感谢归感谢，回头就准备拿中国医疗生产线开刀，国家什么时候能学学……
1454,黄世仁1969：科莫先生的《十万个为什么》
1455,雨天孤岛：这种反思会给全球产业链来个大洗牌
1456,Helen紫菜：看了那个帖子我无法直视这位州长了
1457,水连天之韵_78866：因为病毒攻击亚裔
1458,海的女儿201708：对于竞选总统这事，不要再说NO了
1459,Fred楠：怎么看这位州长都像好莱坞影星，和Al Pacino，De Niero一个范儿啊
1460,共1条回复
1461,海海海海海绵叔叔：这个州长，感觉比特朗普有东西
1462,wzhupan：他讲的很对。试想，如果是我们当初口罩和防护服不足，自己又做不出来，只能高价和其他国家买，心里会多难受。
1463,共1条回复
1464,L肖晗：
1465,就一个素人：强调带口罩也是很重点的
1466,现实的社会现实的我0R：美国:桃花潭水深千尺， 塞尔维亚:不及汪伦送我情， 英国:两岸猿声啼不住， 中国:轻舟已过万重山
1467,安岗1987：因为你们美国只想动动嘴打个电话发个邮件就挣全世界人民的钱
1468,miniwitch：这位州长还是挺靠谱的。
1469,流浪狗欢喜：最该反思的是偏见，偏见导致迟钝。
1470,王wwwww凯：有点脑子，不愧是州长
1471,粕类要西：我也想问，我们街道为什么不生产医疗物资，不进行医疗研究。全球化意味着世界是个整体。以美国利益至上为准则，必然破产。
1472,久哥律师：转发微博
1473,刺客孟德：资本主义特别是美国，一直引以为傲的立国之本啥？自由。一条路走到黑，结果垄断横行，政府成为了资本家工具。自由是啥？就是自顾自。但我没钱啊？那…
1474,梨李栗2806：他算是看的远的了
1475,ChanXiong：一看到纽约州长我就想到ru钉
1476,三千幻月：为何不独立，与中国建交
1477,木易20200101：这个比老特靠谱，怎么不去竞选总统？起码有点慈悲心。
1478,共1条回复
1479,书法临写速成专家：美国不能生产任何价格低廉的产品，因为赔钱，因为美国人工费用太高。只有降低工资，平价住房，才能生产低廉产品。
1480,言卖黑土：糟糕这个州长有点聪明，怎么办，紧张了
1481,共1条回复
1482,魏蔚73：反思有用吗？中国制造便宜!
1483,金毛_饽饽：州长啊，你光是口才好吗？就思考出来这点东西？。我对你期望过高了。就这格局也就是个乡长水平，比你们那个村长水平的总统也没高哪去。
1484,TV哇哇：别，他们一反思就扔炸弹
1485,青蛙王子睡美人：我支持川仔连任
1486,Joywen09韩55080：思路清晰
1487,谁叫我是郭哥哥：兄弟，反思了也没用，资本家只看利润，没有几个有爱国情怀。
1488,老是唐森没有甜言蜜语的缩写：没有意识形态在作怪，中国的防疫物质早都堆满华尔街了。
1489,折翼虫：美国这一点很好，有危机意识，懂得深刻的反思
1490,我家的耕地良田在哪里：他很忧郁，悲伤！
1491,草民264138：人家反思，您反思了么，一曲胜利的颂歌
1492,Jaz128：如果美国真的开始反思了，那反思后的措施肯定是：切断全球产业链，把技术和生产都掌握在自己手里；同时，施压欧洲也做出同样的措施。呃，那就不好玩了.....
1493,共2条回复
1494,1号呆鹅头：反思是对的，如果口罩厂的员工也生病了，不如在安全的国家生产。
1495,qi__nzhi屏：没办法我们医疗技术太先进！但也杠不住没钱的病人！年纪大的、年纪太小的！所以资源要保证皇室成员和大小官员用！当然还有一些大老板！没办法这就是生活！最后，给大家一个忠告保持社交距离，勤洗手！！！
1496,共3条回复
1497,吾夷山人：人权呢？
1498,沈阳老徐哈哈哈：喔槽，你们天天标榜的人权哪，自由哇，只对别人喊，轮到自己就成了“功利性考量”了？别人是没人权，你们是“不得不”。真他妈的虚伪。
1499,褪色少女心MYL：老人惨了
1500,南京吉祥：公知来解释一下
1501,共2条回复
1502,夜猫子长痘了：从来没看到中国医生说放弃救哪位病人
1503,春华秋实之春秋：谁谁让你不是皇室贵族呢！这就是西方人生活方式，也是一些国内公知和跪族的所谓民主自由。
1504,冤魂886：至少不虚伪！
1505,崖不枯1230：可能这就是人生吧
1506,多妈麻：我们国家要是这么说得被西方双标狗喷s
1507,热搜旅行：我也是
1508,暴风aaaaaaaaaaaaaaaa：说好的群体免疫呢？
1509,春华秋实之春秋：西方人的丛林法则，死了为生物链做贡献，这就是生活。爱谁谁！！！
1510,春天的泥土_大地：🙏🙏🙏🙏
1511,咕噜咕噜bubbles呀：这就是他们的自由民主人权
1512,水连天之韵_78866：凭什么呢？哪个该死呢？搞个反人类的群体免疫，现在要人为这个愚蠢买单。
1513,墨离殇_xmc：这个生存几率谁说了算呢？
1514,拥有的侥幸失去的人生：来了来了
1515,v爱v美喜欢对A双王：nmd，你们西方政客害死人
1516,袅绕半支烟：方方这个年纪的，英国直接拔呼吸机？
1517,一个人de兵荒马乱：解放军一士兵再金门走丢～
1518,夕阳下的金胡杨：天天标榜人权卫士，就是到现在也要干涉中国内政，未来那1.5万小留学生有多少成为反华反中份子，成了西方的代言人
1519,她栖半草：整个欧洲都弥漫着小时候吃苹果的抉择：是先挑已经烂的吃，还是先捡好的来
1520,微寻百年：理性和人性的较量
1521,佐匹克：放中国公知！！
1522,春风好个秋：每一粒尘埃，落到个人头上都是一座大山！每一个冰冷的数字后面都是一个生命！大英帝国，人民不需要您的军舰和高楼，停下脚步等等你的人民吧！
1523,好无聊的鳄鱼：有钱的先救，没钱的 听天由命吧
1524,冰雨49481502：方方出来解释一下
1525,一把阳光777：又严重践踏人权！
1526,白成金201403：呵呵
1527,乌拉拉拉氏冰冰：早这样，也不至于，，，，当初笑话别人，现在呢？生死面前玩笑开不得哦，，，
1528,乌拉拉拉氏冰冰：回复@Destiny2050:是的，文化差异造成的没办法！自以为是，顽固不化，，，，
1529,共3条回复
1530,倒放：这样才是最安全的！
1531,我也不晓得取哪样网名：美国不召唤复仇者联盟拯救世界吗？
1532,NSA4587：现实中可没有复联
1533,奥八顿：回复@NSA4587:现实中有懂王
1534,猪七戒Vi：怪谁了，自己作的
1535,JH董帅：热闹繁华的伦敦变得萧条了，这是西方的失误所致。希望这次疫情为欧洲带来警示，消除自身的优越感，真心为百姓办事！
1536,阿鱼的姨：怪谁呢，当初自己不知道重视，现在我们国内可热闹了
1537,德拉贡诺夫2011：国内现在挺热闹的
1538,·循跡星·：没人敢出去…
1539,好样走着：早重视的话   又怎么牺牲那么多人   保佑一线医护人员   平安度过每一天
1540,its昭歌：期待全世界胜利
1541,张登峰48451：
1542,李易峰女朋友0504：愿世界平安
1543,芋泥Pai_：都加油吧
1544,小雅在线Yakecci：还是命重要
1545,日照松暖：疫苗快出来
1546,水中鱼恋歌1981：还是祖国最好
1547,奥八顿：当初对中国的嘲讽讥笑咒骂都变成了现世报
1548,是我是我啊_：外星文明观测到了这一天的地球 发现地球上没有高等智慧生物 从而放弃了进攻地球的打算
1549,喜欢流浪那种感觉：世界静止了
1550,爱喝气泡水De冉冉仔：安静了
1551,Alice詠欣：真的觉得人类怎么占领破坏地球，后面就怎么被地球报复回来。保护环境吧！！！！
1552,国室2004：我们
1553,A快乐的小蜜蜂：同一世界，同一疫情，同样是阻断传染，防控疫情，结果大不相同。中国，是探索抗疫，全民投入，国家不惜一切代价救人；外国，是花样作死，各种不作为，照着抄的作业搞得一团乱…国外那些人干些正经事吧，好好投入到抗疫中去吧……
1554,明亮的眼睛2020：疫情之下，世界寂静得可以听到时钟的滴答声。
1555,陈基200501：！！
1556,狩猎菌：@Imenta-zjuter
1557,ladyqzuser56033：感谢伟大的祖国
1558,Miss_Neutrino：这老哥每一支表都不一样
1559,星梦之下的小吴：这样才是最 安全的了
1560,风与叶子hj：病毒不怕热带
1561,米兰事：南半球是夏天也没啥用
1562,米兰事：回复@吃面条123:问题是在非洲和东南亚也有大量传播，而且WHO的研究显示并没有证据证明该病毒会被高温天气杀死 这点与sars有很大不同
1563,共31条回复
1564,米兰事：南美洲的疫情也非常严重了 很多国家没啥消息只是因为试纸测试少/经济发展差-国际关注度不高，在那里的华人务必小心
1565,共5条回复
1566,米兰事：这个病毒不怕冷不怕热传播又强又诡异，大家千万不可掉以轻心，在国内也得注意卫生健康措施，小心防范
1567,共3条回复
1568,心和身体总有一个在路上111：厄瓜多尔没有死那么多人吧？
1569,米兰事：这个城市记录在案的1615例…没有记录的就真的不知道多少了 数据来源：安莎社
1570,米兰事：回复@心和身体总有一个在路上111:嗯嗯 这个新闻采信于意大利国家通讯社 只能说他们有这么写 估计还是大量的未统计，比如扔马路上的 不可能统计进去
1571,共9条回复
1572,JHRRPDK：小国家曝光少，信息不畅通，也许更严重。
1573,共1条回复
1574,晨光ai晨曦：啊，中国人应该感到自豪，幸好我的祖国是强大的
1575,共10条回复
1576,砂子就是砂子：突然间觉得人命如草芥，万幸我生活在以人为本的国度里
1577,共5条回复
1578,弓箭一发：😄《张思健明》論当今防“N C P”口罩😷 用熔喷布从早期的一万多YY在病毒疫情的感染下身价暴涨20多倍，人們难知道这熔喷布没人們说的那神奇作用只是节约成本生产的一种透气胶熔布在没药理作用干涉下益吸附蓄發病毒液的恒生真不如早期各类纤维更利于隔离病毒菌，很多意识被所谓现代科技误导😄
1579,共9条回复
1580,什么什么的糖：太可怕了……
1581,星语者：政委说，南美就是给国家治理模式提供反面教材的。
1582,--小小麦--：毕竟曾经是个人，太惨了
1583,火龙果豆腐：灾难早点过去吧 太惨了
1584,春华秋实夏蝉冬雪2020：做个中国人 真好！大家平安！家人都平安！祖国平安！
1585,我住长江尾123：我们国家或许也有这样那样的不足，但是对比西方所谓的民主及其他发展中国家，我们真的是生活的很幸福！珍惜吧！
1586,呛口得吧得：一条条鲜活的生命永远消失了，留下亲人无尽的思念，最后连一个告别仪式都没有，愿病毒早点退去，保佑人民健康
1587,妙颂九方：不那个是吧……
1588,yoyo我欣：太惨了
1589,趁着青春还在：曾经鲜活的生命现在同垃圾一样被处理，好悲哀啊！幸得我是中国人，有强大的祖国！
1590,Sweethe0：感谢身在中国
1591,amy5208187：好可怕呀，还是中国好！！！❤❤❤❤
1592,我可以我能行我要成功：南无阿弥陀佛🙏🙏🙏
1593,竹林20000：意大利超话新冠肺炎的疫苗还没研制出来，中医在中国抗疫中贡献很大。分享一个网站，里面告诉大家如何防治新冠肺炎。在意大利的留学生和华人朋友快来看看。world.zhongyi.com  病毒无情，分享有爱。#意大利#
1594,千年大佛塔：严防死守，严控输入。
1595,呼拉圈09_qyn：d
1596,七七-nn：再一次为身为中国人而骄傲
1597,热情的兔子0202：很无奈🙏🙏🙏
1598,地产之声___老安：我爱我的祖国
1599,可乐本乐XF：虽然听不懂，但是真的很难过。不知道自己可以做点什么，唯有祈祷🙏🏻 🙏🏻🙏🏻🙏🏻 希望政府能够组织民间捐款，我们也想尽一份力
1600,飘过海洋--小宣：太可怕了😱
1601,二兄不是二师兄：人间惨剧
1602,象素非雨：太可怕了
1603,世界太大太复杂：……惨
1604,雾织鹤川：好严重啊 愿平安
1605,贺东亮Shine：有这么多？
1606,三锅熏鱼-：我天。。。
1607,aw紫砂壶美女：天气变热了，病毒也适应了？！🙏🙏🙏🙏
1608,弓箭一发：回复@往大同-雨石 的表态:感谢理解社会需要正能量，抗击官僚权势院士专家庸医新闻媒体腐败，抗击一切危害人类社会生存的病毒疫情
1609,abbjhw_9869：死者安息
1610,可爱巴黎：
1611,心情小雨的天使：如果属实，应该大量的患者根本没有机会确诊，当地医疗资源已经崩溃。弄不好又是一个意大利西班牙。
1612,故事还行请别失望：逝者安息
1613,要留清白在人间L：不敢想象
1614,-J-A-M-：这种烧尸就不要播了，没意义。中国禁止不播放武汉的太平间情况，为什么又要播其他国家的太平间惨况呢？感觉乐了？
1615,我曾有一只小安胖：这方方日记会咋写呢
1616,耕云斋主人：炼狱
1617,天天76257：家人能愿意啊 我滴妈
1618,山楂卷卷项：太可怕了
1619,可能是虚度：🙏🙏
1620,木不识丁只识君：有没有翻译，太可怕了，真的太可怕了。唉
1621,不醒女：生化危机的感觉～
1622,小离nini：生在中国真好
1623,致瑜伽：灾难来临，何来高级动物之分
1624,容遥遥：这简直就是恐怖片！
1625,笃笃声ING：人间地狱，太惨了
1626,无空悟：太惨了，受不了
1627,神一样的女人不一般的孩纸：祈祷病毒快点过去吧。愿世界美好一点
1628,御萧封尘：。
1629,2006hanlulin369：看来高温也挡不住病毒啊
1630,巴啦啦能量呜呼拉呼难过消失：太不体面了当街被烧，但也没办法，唉
1631,Ahora-21：无意冒犯
1632,oceanlalalala：🙏🙏🙏
1633,观澜日记：天呐！！！！！！！！！这是人道主义灾难！！！！！！！！！
1634,steven-阿峰：非洲地区如果感染不知道死多少人   经济条件太差了
1635,曾澤湘記：這麼點燃料能燒乾淨，能不能烤熟都是問題。
1636,小倪师傅：哇！
1637,合金装备的微博：这是啥国家？？？？？？
1638,yimeng992008：太惨了，命如草芥，死了连一点尊严都没有🙏🙏🙏
1639,宁夏助力教育咨询有限公司：始终向英雄看起
1640,睡觉酱66：v八
1641,一个大逗B的日常：国外的空气好像突然就不香甜了呢
1642,鼎合景观：中国安全了，世界很危险，心情很复杂
1643,一只小诗诗呀：下意识的屏住呼吸，按紧口罩
1644,我是张宏香你还爱我吗：都他妈是被特朗普政府忽悠的后果
1645,吾日三省198：心脏爱不了
1646,赣南山农特产：好恐怖😱 恐怖
1647,吉祥如意33563：天哪……！太惨了，太可怕了
1648,天干地支合：想知道这些视频他们国家的人有没有禁止传播。我在中国都看不得这些。
1649,梦幻迷蝴蝶：太不可思议了！
1650,準妈瞎晃悠：转发微博
1651,火线戕士：野蛮人哈哈哈
1652,__哩麻麻：该怎么办呢
1653,玉台金盏：恐怖才刚开始
1654,啥都不懂囧斯诺：@Nibnat
1655,o我们找她们一起哭去o4RH：@霜叶  这个比周立波转发的全，是厄瓜多尔，南美洲的疫情比想象的严重啊
1656,酷酷旒芪灞：妈呀
1657,JiangLi_Hust：@白萌大人万万睡
1658,友人帐下的猫叔：疯了吗？都这样烧，大气会被破坏的更凶
1659,小马不是宝莉：真的叫横尸遍野了，太惨了
1660,乔巴er：自己编的！昨天看到的是放尸体吓唬人，今天就变当街焚烧了，垃圾博主
1661,高端私人定制羊绒衫986：我爱我国
1662,一公斤的固执：人间炼狱🙏🙏🙏🙏
1663,水似流星：小国根本无力抵御
1664,糖亖：🙏🙏🙏
1665,姜太公钓鱼3：世界大流行堪忧，由于各个国家的抗疫能力不同，这个国家缓解了，而另外国家还在肆虐，对消灭病毒不利，因此抗疫是全世界共同的事情。
1666,阿敏领先：太可怕了
1667,浙江霸主：不能找个角落烧了吗
1668,无为真人_80388：🙏
1669,吕WeiLe：这世界很疯狂
1670,小宇是猪猪侠：@SUPERNINO
1671,同志腐基基：生命好廉价，死了就像垃圾一样，说扔就扔，还随地乱扔。
1672,所有都被一笔带过：人间地狱
1673,小燕子321123：真是人间炼狱
1674,陈那个晨晨：感谢我的祖国，生在中国很幸运
1675,朴素的灰色：发这样的新闻，彰显的是帝国的仁慈
1676,妞妞儿_1027：泰国印度还不够热吗？对病毒没好大的影响，这个新冠病毒太可怕了
1677,SIDAI私黛郭琳：看着心里太难受了😣
1678,_荏苒冬春去_：还不戴口罩、厉害了👍🏻
1679,刘嘟嘟嘟嘟嘟水：事有多大，谣就能编多大
1680,九分不是十分：
1681,风木暖暖：心情很沉重，人类总归是斗不过大自然灾害，让我想起一部美剧行尸走肉，当时看的时候也心情复杂，人类到了那个地步好绝望，一边绝望一边还要努力活着！！现在的疫情虽然没有达到行尸走肉的世界，但是想想也是蛮可怕的
1682,煮字儿：太奇葩了，中国控制住反而国外流行起来了
1683,破线止损：乱套了
1684,阿丹-MichaelLi：惨目忍睹啊
1685,猫猫Q朵朵：比瘟疫还可怕
1686,薇儿灵灵：尸横遍地，让活着的亲人情何以堪！悲惨世界
1687,稽聃季：美国用流感隐瞒了新冠肺炎病毒，给地球人带来灾难！
1688,泰国dc-小威：这真是绝望，一点希望都没有。还好我是中国人。欧洲感觉无情一点钱比人重要
1689,吕天壹：@小可依凡
1690,俺最love的蜂蜜：怎么感觉人类是这个世界上多余的动物呢
1691,北冥有鱼炖着好吃：你没发代表人类，你只能代表你自己
1692,芋泥冲鸭：害，瞎说什么大实话
1693,共5条回复
1694,心理-汤汤：山羊：兄弟姐妹们，快来呀！人类总算把自己关起来啦！
1695,牵住_你的手1314：闻到了烤羊肉串的香味
1696,胡说树胡说蚊香蛙爱蚊香：醒醒 不能吃野味
1697,荷亭儿戏图：好漂亮呢
1698,DonverW：下山吃顿自助餐
1699,taodianle：突然觉得我们侵占了他们的领地
1700,AllenJ处于饥饿中：没有人类帮着剪毛的日子好好享受时光吧
1701,杜杜文军：地球不需要人类
1702,冷香流砂苑妧熠：这病毒，能去空气污染，能释放动物活动空间
1703,0南京南0：三天前的作业还抄
1704,世界末日女朋友WEG：@阅读表达
1705,飞来飞去的马甲1：房子再破烂一点，植物再高一点就是游戏里的末世
1706,Ecstasy_Sr：@林老粗-
1707,tangwandmiya：要一起，莫走散了
1708,呼啦啦Kris7：可可爱爱
1709,期待绽开灿烂微笑的努力苏：进城了
1710,吳妮儿-：@Wfor-Wicked-n-Hfor-Hustle 咩咩羊都跑出来了
1711,Wfor-Wicked-n-Hfor-Hustle：这个羊看起来好好吃
1712,共3条回复
1713,不老的七色光：关键是这些山羊在山上，怎么知道人类都不出来活动了？难道平时有专门盯梢人类的哨羊吗？
