,2020-05-04
0,世界惊人罪案推理探秘：动物们内心一致OS：人？——人呢？？？
1,不够优秀的lala：“物”以稀为贵
2,Carey-Yang：什么少了都觉得稀罕呗
3,可以戳你脸颊肉吗：：“寂...寂寞”
4,希望Kwok：纷纷以为自己失了宠
5,mickey20138：人是他们眼里的动物
6,LT_YU：老虎要吃人
7,蚌埠高会长：比方方们那些公知懂事：知道衣食父母得罪不起。
8,生活的希望生生不息：今天你对我爱答不理，明天让你高攀不起
9,清风挽月照长空：今天你爱搭不理，明天就没人看你。
10,折断的光波：大概饿了
11,W_W_333：这是饿的吧确定不是盯食物的眼神？
12,海猫茶屋的Hmiya：亲爱的观众朋友们，我想死你们啦。
13,_妄为y：@Leesy阳 猛盯着我
14,本人星池哥：@Qstrawberry爱健身
15,遍地鹅毛：//@世界惊人罪案推理探秘:动物们内心一致OS：人？——人呢？？？
16,iBingo：德国整得不错，无论是治愈率还是治愈人数，均高于其他西方国家
17,黄绿钻：表现优秀
18,一一语川：
19,澪音_：拼多多
20,27大米饭小米粥：拼的多，省的多。
21,安却不能静：拼着买不知道便不便宜
22,共18条回复
23,防守三秒违例：联邦本是同林鸟，疫情临头各自飞？
24,月下谈情三千里：不不不，郭杰瑞有个比喻不错，物业公司和物业经理
25,卫鹏飞一路难走：刚刚看到一个新闻说美国一个县，实际感染者是确诊的50//60倍，第一个死亡的人死于2月6日😓😓
26,共6条回复
27,正义的hhhh：东南互保？
28,丶長平翼大风：神助拳，基督团，只因美土闹肺炎。特没谱，真欺天，不敬先帝忘祖先。如不信，仔细看，川普眼睛俱白边。瘟神降，疫蔓延，全是川普止住天。兵法艺，都学全，要平疫乱不费难。州独立，联邦散，国会倒闭返邦联。大中国，心胆寒，俄国伊朗尽萧然。新冠毒，尽除完，大陆邦联靖江山。
29,SFWings：大清：这段我熟
30,共21条回复
31,MusicTay13：让美国各周打12315投诉热线，我们的有关部门会处理
32,例子赢：物资被特朗普发女婿发给私人公司拍卖了，咱12315鞭长莫及啊
33,共3条回复
34,闪电炸鱼丸：@拼多多 进来合作
35,龙腾暴疯宇：这个邮费不能免
36,共2条回复
37,春日部蜡批小新：联邦：我联我自己
38,Eternity1459：邦联gkd
39,共3条回复
40,月半月月以成缺：疫情后物资采购团顺势成立联合政府，自此新美国发生巨大历史变化，联邦政府被孤立！
41,海边有群鸭：一个国家需要要地方去拼单？原来资本主义的自由是这样的？
42,丶長平翼大风：不光国家制度的原因，还有历史渊源。美国我不好评价，中国自古以来兵灾、外敌入侵、天灾常有发生，而且这些灾害常常相伴相生，如果中央政府衰落，往往容易产生“瘟疫、饥荒等灾害——国家动荡——战争——灾害——国家动荡……”这样的死循环。所以历史决定中国需要强有力、高效的中央政府。
43,知名藏剑迷妹：联邦制国家这样不是很正常吗
44,共11条回复
45,吃可爱多长大的xiao可爱：美国七洲:在？帮我砍个价？
46,在新的激烈的风浪里：七个葫芦娃已合体，离全剧终还差两集
47,白PIAO人：拼多多？真香的百亿补贴了解一下
48,红铁UDT：挖槽，我卸载重装了不知道多少次了
49,共2条回复
50,伴梦盼起：这很美国🇺🇸
51,Ilovefun：这不就是物业和业主抢资源一样么？
52,第九放映厅：敢不敢报一下哄抬物价的那个人是谁
53,两个阿卡：拼多多，你值得拥有！
54,三山野客：联邦的权威下降的好快啊。这出戏我们看多次了吧。汉末剿黄巾放手地方，结果是军阀割据，国家分裂。唐剿黄巢，放手藩镇，导致藩镇割据，终究落了个十国并举。清末平太平天国，放手地方团练，庚子年东南互保。
55,风之救护车：是跟中国买吗？
56,最G琪迷：没用，被联邦发现就征用
57,我已经放弃起名字了：@拼多多 兄弟，来大单了
58,这边墙头更好站：川建国今日推特: They are sooo lucky that i am their president
59,可乐仔遇上可乐妹：美国就是一个神奇的国度
60,安迪的cc他超酷噢QwQ：拼多多～拼多多～拼着买更便宜
61,洛阳好市民：川建国这一届美帝政府是真没作为，甩锅第一名！
62,水若冰馨1982：最近特朗普有点消停啊，都不上热搜了
63,元固心：
64,Cat-Nichkhun：拼多多看多了，开始拼单了？？？
65,wangl111：哎，七零八乱
66,和空心：去哪里买啊
67,金色梯田：怎样把美国搞分裂就好了
68,L依然11111：这七个州，建议独立出来先
69,天蓝色的太阳城：去哪儿买？中国吗？
70,我家阿喵超重啦：7个州府手拉手，联邦政府你靠边走
71,营魄无离ty：联邦对外也开始邦联了？
72,龙鱼Rubert：联邦政府买来物资不是也要分发，吗，为啥都去抢，难道不给民主党州发
73,寂夜聆雨：哄抬物价的人难道是川普？
74,夏冰观海：😂纽约州长强力组团拼多多。感觉纽约州长还是有点领导能力//@27大米饭小米粥:拼的多，省的多。
75,萌萌的元元：他爸爸在纽约也做了很久的洲长、到了儿子做了肯定经验丰富的！纽约又出名、又有钱的！
76,Sunny角落·：拼多多了解一下啊买一送二或三很牛逼的
77,腾腾KRY：拼着买，中间不会被其他州偷
78,神秘人0818：说明这个州给特朗普的选票特少
79,迪迪99999：想到了拼多多
80,例子赢：美国腐败合法，太龌龊了
81,skitty777：嚯嚯嚯
82,龙眼树下：看成了拼多多
83,郑华俊13862：就这种毫无团结精神的国家敢来挑衅中国？ 还真不知道生死
84,HoWeIYu：拼着买更便宜
85,sinpertang：反正美元随便印就好
86,吃货_小豆包：联邦不是同林鸟，疫情临头它乱飞
87,NASA天文周边：抗疫无能特朗普
88,CATAS：哪7个州。说详细点。
89,ManchurianStar：美利坚版的“东南互保”？
90,斗战胜佛熏悟空：把链接发给我，我愿意帮你们砍一刀
91,小阳的宝：从哪拼的货？
92,你们也在这里：拼多多，拼多多，拼得多，优惠多………
93,不是三土是垚：既然如此，你们各州要不然直接单飘，单干
94,爱生余：拼多多拼多多，拼的多，赚得多
95,OreoOfPooh：还不是向中国采购咋没报道
96,爱肚疼的小刺猬：砍一刀
97,wgz栀子花：欢迎全球通过各种渠道来购买我们中国制造
98,吃曲奇冰淇凌的小老虎：动作快点，双五今天晚上开始抢满三百减三十，好好算好，怎么付款优惠最大零点守住了啊
99,股证财经资讯：联邦本是同林鸟，疫情临头各自飞！
100,风吹铃铛响叮噹：拼单？？？？？？一个需要整合全国资源来阻止的高感染性传染病弄到需要各自为政完了还要拼单活久见
101,真李寻欢：拼得多，省的多，老铁
102,羊扯蛋：5.5购物节？这个满减谁算一算？
103,晴雨风曰：#晴雨风说史#有没有大清国当年南方各省督抚达成的“东南互保”协议的味道？慈禧向十一国宣战后，两江、湖广、两广、闽浙、四川、铁路大臣、山东巡抚，即和各参战国达成协议，称东南互保。他们称皇室诏令是义和团“矫诏、乱命”。此举使清廷颜面扫地，革命势力得发展。#美国7州将拼单50亿美元医疗用品#
104,小吴今年发：拼得多，省得更多
105,AILaw一分钟美国法律：以纽约州为主导，与马萨诸塞州、特拉华州等一起建立一条区域性供应链，以供应口罩，防护服、以及测试检测用品和其他对抗疾病至关重要的设备。我翻译好了
106,只有七秒记忆的考拉：从哪儿采购？？？
107,草莓味的小小小盆友：拼得多省得多
108,温温温Sam：加州：真巧，又是你
109,henis：散装美国
110,诺巴：要有点志气，不卖给他！
111,亚丿：散装美国
112,臻蛮：转发微博
113,梅琳姐姐：同情他们
114,精品房老赵：为什么要帮，老是攻击中国这个制裁哪个制裁，商人拿不上钱，又该找政府了
115,折鸢尾兮寄所思：@拼多多 国际业务发展的这么好的嘛
116,最爱毛绒绒的小林林：Groupon确实好用
117,不记得了未来：感觉会被特朗普制裁
118,这条锦鲤有记性：@拼多多 @京喜 来生意了
119,往后余生此去经年：拼多多？
120,浅浅小乖：666
121,回龙观雷公：拼多多：邀请朋友砍价，呼吸机9.9元包邮
122,女王大人的外语教室：谁让你们的民众瞎选总统
123,打个锤子的策藏：拼夕夕么
124,何时才帅：贯彻落实自由的国度
125,钅建鸿：历史的车轮开始转动//@正义的hhhh:东南互保？
126,酱油小人儿：可以独立了。
127,钅建鸿：义乌人民接单啦哈哈哈
128,王汝红ww：😂 😂 😂 😂 😂 😂
129,半盏落寞：联邦政府眼睛一亮，准备好在港口埋伏一波。
130,OOOo怪：拼多多或成最大赢家
131,十姨饭太：拼单就用拼多多
132,侠客没有昵称：再加点油，搞出来一个新的政府
133,巧克力莫妮卡：这个联邦政府怎么感觉比我们以前封建社会的宗主国中央政府还差劲，我们宗主国好歹出了事还去罩着藩属国，你这个联邦政府压根就不管底下邦国（state）死活？
134,x糖炒栗子x：并 夕 夕
135,Predict-future：不能指望联邦白宫了
136,无忧哈尼：满9.9包邮
137,秀儿爱猫：拼多多打钱
138,倒放：特朗普：这不要钱啊？？
139,肉包专业喂饭一百年：你完了，你马上要上那个谁的推特了
140,iBingo：联邦本是同林鸟，大难临头各自飞。
141,秋三公子：特不靠谱，不微乎其微才奇怪呢吧
142,每日甜份：特朗普：你这糟糕的州长，还要我说多少遍
143,星座命理李-东水河南粉丝：特朗普：谎言
144,化小硕：特朗普已经很努力了，已经一百多万了，二百万也指日可待
145,小鸟真的超级可爱：这个州长是民主党的，川普是共和党的。他当然喷白宫了。党派日常互斗罢了，都不是好东西。川普要是换民主党，他马上给川普洗地。美国的体制就是这么荒唐。
146,狗千：有特朗普在 不微乎其微才奇怪呢吧
147,狗千：美利坚合众国 特朗普每一天
148,lorenleo：这就是美国的民主自由啊
149,歌帝梵桶装：人特朗普不是说了吗，要靠自己
150,lorenleo：美好的美国
151,HD不是铁憨憨：我第一次听说美国还有个白宫
152,邱啊求囚啊球：特朗普：你这糟糕的州长，还要我说多少遍
153,上官匀：特朗普:有就不错了，你还嫌少
154,一叶草A：特朗普为首的一些政客，内心是很愿意美国六十岁以上老人被新冠带走，还有那些无经济条件的穷人。特朗普说这就是命运
155,做了很久的朋友：特朗普：你闭嘴 你有我了解病毒吗？
156,如伴：trp及其政客们竞忙着四处甩锅了，哪里有功夫管你们（自家人）。。。
157,如伴：胡说，明明一直都都有在大力帮忙，只不过是在帮倒忙。
158,只喜欢我自己行不行：特朗普会不会再撤了他的职
159,神奇知识点：尽说大实话
160,叫我车儿：人特朗普不是说了吗，要靠自己
161,毛发医生徐鲁：医生都保护不了，患者怎么能得到救治
162,秀秀秀儿吖：营销号多到……我都不想看评论了，都是些什么妖魔鬼怪
163,执筆話情：这得归功于特朗普
164,未来的阿灯灯灯呀：特:你已经长大了，不需要依靠爸爸了
165,关二爷V：州长代表全美国人民发声，直接入住白宫吧
166,钱多多奥利给：特不靠谱
167,23-林同学：来请特朗普发表意见
168,LeBron-UZI：特朗普：你是我见过的最糟糕的州长
169,叫我车儿：白宫让人心寒
170,拒绝诱惑3点14：川普忙着甩锅打嘴炮，没工夫理你
171,再见未名海_665：如果任由蓬佩奥这种邪恶政客继续招摇撞骗，美利坚的“再次伟大”恐怕只能是个笑话！
172,丛刚-地产研究员：在全美各州疫情大爆发的情况下，各州只能各自为战了！
173,丢不了骄傲：我有一个糟糕的念头，疫情结束以后，美国会不会打起来
174,余梦Quella：特朗普：Fake news！你等着，我这就上推特骂你！
175,郭名霖-：白宫给了你一个良好的心态去面对疫情，这是最重要的
176,央柒_Oxygen：那确实是啊事实证明的滋味不太好受吧
177,宇宙英雄·奥特曼：万事要靠自己，千万不能靠建国，
178,非雨晓鹤：人特朗普不是说了吗，要靠自己
179,凯MrsL：老特：你这个糟糕的州长，我没钱了你又不是不知道
180,湘里胡同：全世界都知道，一个资本控制下的极端利己自私的联邦政府。
181,周周有糖啊：
182,一草一木迷雾清风：特朗普：等我发个推
183,念念不忘的回音谷：你怎么这么说我小可爱川普呢
184,武汉只有夏和冬两季：兵怂怂一个，将怂怂一窝，特朗普真的已经尽力了！
185,微雨燕双飞0108：各州自己靠自己吧，只要把民众生命放在第一位就是好州长！
186,元气森林-桃：瞎说什么大实话
187,瘦了28斤的小杨：特朗普：这里是你说实话的地方吗
188,棕榈君的备忘录：唉，真不像话。
189,Lydia的猫呢：白宫？特朗普不捣乱就万幸了
190,Ltof：靠自己吧
191,小五的故事199305：
192,山谷问道：没帮倒忙就算最大贡献了。。。。
193,橘子猫二：还指望特朗普帮上个啥忙
194,橙子奶盖-：
195,时光走我们留：胡说，注射消毒液的办法不是教你们了吗？自己不用怪我川建国喽？
196,在小狼星球上环绕：。
197,喜欢居老师的麦麦：你们可以独立了
198,Hello仙鹤：我有种预感，以后这个纽约州州长会对扭转美国局势起到关键性作用
199,我已经习惯了一个人了：他们每个州会不会因为抢资源打起来
200,蒋师德：特朗普：伊利的州归伊利管
201,海鲨朗天：哈哈哈哈没事，你们就和纽约州使劲哄抬呼吸机价格然后我们挣钱就vans了
202,小鹿爱国米：还不带口罩
203,阳好：一直用嘴抗疫。
204,"清风明月沁少年：fake news , thank you very much , now go ahead"
205,Allin敬媛：特朗普就像跟美国有仇一样
206,鹭岛_守望者：特朗普：只要我不添乱，就已经尽力了！你们这些糟糕的州长！
207,it精英阿迅：独立就完事啦
208,甜甜甜甜汤圆园：美利坚合众国 特不靠谱每一天
209,轩与月亮岛：你可真是个糟糕的州长，你就是不想让我连任！
210,混江龙木子俊：特朗普:你可真是个糟糕的州长
211,城头漫步：听说美国各州之间需要竞争购买医疗用品，我的下巴都要惊到地上了。。。
212,王汝红ww：😂 😂 😂 😂 😂 😂 😂 😂
213,DIAN嘿嘿：解体得了～！各种也应该为了自由而独立起来了～！起来不愿做奴隶的人们！
214,wcj_同学：特：我控制力数百万人没感染，微乎其微?你没被感染，不谢我反而污蔑我。dummy ，next  one
215,乖乖宝贝爱你永远：特朗普了：要什么帮助，注射消毒剂啊，笨蛋😂
216,桃花潭水神深千丈：啥也别说了，支持伊利诺伊州独立！！！
217,萌萌的宗师：奉劝你一句，考虑独立吧
218,愚人随缘XJ：各州宣布独立，反正总统也是个没准的流星。
219,头像懒得找：川建国：你可真是个糟糕的州长
220,行影or：特朗普：不作为是最大的作为
221,哈呕：大难临头各自飞？
222,洛杉矶的海：特朗普下台！！！
223,少年不言秋：你独立一下，再和中国建交，中国就能直接帮助你了啊，独立是次要，主要是想帮助你。
224,lumia---：我不是让你喝消毒水了吗？没用？不是撂倒几个嘛！
225,芸芸小白白：白宫不是给了很多帮助吗？特朗普准备重开体育赛事    放开禁足令    喝消毒药水    并且还侮辱中国
226,北國以北不再北：特朗普不是说过吗 要靠自己
227,丹艾堂：独立吧！
228,朱唇Tj：没帮倒忙就谢天谢地吧
229,恰似一块儿小酥肉：哈哈哈哈哈，我就知道评论会是这样
230,老白干炖地三鲜：@不剧透会死斯基 另一个“哥哥” 诶 都好难
231,多次拒绝韩商言：诶，国外再不好起来，很多厂的外贸难做
232,海离薇：转发微博
233,ZorpHYar丶：很明显，你不是一个称职的州长
234,东东大师兄：特朗普：你这糟糕的州长，还要我说多少遍
235,我是天心無我：愿爱充满地球人类团结.共创和谐.互助互爱.疫情消退.
236,焦糖芋泥-：你要挨批了
237,瓶中潮汐寄沧海：建议美国搞一下藩王割据，不然国生不完整，就不知道什么是八荣八耻
238,悸_Skingen：美国人民，加油……
239,司马平邦：伊利诺伊州的确诊病例在5月份肯定会超过中国的。
240,转行克拉克：主要是因为不可能全救，谁投我就救谁，资本家只看利弊
241,Leonia黎：我们都在过五四了，你们怎么还没控制住
242,姿视魅：白宫给了非常多的嘴炮，光打不响。
243,大龙村的小龙人：还不如不帮，送几个呼吸机还是坏的
244,打不倒的小机灵鬼：你这个糟糕的州长
245,UraCurrymasarata：转发微博
246,Jeff英语：🌺#词海拾珠#🌺 ¡评论配图
247,Jeff英语：🌺#词海拾珠#🌺  ⭐️fundamental economic  基本经济 ⭐️the types of products   可生产的产品类型；产品规格 ⭐️rationally   [ˈræʃnəli]  理性地；讲道理地 ⭐️mutually advantageous 互利，互惠；双赢， ~  division of labor  互利分工 ⭐️ division of labor  劳动力的分工
248,Jeff英语：⭐️split up  分裂，分离 ⭐️split  vt. 分离；使分离 💎全球供应链;global supply chain
249,doer英语学习：fundamental(n.)基本面，基础 division of labour分工 supply chain供应链
250,Miwa蜂蜜：Repost
251,蒙龙惠顺：转发微博
252,世界上最难的就是起昵称：
253,rlirli：转发微博
254,云起1234567：中国制造谁也抢不走了，这次疫情就看出来了，一些国家的民众，不能吃苦不能接受约束，怎么跟中国争基础制造业呢，他们不能加班，还要高工资，成本会太高
255,yjfight888：我国制造仍需努力，努力转型到高科技
256,C位出道的佛系锦鲤：中国三个月时间口罩单日产量从百万级迅速扩充到十亿级，欧美即使原来可以自给自足，能短期内极速扩充吗？
257,iBingo：羊：我以为人类灭绝了呢🐏
258,共7条回复
259,尼奇窝窝：蒙古给我们的羊迷路了？
260,共10条回复
261,牛华勇：我怎么闻到了一股浓浓的孜然味？
262,共4条回复
263,尼奇窝窝：羊出没
264,溅墨一生：聚众出行，我要把你们全逮捕了！
265,钓一颗流星：👴 的烤全羊有着落了？
266,紧到长不帅7157：人类消失的第n天
267,充电侠：羊🐏 🐏 🐏 生已经到达了巅峰！
268,黄金爱慕：外国的羊也是咩咩叫呀
269,共6条回复
270,Ha0fun9：咩啊！！
271,叫她师弟：满街尽是羊肉串
272,Luna-琳：一群羊到了一群狼中间
273,吃货十里故清欢：烤全羊特图
274,云上轻时光：可以拍电影了
275,RyUu_Ch：非常普通的鹿？
276,凱哥天天开心：好多喜羊羊
277,一月梅花鹿：羊过去后就剩下一地的羊💩
278,子云云_：密恐死了
279,咕荔咕噜爱吃的居居_Carrie：妈呀 晚上有点渗人… 感觉好像不是羊是…
280,小兔糖糖糖：额
281,jiajiade______：
282,310wen：快活的一群羊，
283,Juuunnnm：@pbh帕斯
284,凱哥天天开心：竟然聚聚？有健康码和通行证没有？
285,Master凯K：
286,翘屁嫩希希99：好壮观
287,C-_-C钵仔糕：@小食客v
288,浮云-SKY：咩
289,f7ckssex：@李秋洁-
290,成熟的小君1991：浪漫的土耳其
291,根正苗不红的小理子：可以抓来吃吗？？
292,s冯斯特洛夫斯基s：从来还没活着进城看看呢
293,七八个星天外zh：自己的城市街道都守不住，还说什么要收复漠北？！简直就是异想天开！
294,欧姆弥赛亚：土耳其人不会看到bq了吧哈哈哈
295,卫宫家的猫：烧烤摊呢！
296,金玉满堂幸福美满：🐏佳丽 ？
297,古拉格一日游：@英式没品笑话百科
298,MU·爱动的肉馅土包子：羊群道...人群道...
299,阿中哥哥反黑站：//@iBingo:羊：我以为人类灭绝了呢🐏
300,煮一壶呜呜呜呜：好多羊！
301,言子沙：密集恐惧症
302,孤男：额
303,a我是一朵小浪花：没人管了啊
304,一级抗抑选手：@jfyjcthscwww_喵 啊哈哈哈哈睡不着就出来数羊
305,老街彭于晏：羊：安拉胡阿克巴
306,林彦俊首席迷妹：失眠的人可以直接出来数羊 还带音效
307,请许我尘埃落定7：满街尽是羊肉串
308,共1条回复
309,949思邪：给我看困了
310,LU喵喵：想起一个很古老的赶羊游戏
311,I134340：压马路的主角都这么厉害了吗
312,找着瓜子的仓鼠：???
313,林时秦至：想起瓦良格，看到土耳其就来气
314,_思慕昔：哈哈
315,孟公子：扒羊臉，孜然羊肉，烤羊腿，烤全羊，羊肉串，羊雜湯，爆肚⋯⋯
316,一只单身汪666666：睡不着的还不到窗口来数羊
317,悲伤的石榴花：
318,半影半隐：是不是有人赶羊赶到马路上，听到有节奏的响声还有两只狗混在里面
319,一卦又一卦：下去随便一逮就是一只烤全羊啊
320,则卷云妮：小绵羊上马路
321,Veelexi_Salvatore：这是用来吓唬土耳其人？
322,是普哥哥啊：我仿佛闻到了浓郁的羊粪球的味道……
323,是普哥哥啊：领头羊：群羊们，看到了吧，我们做到了，我们攻占了城市
324,葱9酱：魔幻2020
325,胖胖的_大橙子：土耳其烤肉？
326,呼啦啦啦我呼啦啦啦：我以为拍电影呢…
327,可口百事百年好合：清炖，孜然，烤羊排，烤羊腿！羊杂汤！！
328,米兰旅拍胡勇：烤全羊
329,coulson同学-：羊大人來了
330,出太阳下雨下雪了：
331,-西-人生-若-只如-初见：没有牧羊犬吗
332,人间初阳：从今天开始，这个广场叫咩咩广场
333,心脏不好不要气我：@我的遺照會很美
334,不讲就的你：666
335,云漠yum：真壮观
336,love凯鹿cp：好看
337,徐金卓19081：壮观
338,拾忆海贝2016：。
339,米粒MM特爱吃：密集恐惧症
340,孙颖love：妈呀
341,婷_Ting1001：这是什么鬼
342,大高个小李子：打卡
343,JasonYang非同凡响：@Janner_Chua
344,明琪喵喵：@十六画生allen
345,梦回麦田918：这都什么操作呀？😳
346,神与爱永生_：昆明人有被内涵到
347,亲爱的小敏童鞋：快查一下 是不是蒙古给我们那批
348,六颗心给你：这让土耳其小伙怎么忍得住
349,PF彭菲：浪漫的土耳其
350,午时已a：我困了
351,一个小井儿：这羊粪不得拉一地啊
352,闹红一舸舫：羊迁徙了
353,小小的夕雾：这段新闻的描述比画面还精彩
354,triones2015：一直啃草坪
355,熊猫人516：快活得想小鹿
356,RHSEA-：所以是要地震了？？？
357,镜咩咩：好壮观！！软绵绵的想捉来养！！🐏🐑🐐
358,夏暖风扬：在我眼里，这都是行走的羊肉串。
359,蒹葭砂糖：咋了嘛
360,FLYING荷兰猪：寸草不生
361,大漠飞沙霜漫天：羊蝎子
362,你的朋友胡生生：@Dearman-
363,清补凉oa：羊球崛起
364,渔巷子：他们老婆跑出来了
365,Del1ght：看到往日繁华的闹市变成了这个样子，眼泪不争气的从嘴里流了出来
366,姚耀-爸爸1188：主的安排
367,冲鸭轩轩：也就国外的🐏敢这样，要是在广东跑一圈⭕，毛都不剩
368,好想吸奶茶_：.
369,天南地北热巴最美永爱农：很多羊啊
370,海上道明：绿化植物能吃吗？
371,一eye看到：吓一跳
372,红牌黄牌是墓碑：做个好梦😘⭐️⭐️⭐️
373,没低保的老头：土耳其男人纷纷勃起
374,若溪0685：好多羊肉串阿
375,陈不胖199412：土耳其的夜生活羊说了算？
376,绿豆蓉冰皮月饼：@Mubyss_D4C替换装
377,柚宝-：广东人出门斗殴
378,关二爷V：成都，成都，忘不了的只有你
379,喵美式咖啡：向一線醫護人員致敬，每一位都很了不起。
380,青聚锦官城：#新时代成都青少年特点大调研#
381,文锋200001：好样的
382,天外青山绿：好样的
383,记忆开心9：站在一线工作人员你们辛苦了
384,蛋白是一只猫：致敬白衣天使
385,kaixinjiujao：好样的
386,·夕枫：👍
387,自信不会错：好样
388,叶子晓丫头：当代英雄
389,爱我宸宸宝贝：😁
390,你眼中界世：加油加油
391,浸脉街lojpk：生活是一首美丽的诗，它书写着我们的梦，我们的童年；生活是一卷美丽的画，它表现着我们的爱，我们的青春。
392,拨雪寻春71529：加油
393,前面的路还很长带着：
394,前面的路还很长带着：
395,人生如梦亦如幻1980：天使逆行！！平凡伟大！！点赞……
396,清晰与糊涂：
397,逾期不候49454：有
398,kirin_05：每一代青年都有其独特的风采
399,DaChengZi丶：
400,-小虞跺跺脚-：
401,魏玉饭饭妈妈：
402,646768968媚肉生香：
403,随风而去随缘而至：👍👍👍
404,圈圈圆圆甜甜Winnie：
405,正直的辛夷：为他们骄傲
406,一布衣天子：这是这一代人的代表，也是这一代人的担当。
407,沉默wenshu_889：
408,smile80831：
409,太平山田娃：好样的，雄起了的！
410,第二13336453：好
411,起名不易通过：
412,马祖民6261121695：向英雄们致敬。祝：五，四青年节快乐！
413,沉默6477130327：456
414,银幻之辉：👍👍👍
415,圆圆圆圆妈1996：致敬可亲可爱的天使，祖国有你们真骄傲
416,小土2020：
417,肆我咩：晴
418,药师海荟生活馆代言人：最后300袋50%含量黄精芝麻丸，快下手
419,小丑就丑：。
420,余顺鹏12：加油，你们是最棒的
421,相州河：每一次历练，搏击风浪的总是砥柱中流。
422,阿从ac欧阳：新时代新风貌
423,思思头像馆ss：顶
424,童颜cp2019：#青春的逆行# #五四致敬战疫青年# 致敬！谢谢逆行者的无畏！感恩！谢谢英雄们的奉献！铭记！谢谢当代最可爱的人儿！
425,安颜_eus：似我
426,秋山嘉诚：拼的多省得多
427,薛丁谔ta喵：包邮不？
428,爱猫爱雪：拼拼团
429,---白驹过隙----：东部联盟
430,爱皮的古月羊：哈哈哈哈哈拼单有意思
431,_Seattledream：第一次看到拼单能这么用
432,廣東東莞銀行男籃隊babe：美東形勢嚴峻啊，希望快點好起來.
433,偷偷看一看微博：东北互保
434,羊儿咩咩ie：抱团取暖
435,南山有君子：果然
436,麦果酱儿：噗，
437,啥是5G：拼多多//@秋山嘉诚:拼的多省得多
438,兜兜转转lv：拼多多，该你上了
439,土豆艳子：我们不是叫团购么
440,晨语59749：美国版的拼多多
441,八月疯66：团购有优惠
442,糖糖0711：拼多多
443,魅相令人乱：人才
444,诗酒趁年华8049：团购！
445,梦里梦外_东：包邮哦，亲！
446,每日甜份：特朗普：你这糟糕的州长，还要我说多少遍
447,小鸟真的超级可爱：这个州长是民主党的，川普是共和党的。他当然喷白宫了。两个党派日常互咬罢了。包括纽约州长也是，党派互斗罢了，都不是好东西。
448,云南邝钥：民主党的州
449,共14条回复
450,最爱成宝拉：川普说.你行你来.你都不知道我多努力
451,我是会飞的胖子：川普马上发推特，这是谎言！
452,拥抱喧嚣的世界：你这句话，好像我在个关于某鲲的动图上看到过
453,共11条回复
454,式微胡不归mm：特朗普：你跟我杠上了是吧，是吧，是吧
455,wonsy2014：州长：不跟你杠，你会下台吗？
456,共8条回复
457,凯MrsL：老特：你这个糟糕的州长，我没钱了你又不是不知道
458,全是甜份：美国一骑绝尘啊……放以前，我以为是第三世界国家才会这样，思想跟不上时代了。
459,共5条回复
460,暗杀大师ABCDE：骗子在美国怎么生存？去白宫工作，怪不得美国失业率上去了，川皇牛逼
461,乾隆bo：特没普-蓬钢鬣:在这说什么大实话呢，你再说实话我们就要用猪屎把耳朵糊上，不听你念经
462,路遥866：猪做错了什么！！！
463,汪亚民：美国体制州是处理州内事务的主体！如果联邦变成全能的大政府了，这些州长没权了，还会说联邦违宪。
464,xiaohao72855：你这舔的角度清奇
465,共5条回复
466,邢卫刚宁夏：兄弟，啥都懂总统心里肯定偏着共和党的州呀！
467,辣叶摧秋：这白宫经验应该包括了注射消毒液杀灭病毒吧？！
468,猪七戒Vi：怎么会微乎其微，懂王前两天不是刚刚贡献了消毒水吗
469,晓灵XL：他们的医护人员连口罩都不戴
470,雪的香味daytoy：川川：你是不是不想干了
471,飞木回转：这评论，就好像是周襄王批评晋文公…
472,李滋博：别指望白宫了，多看看中国新闻不好吗
473,小百合123321：全世界都在看，一片掌声
474,颜值波浪姐：努力加油吧！！
475,幸福就快快乐乐：努力加油吧
476,电影版爱情公寓：别只报道民主党的呀，我要听共和党的州长说话！
477,忘了加糖的糖醋鱼：特朗普：你真是个糟糕的州长，都说了要靠你们自己了，我只负责当总统
478,wgz栀子花：白宫除了会甩锅中国，还会干点屁事
479,l陌浅歌l：特朗普：你真是个糟糕的州长，马上给我选个新的出来
480,渔夫2547：中国12月出现疫情后瞒报掩盖，训诫李文亮，电视批斗8个吹哨人，1月18号武汉还在傻乎乎的办万家宴。吹牛逼说不会人传人，传染力不强，可防可控。外交部还谴责人家美国提高中国旅行警告，最后搞得全世界死几十万人，现在来挖苦讽刺人家，真行呀你们。
481,suhwi08：特朗普：我的强项是撒谎甩锅和吹牛🐮
482,终此一生不改初心：肯定民主党州长，哈哈哈
483,幽室墨香：这是假新闻  这些糟糕的媒体
484,符禧熙：特朗普：你是个糟糕的人，小心我发推特骂你
485,甘卡卡：川普：你们的事自己搞定，我可不是你们的订货员
486,暖男Ethan的女神：川建国：要懂得感恩
487,三山野客：消毒液内服也没有用？
488,拳打美狗脚踩舔日：不是说几十亿美金砸下去吗？，难道特朗普又诈骗了？？？
489,枇杷梗qd：老美这个国家就是咬的文化，床破咬中国、民主党、欧洲、民主党州长……，民主党州长咬床破……大概就是这样，基本都是甩锅模式。
490,Wnai1968：特狼婆：逢屁噢死出来，逢屁污禽：不关我，瓮尸管的；瓮尸：都给了，执行是你女婿。。。
491,幽径竹影：闭嘴，你这个糟糕的州长，谁让你选我当总统，十一月别选我
492,kanyiz：？得换州长了
493,小阿美你是否有很多问号：心疼，可怜，加油
494,GN我最才：不要相信白眼袋的男人👨
495,-AEXL-：川普:
496,Coco小仙女吖：努力加油吧
497,亾類哋夲能：你们懂什么！我已经在研究疫苗了！
498,炒菜小哥：回复@每日甜份:他俩本来也就不是一个阵营的。
499,炒菜小哥：回复@幽径竹影:伊利诺伊州是民主党的，也不会选共和党做主人！
500,我是大寒寒哟：联邦制度，自己的事情自己扛吧
501,小鸟真的超级可爱：这个州长是民主党的，川普是共和党的。他当然喷白宫了。两个党派日常互咬罢了。
502,PG_Clown：假新闻 下一条🐶
503,知方能行：忙着甩锅中国呢！我还有空理你？？？
504,大俗小号：妄议中央的行为不值得宣扬啊
505,青红出鞘丨灬：没完没了  这是一场自由和新冠的战斗   显然   新冠厉害一点
506,忧郁的咪星人：感谢博主
507,九朵姬百合：不管哪个党，这个州长说的就是事实。
508,今未明：各洲各自为政
509,玉楼金阙慵归去1：fake news警告
510,吃西瓜不吐皮1234：你们为什么要骂川普，你不知道我们家川普👴👴有多努力。
511,托马斯·Wang：特朗普:不知道感恩的东西，真是个糟糕的州长☞
512,西门吹空调210：伊利奶粉州长
513,Seventeenzi：别跟个小可爱一样好吗？
514,爱笑女孩girl：特朗普: 只有我连任了，才能拯救你们。
515,有你共鸣1：特朗普:你不要那么诚实可以吗
516,灵魂Dj张海参大觉皇：特：你行你上啊，你们见不到我的努力吗？我还是个孩子你们就不能放过我？
517,鼻整形科普：也许这次过来，我们会互相加深印象！
518,艾斯特庄男爵：白宫里住的那就一老年痴呆患者。要啥自行车
519,jasmine201769：一帮不懂联邦制的人就别跟着瞎起哄了，州长不等于我国的省长。
520,带带小安排：微博议论国际新闻 真是有够讽刺得呢
521,转眼过去的七年：感谢博主
522,浮沉7417005528：注射消毒液的办法不好吗
523,小百合123321：又拿一句话作文章敢说，我们也敢
524,E改个名字吧w：我猜你是民主党
525,咿茉：疯王：你们说的都是无耻的谎言
526,中流砥柱圆梦：美国政府及特朗普的作为是甩锅，对民众的生命表现的极不负责，动不动就说死三万多，六万多，如今感染人数已超百万。他缺少向全部美国民众的交代。
527,Jessie20188：转发微博
528,是米米菌呢：一盘散沙，换做古代的谋士，早就把米国灭亡了
529,檀香的美丽人生：转发微博
530,机圈男孩：加油吧，快点好起来，希望疫情不要反复
531,JH董帅：疫情不停止，口罩不摘下！
532,芝士碎啊：很好啊韩国疫情控制的不错了
533,我不再改昵称了：现在的微博评论都成啥了不仅是舆论垃圾场了（至少还是活人），还是憨批营销号、黄色账号集中地……吐了
534,K不k不k不k：原来还是黄色账号多……最近莫名赌博也特别多……越来越乱……
535,喝酒之后轰炸美国：回复@K不k不k不k:人闲下来了，就容易搞黄赌毒，呆在家久了少活动，心态就容易不好，脾气差吵架，网上抬杠，各种。所以疫情期间黄赌是可以预见的变多的
536,冬立原：全球都要有再次抗“疫”的准备！防护用品备足，消杀工作做好，个人卫生保持。该讲究的要到位，防控检测常态化，拟定行之有效地预防公共卫生突发事件应急措施。
537,仰视而来32：这日子真的没法过了
538,望云骓决波騟：回复@乔米米32:不能光靠我们一个国家，只有他们也做好了，才能彻底控制，现在最难搞的是美国
539,最爱成宝拉：防患于未然.希望有作用
540,一只有梦想的喵：加油吧，快点好起来，希望疫情不要反复
541,共3条回复
542,eagle21g：这个态度决定了积极的行动也有效控制了疫情。
543,95最亮的那颗星：今年秋天啊……好快的
544,艾伦与姬秋丽：秋冬反复我可不行了…
545,华板鞋2016Yu：办法总比困难多
546,风吖丫丫：韩国做的不错
547,UraCurrymasarata：转发微博
548,爱吃蔬菜的应同学：差点以为是权志龙
549,宝藏女孩妮酱：哈哈哈哈哈哈哈
550,从前从前有个人爱你很久nice：我看更像李光洙
551,共5条回复
552,东边一树96905：加油！
553,麦麦自心：不管什么体制，负责任的政府才是王道
554,Sissel郭：韩国这个挺好的
555,兰亭逝：所以说东亚政治还是适合强政府
556,Julia3103：他也从来没有离开过啊，何来反复之说？[皱眉]
557,youmaystopnow：因为最近韩国本土病例清零了
558,共7条回复
559,颜晓依：占个位置
560,HSEIDMYON：看到运营两个字我吓得还以为是n号房又怎么了 赶紧好起来吧
561,龙腾暴疯宇：可以的，韩国政府和医疗系统一直在做实事。加油！
562,芥舟一叶：@我以后就叫瓜子皮了
563,我以后就叫瓜子皮了：回复@芥舟一叶:下半年很重要的 必须抓紧毕业 不能拖的
564,共4条回复
565,奶味脆面-：哎一古
566,我的负能量小号0517：神奇。。。你们是没有发热门诊吗？呼吸道专门通道不就是我们这里的发热门诊吗？
567,快乐是属于别人的-：发热门诊？
568,PacemakerBae：加油！！！
569,Supersuper梦想家：优秀的韩国
570,KyrieTime：国内也可以
571,痕迹不留影：国内早就有发热门诊了
572,方程算不尽我对你的爱：这个办法挺好挺不错的。毕竟秋季冬季的时候病毒可能会卷土重来，早做预算挺好的。
573,Mr_A的游戏：跟我们的发热门诊有什么区别？
574,猫猫大拿20110：就像咱们的发热门诊
575,针线森活：@针线森活: 我就搞不懂！我们最严重的时候人家韩国没有封我们吧！现在我们控制住了，韩国也控制住了！输入病例没有一个是韩国输入，我们却把人家韩国给封了！个个当官的怕多事丢乌纱帽！这封国一刀切何时能停！？跨境订单2个月挂零了！7月之前不解封只能关门开员工了！
576,gracequinn：国内也可以提早规划了
577,小向走走停停的风景：中国也要注意秋季冬季反弹，特别是高校流动起来后
578,rjhit：啧，热评底下这么多h号不管管吗。
579,差不多先生黎：东亚国家普遍做的蛮好的
580,brooklynair：@YY杨阿
581,YY杨阿：🌙
582,MENG-TIME：发热门诊
583,来去之间疯疯癫癫：支持。[冰雪奇缘雪宝]
584,已经没有名字可以用了啊：今年一整年“口罩😷，酒精喷雾，洗手液”囤囤囤
585,自重a：加油呀很棒啊 防患于未然
586,一瓣臭榴莲：@三干哥 真是厉害了
587,华南机械制造：思密达恢复的还是蛮快的，就喜欢看美国佬死一大波
588,TOEFL杀手：感觉中韩最近关系不错啊
589,狂野塞伦盖蒂：邪教传销在韩国横行，而中国在海关边检拿着放大镜缉拿这种外国人，人文环境决定了关系不可能太好……
590,May-XVI：你去韩国举个牌子，上面写我是中国人，你看有多少人扔鸡蛋给你
591,共4条回复
592,饿猫Orange：好希望病毒快点消失啊，夏天带口罩也太热了
593,小脑斧的饲养员tata：希望这个疫情赶紧过去，太难了
594,实体泡夫：发热门诊
595,东倒与西歪osh：快点好起来
596,TikTok24Hours：守株待兔
597,忧郁的咪星人：蟹蟹分享
598,我是真任真：什么破新闻，韩国买热搜这么勤快，才几个回复就能上热搜，吃相太难看
599,Qzzzz_916：学了个词哪哪都用是吧
600,共2条回复
601,魏承慕7：远见卓识
602,爱慕刘鹤2号：国有化改造
603,心如冰WJF：这个可以
604,Dracarystormieeee：可以抄作业了
605,Dracarystormieeee：天呐不要给我科普了这两者是不一样的
606,我叫大魔王哈：咱们大小医院都有发热门诊
607,共3条回复
608,基德莱滚希：哎好几个国家的医生都这么认为，看来是真的了
609,1q56666：我们也要早做准备了！！！加油！！！
610,松果子-：文在寅确实有能力
611,_ZOUYuL：新浪整治一下吧，什么热搜里都有垃圾营销号我吐了
612,_ZOUYuL：真的还是在各大热搜里就不能长点心吗
613,憨憨二土豆：韩国这次控制得不错👍
614,河南高校开学再改名：韩国医疗水平真的高。
615,转眼过去的七年：围观ing
616,海之声886：
617,yaoyao786625420：加油吧！
618,甜味奶昔·七穗：加油！
619,jxljm_1998：警惕疫情反复！#韩国政府将运营呼吸道专门诊疗所#//@南昌西湖区发布: 转
620,睡不醒的阿鏡：@幸福肥也不可以
621,黄仲新：为之于未有。
622,胡芳芳LucyHu：【警惕疫情反复！#韩国政府将运营呼吸道专门诊疗所#】#关注新冠肺炎# 韩国政府认为，新冠疫情或在今年秋天、冬天再次流行，正为其长期化做准备。5月4日，韩国政府决定，将运营1000处“呼吸道专门诊疗所”#职业体验师# #Lucy Hu的问答# #Lucy Hu#
623,萝莉隔壁老王家的女神1372：
624,天不遂人愿s：25岁的我因为胸小一直不敢谈男朋友，有没有不嫌弃的认识一下？
625,倒放：特朗普：你这个糟糕的州长，瞎说什么大实话？
626,乔二JK：特朗普  你真是一个糟糕的人
627,步1步2高3：独立吧，阿门
628,高尼酱：说了实话
629,蓝莓兔：你以为这是在dg
630,老粉红要当网评员：妄议中央！抓！
631,张颐武：可参考，现在情况还是不理想，各方都有压力，都比较急了。
632,LLLLS名字好难取啊：还真敢说。
633,聋不怕雷：白宫就一帮只认钱不认人的老板
634,保护我方忻忻：特朗普也没啥用
635,噗噗小姐Alisa：实话 点个赞
636,苏打鸡ooo：希望章莹颖代表我们去复仇吧
637,V你的唯一：说的很真实   确实没用
638,Stock环球之旅：净说大实话
639,睡觉真他么舒服：改成公共厕所吧
640,KIKI只想当米虫：你们自己选的领导人啊
641,戏如人生0417：这就是我们的制度优势——道路自信
642,天若渊河：胡佛第二嘛，正常操作。
643,懿-ALBERT：说重点，白宫没啥用
644,幸福20170102：不靠谱说现在全力甩锅给中国，哪有时间去管新冠病毒，你真是个糟糕的人，净说大实话
645,车海茶翁：那就分家吧！
646,如伴：除了嘴炮，确实没啥用。
647,牛牛贾牛牛：消毒液警告
648,拜仁巴黎无脑大：应该是民主党的吧
649,丨5018丨：国内一方有难八方支援，美国各州在抢资源
650,-杰克船长的大副：这老哥真的是会说实话
651,彦清清2013：白宫没啥用，都是一些废人。
652,胡杨泪滴：川普：查一下，把他开了！
653,金陵未醉人：美国总统有权撤职州长吗？是不是也会换这个？
654,道理不深言语多：也不能说没啥用，帮忙的时候没用，捣乱的时候作用大得很！
655,沉睡的梦貘：民主党州长，共和党总统肯定不管喽
656,田园-wind0ty：我伊州我加州...希望在那边的各位都安好🙏
657,知其然还要知其所以然：美国本来就不需要联邦政府，不需要联邦总统。大家散了吧。
658,爱啦爱咯爱吧：特朗普：真想不到你这么坏！你说的都是谎言！现在我要给你起外号，今后你叫谎言州长。
659,老吴_WZX：这就是人生，大兄弟
660,无奈潇湘：你这个州长没有前途  不会成功……
661,MTS33890906：你们都多余选个总统出来。瞎耽误工夫。
662,黑色的小贝壳：虚伪的美国人权。让患病老人自生自灭，如此漠视生命，这就是西方的民主文明吗？
663,Churck-牙医杨奥：特朗普：fake news
664,Orca777：伊州州长还是挺不错的。3月21号就颁布了居家令，最近已经延长到5月30号。可惜芝加哥还是爆了...
665,司机兔咖啡：老胡，这是帮川普甩锅，白宫没用，那不是跟川普无关喽
666,种地人农夫：说真话的已经被干掉了，你要自保啊！
667,燕华善菊：在中国发生的事情，在美国有发生的可能，反之亦然
668,天翔线切割：没有用，还不独立？
669,我吃肉不算浪费我能胖：几个州竞争医疗用品，没问题啊，自由市场资本竞争，不对吗？你们是资本主义啊。
670,吃着咸菜关心国际大事：他们的政府不光满世界诈捐
671,LegenDiamond：拿起你们的武器
672,3Uncle三叔：美版“前苏联”。希望早点解体！
673,最G琪迷：拖3个月了
674,虤小喵：美国开始分裂了吗？
675,深山渔民888：特朗普：你这州长当得太糟糕了，本总统不是提倡了消毒水体内杀病毒吗？是你们自己不遵照执行，怎么能怪罪白宫政府呢？
676,Z_DH：支持独立
677,浮云-SKY：散了吧
678,轻松愉快888：除了甩锅其他什么也没做，然而甩锅并不能抵抗疫情
679,幻鬼师：白宫不为民做主.不如..
680,caigen1211：有用，只不过是反作用！！
681,西西一一一莫言：解散白宫
682,沿着旧大陆找不到新地图：满脸写着无奈
683,好事坏事都成往事：支持州长领导你的人民争取自由
684,老闫家的小个人：特朗普：别这样说，不然美国会发现没有我也可以运转，甚至运转的更好
685,齐昌客：特朗普不甩锅给各州就不错了
686,nghsio：比钱多比见识当然Pritzker胜出啦
687,邯郸Miller：地方敢不服从联邦
688,闲眼看西山：除了嘴炮，确实没啥用。
689,阿旭今天吃瓜了吗：特朗普：你这个糟糕的州长
690,南城老男孩：如果这位州长说的是真心话，那祝你早日独立！我会漂洋过海给你点赞
691,710302ooo：消毒液不好用吗
692,风云变幻小小尘：其实你也没啥用。美国哪一个州控制住啦？欧美各国（包括俄罗斯）哪一国控制住啦？目前为止，不是全部都没有控制住嘛！
693,愤怒的丹尼斯：忙竞选呢，人命这种小事就先放放
694,老杂货商：时代在召唤，这州想独立
695,火星航母：不靠谱:我从来只动嘴，不动手
696,老翁200007：民主党的！
697,0558朗月晴空：美国的民主政治在防控疫情的过程中，丝毫看不到优越性在哪！两党之间不停的在互相指责，推诿，扯皮和甩锅。
698,yug66483：正直的人
699,外向的哥：美国新冠病毒肺炎疫情防疫，伊利诺伊州州长说出了心里话，大实话。美国联邦政府没有发挥什么作用，瞎指挥。
700,奶鹄猫岳：就知道帅锅中国
701,茶亦醉人peace：最起码他们敢说
702,"破碎的影子2020：#阅文集团新合同被指霸道#  #阅文作者合同大改#  #阅文,你的良心不会痛吗#  我并不知道这次还会不会被删。 但我知道，我是不会放弃的！！ 为了网文作家们的尊严！！！"
703,业余之声：拿起你们手里的枪，推翻无能腐败的政府独立吧～“人权大于主权”！
704,浣泥兔：过分的诚实
705,小茁妹妹学英语：感觉好痛 希望早日没有疫情
706,随风飘的卫生纸：医生辛苦了，患者受罪了！
707,Jeff英语：🌺#词海拾珠#🌺  ⭐️swab  n.用拭子对（人体）化验标本的采集 ⭐️constant 不断的；重复的 ⭐️nonstop  不休息地，不停地 ⭐️peak  顶峰；高峰 ⭐️daily  adv.每日；天天
708,Jeff英语：🌺#词海拾珠#🌺 ¡评论配图
709,关二爷V：雪山峰顶的雪莲花
710,doer英语学习：nonstop不停地
711,先生侬贵姓：最美的人
712,狐狸小姐-Latte：致敬医生，你们辛苦啦！
713,传伞不准拍照没人：真这么玩？！（我年初大概1月15号的时候被医生怀疑过是甲流，采集过一次咽拭子，它只写了咽拭子，在口腔咽喉处刮了几下，真没想到鼻咽拭子会这么吓人，关键是看着就疼）
714,Robinson-8：发明一个微型机器人完成这项工作。
715,纳岁人：这个世界没有刀枪不入的超级英雄，只有战胜内心恐惧做出伟大行动的凡人勇者#五四致敬战役青年#
716,威琳翻译：每天转发正能量，让世界减少戾气
717,别忘了勇敢和坚强：致敬
718,SerendipityGio：转发微博
719,萝莉控先有雅：辛苦了
720,只是燕七：感觉好可怕
721,Meowwwww小太阳：nice
722,妹妹今年能发paper吗：特别感谢他们做了这么重要的工作，码！
723,萝北县偷孩子的人渣赵：很深很难受
724,可颂de贝：
725,看到我请催我去码论文：@45韇仰望
726,还要考虑历史的进程：@人好没劲哦
727,帅呆杨：@热带雨林的鹦鹉
728,Tesz：想想韩国的停车场Drive Through方式真的是及保护医护又保护被检测人。这种进院检测还是会有交叉感染的。应该改进。//@来去之间: 可以想象这个团队当时的压力🙏🙏
729,快乐的张斗斗：看似简单，做好真不容易！辛苦了！致敬！
730,晓梁同学_：就像排雷手
731,C122Bh213：@peanut201
732,稀饭036：
733,YiBo的妞妞呀：青春万岁，不负韶华
734,玥儿宝呗：致敬最美逆行者，感恩
735,馨馨就是彩虹糖吖：致敬，你们辛苦了
736,一绘：无奋斗，不青春！致敬！
737,一把香菜喂了猪：致敬，你们辛苦了
738,朶蕾咪DoReMi：致敬，你们辛苦了，感谢🙏
739,萌妹纸恬恬：致敬！
740,想吃糖糖的啵：致敬
741,默默的豹豹不想说话：青春是奋斗，是坚持，是爱
742,与您共享源远流长的茶文化：青春不在年华，全在心境。那些对生活充满热爱的人，永远正值青春！今天是五四青年节，希望我们每个人都能成为真正的“青年”。 愿你坚持独立思考；愿你不在意他人评价，做自己认为对的事；愿你听从你心、爱你所爱，行你所行；愿你永远都是年青的模样！节日快乐！
743,守护下三白：致敬
744,洛阳金猪：致敬
745,rainbow彩虹公主：青春由磨砺而出彩，因奋斗而升华！
746,需要补充维生素abcde：致敬青春！
747,某年某月某天某人oooo：致敬最美逆行者，感恩
748,热门的小猫咪：青春真好
749,-月亮就很甜：致敬
750,九块芝士：致敬最美逆行者
751,冬月藏源晕晕：致敬
752,小敏要过护考：致敬最美逆行者
753,是乖曦呀：致敬❤
754,茯雨爱甜甜的奶膘：你们辛苦了
755,伊家俩宝贝2015：出彩青春，无畏前行，致敬前线英雄
756,小野十元：
757,三少爷想改名字：致敬亲春！青春万岁！
758,大白兔奶烊3：致敬
759,啵啵起立：致敬
760,来日方长幸福就好：致敬这些美丽而勇敢的逆行者
761,一菟小可：致敬青春，奋斗正当时！
762,就是想换个名字-：真的真的辛苦了
763,JaneEvelyn：用青春书写最美的人生
764,渝州日落_：致敬
765,刘琴zz：出彩青春，无畏前行！
766,一晌贪欢的bamboo：致敬最美的逆行者们！你们辛苦啦！
767,囂北：这样的青春真的很棒！！！
768,·夏日雾源·：致敬。
769,小羊哥哥的琳琳：致敬
770,--是风--：跟他们比起来，感觉自己好没用
771,天天向善不用学习：厉害，青春最美的人。愿你们每天平安！
772,王俊凯的漾漾：致敬！
773,叁森壹禾婚纱摄影工作室：致敬勇敢的逆行者
774,我的丸子头坠可爱：青春万岁！
775,Mrs陈木子：疫情来势汹汹，你们迎难而上，致敬最美的逆行者
776,iBingo：再不开学就高考了。
777,共78条回复
778,傻必：有的还没开学，有的却已经准备放假了
779,共29条回复
780,乾隆：寒假一直放到了夏天
781,共29条回复
782,我爱苹果zz：河北高校毕业班还没开学呢
783,共188条回复
784,冥王星关阿：武汉都开学了，黑龙江啊！你加油吧！我太难了
785,共53条回复
786,当下不染：河南高校毕业班还没有开学勒
787,共75条回复
788,刘莫呦呦：黑龙江高三还没有开学
789,共18条回复
790,爱说实话的一只猪：四川的大学也没有消息，一直说要开学了，一直没动静
791,共30条回复
792,佩棋段段：黑龙江还没开学，武汉都要开学了
793,共14条回复
794,羊儿咩咩ie：30天无新增，可以开学了
795,共6条回复
796,0711不打烊：我就想知道我的黑龙江该怎么办
797,共1条回复
798,yuri爱柿子：湖北，大学生，开不开，回答，懂？
799,共43条回复
800,焦hui：武汉都开学了，河北的大学还没有消息……
801,共14条回复
802,奶茶三分甜坠好喝：会好起来的
803,柚子先生的女朋友：小学生啥时候开学，无语子，冲个浪都是小学生，打游戏还是小学生
804,共1条回复
805,园园DAYTOY：湖北的！！湖北的教育机构什么时候可以开学！！？通知也不下，这是不管了吗？？很多艺术生不能去教育机构回学校也跟不上，我们只在省内市内流动 为什么不能跟学校同步开学！！还有学校要盈利所以乱收费的霸王条款管一下吧
806,共7条回复
807,JJJennifer__：武汉高校毕业生希望可以提上日程
808,不穿袜子的二傻子：高二呢高二呢
809,共39条回复
810,-今天小雨转晴-：武汉都要开学了啊，黑龙江啊加油啊
811,Eenally：河北艺考生们呢！！文化机构还不开学！！！快抄作业！！！@河北新闻网
812,____ZingZing：大学应该不开学了 刚去学校上半个月放暑假了
813,赵耀华华：心疼今年的高三学子最后两个月努力加油吧
814,窗外在下着雨77：俩月后高考，时间太紧了，有的省份高三已经开学一个月了
815,共5条回复
816,感觉自己萌萌哒的嘛：河北的初三5.7开学
817,闪光皮皮鹏：线下高考冲刺辅导机构啥时候开学
818,共3条回复
819,原原原味三分甜：加油！！！！！！
820,小杨记得开心啊：准备着
821,为什么是猪a：吉林省蛟河市村医2020年公卫经费到现在五月份了一分没发 所说的扶贫补助 疫情期间补助更是见都没见过
822,共1条回复
823,芮先生的小可爱：会越来越好的，加油
824,温驯怪兽：武汉已经恢复正常，武汉应该是现在中国最安全的城市，早一点开学是可以的，无可厚非。
825,桃之夭夭sy：黑龙江的我非常的开心，哈哈哈
826,宇宙的样子R：救救黑龙江吧?
827,萧莫兮：湖北是不是没有高校？！
828,BY_Zhnu：湖北的教育厅五一没有放假。
829,原来不是你的小可爱呀：加油！要考上心仪的大学啊
830,森小白5：所以初三什么时候开
831,你是哪种茉莉吖：大学 我的爷爷，大学生为啥还没任何通知啊，不开学也麻烦您告知一声啊！
832,Summer初夏遇见你：黑龙江加油！
833,Thebestone666：黑龙江还没定呢
834,矿泉水只喝怡宝呀：湖南大学生也还没开呢
835,共1条回复
836,一系情思_：我还有十几天就开学了
837,青梅枯萎12：河南高校开了个寂寞
838,七月1003：我们今天开学了
839,七月早晨里失了眠：啊啊啊啊啊武汉的大学呢康康大学康康大学
840,共2条回复
841,大明海怼怼：开学是大事不能耽误，但是最近出现了从武汉返乡又被确诊的，所以不要放松警惕，如有病例再次发生，不要瞒报，，谢谢
842,Xtidyo：湖北都有消息了，河北给个准信儿呀
843,波浪啵啵：加油加油加油加油加油加油加油加油加油加油加油加油加油加油加油加油加油加油加油加油
844,YYDAsen：河北高校毕业班还没个信呢
845,·星河满目：今年毕业，可能最后回学校的时候就是收拾行李滚蛋，没有毕业照没有毕业典礼了吗
846,1101HAPPYgirl：厉害咯
847,UraCurrymasarata：转发微博
848,干了这碗三鹿奶：黑龙江的高三还在家里面！！！
849,江油公安交警：#武汉高三年级5月6日统一开学# 武汉家长们期待的开学季，即将来临
850,丢小怂：是湖北
851,Irises6120：加油加油加油
852,姜岚昕：武汉高三年级5月6日统一开学
853,柚子先生的女朋友：大三呢
854,坤崽崽要好好长大：加油
855,IMey_：好突然，明天啊
856,心情积雨-：山东的大学也没有消息
857,小吴冲鸭1：会越来越好的
858,小陈小陈心想事成i：山东是要和湖北手拉手一起开吗
859,共1条回复
860,冬灵夏兴：图里是省实验 哈哈哈哈哈哈哈哈哈不错
861,共2条回复
862,原来是个披萨：不错
863,森小白5：高校什么时候开
864,漫天尘陌：再不开学，一去就要搬寝室去西苑了
865,帕罗西汀分汀：武汉不开学的话麻烦让我们分批回学校拿衣服啊！
866,灵魂画家2018：高校还开学吗？
867,日常-戒糖and失败：看看高校吧
868,六岁那年的雨夜：学子们加油
869,于扬2001：王者荣耀五五开黑节，还能再玩一天
870,堆堆是小林和阿信的小甜心：黑龙江啥时候开学啊 开学后多长时间能校外补课班能上学啊 艺术生要急哭了
871,甜片坠入星河：山东还在坚持
872,甜筒198203：提前一天通知吗
873,共3条回复
874,只羡温言不羡仙after_：主要是湖北有无症状的好吧，现在还在观察的六百多个呢，高三开学条件是要所有人做核酸，不是说没有确诊的就没事儿了好吗？高三初三肯定是要开的
875,拳打岷禁挡脚踢菜蝇蚊：广东高一还没开学嘞
876,宫妃非攻：都立夏了，而我们还在放着寒假
877,南炀与你：黑龙江呢
878,再看我我就打你哼：真好，放完五一假就开学
879,梦醒十分的朝阳：山东某一高三还未开学可怕
880,共4条回复
881,呼啸而过s：转发微博
882,呼啸而过s：武汉都开了，黑龙江还没开啊
883,吃笼包的龙：武汉都开学了，黑龙江的大学生还在苦苦等待孩子想开学啊
884,学号奉行：能不能……免了高三升大一的军训高三生的卑微……
885,西柚茶与橘猫：哈尔滨高三还没复课😂
886,端端和圈圈：恭喜
887,魏恒：好了，黑龙江15号估计都开不了
888,一只三元：快开学吧再不开学我都大四了
889,曾有孤影照惊鸿：加油加油🙏
890,月光宝盒222666：，武汉一千万长住人口，无症状感染者都找出来了吗？
891,跟我迴長安：武汉都开学了，大学生还没呢呵呵tui。我要烦死了
892,Z___WEN：
893,_悦悦纸：武汉高三都开学了，黑龙江开不了
894,nainaidebluberry：开学了还只能在学校住，我们这个破地方学杂费那么贵，两个月，有没有搞错
895,Kyrie-明：搞笑呢，湖南省高校一点动静没有是要怎么样嘛
896,祝自己毕业顺利的小赵：蹲一个大学
897,Jacksonyee-4x：我晕了啊去学校上网课
898,哈开格芝士星人：别再说了，我知道了
899,封印在荒芜的时空：🍋
900,你啊在不在：武汉都开学了 黑龙江遥遥无期
901,珍珠小酪owt：不知道高校啥时候才能开学
902,中年油腻老大婶：武汉都快开学了！真是个好消息！
903,沁可儿爸爸坎特帽子戏法：武汉都开学了，咱还不开学
904,万物皆可小空空：5月4号宣5月6号开学会不会有点赶...
905,共1条回复
906,贝儿利：就想说高校还开学嘛 不开学吱个声给我们一个通知别干等了好嘛
907,磨叽大王ww：想知道河北高三啥时候开学啊！！
908,leiyangasd：
909,飞哥的小宝子：武汉可以开学啦
910,南河芙蓉188：武汉都开学了，黑龙江却遥遥无期
911,zyx---VIP：河北大一生开学还有希望吗
912,xi柚稚啊：蹲个山东
913,小可爱牌的四玺丸子：黑龙江高三学子在线求快学呀，快高考了，想回学校上学
914,诛泥马：青岛的我开学比武汉的还晚
915,伊伊彤儿：我黄冈浠水下面的农村的，我弟弟初三老师，初三5月20日开学，到7月20号中考，不管是学生还是老师从开学到中考之后都不准出来
916,春日青ooo：明天就要开学啦！
917,海边喂鱼不吃鱼：看看河北的毕业生吧 一点消息都没有
918,梦想的雨花石：青年人和一线疫情防控人员一道，不畏艰险，舍生忘死，非常给力！
919,酥酥酥酥酥儿：都是国家的栋梁之才，加油奋斗吧，我们可以的
920,William是陈饱饱疙瘩：看到在这次战疫中有很多90后，奋勇向前。冲在第一线。
921,莫呀哈：有担当有理想的青年们加油，为中华民族的伟大复兴而加油
922,BeBeMoMo：这代青年要加油！我们要有理想有担当！努力奋斗
923,kk香菜好吃嘛-：青年一代也可以做好保护国家的工作了，真的好棒
924,一只胖崽呀：青年人们真的太棒了，为他们点赞呀
925,金金金鱼花火1：感谢这群有担当，有本领的青年人，因为有他们，我们民族就有希望
926,我今天暴富了：这一代青年 有理想有抱负 努力为国家
927,黑色是我的本命色：新青年就是要有理想，有本领，有担当，我争做这样的好青年
928,金丝熊饿破了：少年强则国强，希望我以后也成为这样的人
929,全新纪：青春的力量还是很有活力的，给我们交出了合格答卷！
930,有梦想的王子：感觉他们还是非常有担当的，非常有希望的年轻人
931,碧绿的亭：青春的蓬勃力量在我们的身边展开，非常给力的他们！
932,意中人yxy：青年一代有理想有担当有本领，国家就有前途民族有希望
933,小雪茄可爱：新青年要有希望，民族才会有希望
934,Ym灬云梦：青年有理想，国家就有前途，民族就有希望
935,不愿绾簪：青年是国家民族发展的有力军，给所有参与的人点赞
936,爱吐泡泡的你：今年的疫情确实也体现了青年一代的担当
937,山竹猫爪爪：做这样的青年，有理想、有本领、有担当
938,未来可琪c：境外输入那么多，不见你们说什么，湖北输入几例，就开始各种阴阳怪气，还有说湖北输入要记入湖北的，那境外输入那么多，是不是也要记入国外或者对应的省
939,捞娱：对，从来对那些境外回国的没这么多敌意，回国的就高级，湖北就要遭到各种嫌弃和歧视，呵呵！
940,倾年耶i：没见那些人对境外输入这么有敌意，一些人整天阴阳怪气的
941,共64条回复
942,晓春盛花香：我们两例都是从湖北来的。
943,而我听见下雨的声音z-：国外输入的更多 只是你们从来不说 甚至 热烈欢迎。。。
944,小肉肉想见takuya：你们境外输入的比湖北过去的还少？湖北人关了几个月，境外的才隔离14天，你自己不会体会？
945,共53条回复
946,而我听见下雨的声音z-：武汉至今未发现一例无症状感染者传染别人的情况 唯一一例转确诊的还是国外回来的
947,鲁迅的秋天：3月31日和4月3日各有1例转确诊，之后一直没有转确诊的情况。
948,而我听见下雨的声音z-：所以网友们不要太害怕
949,共22条回复
950,芥末味肉丸子：那无症状感染者呢，那些和无症状感染者接触过的人呢？
951,李叔叔的岐黄小私塾：无症状感染者不转成确诊者就行，基本直接变成转阴的，也没有传染给密切的接触者。往往无症状者是观察了很久也没有症状的。
952,爱折腾的神殿与知更鸟：无症状大概率有两种情况，一种是感染过，没症状，体内死病毒没排干净，传染性小，武汉现在排查出来几乎这种，毕竟都是在家关了60多天的人，所以都没有传染给家人；还有就是潜伏期，无症状只是暂时的，会很快有症状转确诊，境外输入的这种居多。像伤寒玛丽那种和病毒共存的，暂时没报道，出现了也藏不住
953,共23条回复
954,青松小岛21796：希望有关部门能把湖北省除武汉市外的无症状感染者可以精确到下面县，区！有的地方似乎搞得疫情已经结束了一样！有没有可能瞒报的？
955,小辣椒67153：希望湖北不要瞒报就行，毕竟感染人数最多，无症状的也多，不然怎么输入其它省份好几例了
956,扒拉扒拉筱魔仙：你觉得敢瞒报吗？一直都是国家接管的，前几天才离开！无症状感染者肯定是我们这最多，不过都不是新近感染，去到外地也没什么传染性了，看过本地的无症状检测报告，都有抗体在
957,Grave白雨：湖北人不想说话
958,共23条回复
959,竹叶子---：受不了了，只报喜不报忧
960,山上跑下来的老帮菜：中国新闻报道的特点：喜鹊文化
961,逗号去看北极光：你想要的忧是什么
962,共14条回复
963,凯MrsL：所以，大学准备开学吗
964,黑糖乌龙茶_：没希望
965,小永远ckl：我大湖北真的是，从疫情爆发到现在，被人喷得让人心疼。喷子们不放过每一条新闻。当然除了湖北加油这种新闻，会喊喊口号。不是阴阳怪气的，就是死命cue。你们以后再好别有什么事，有什么事回头过来看看你们现在自己的言论，看看你们有多垃圾。别扯什么帮过湖北，帮过湖北的绝对不是你们这群low的人。
966,蛙儿向前冲：好多是海外的带节奏 故意挑拨
967,鲁迅的秋天：其实，无症状感染者，怕的不是多，而是不停地、无征兆的出现。
968,橘子家的小太阳：加油，会越来越好的
969,wangjian768696：泱泱大国，14亿人口，尽然能在如此短暂的时间内，实现有效控制，真是难能可贵，别的国家只能望其顶背了。
970,鱼鱼0123456789：望其项背用错了。
971,riot不是rio：都是听说，据说，据听说，要是你们那儿真的有湖北过来的发病的，早就全国都传开了，这种时候谁瞒报不就是给自己找麻烦嘛，好不容易到了今天这一步，那些什么怀疑的，质疑的，麻烦你们闭上嘴，要么就拿出真凭实据来直接举报，国家对你还有奖励，别天天在微博上造谣
972,桃花一朵两朵三四朵：到外省来的有不少无症状感染者哟
973,天天对我弹琴：湖北的无症状感染者都不会确诊
974,么哒的爱：666
975,辰星6381403144：早点恢复正常
976,我才是徐某：加油
977,远方的微光：并不妨碍各地对湖北人的歧视政策！
978,桃子同学的生活老师：有个疑问，其他省市已经发现好几例湖北新输出的病例了，难道这些人知道会发病都跑了出来，所以湖北才零新增？还是湖北这块土地产生抗体了，呆在湖北即使感染了也不会发病，一出湖北就发病了？显然不合理。湖北战役基本结束我信，零新增不符合逻辑，至少新增的不要比输出的少吧
979,新之助少年郎：可以摘口罩了？
980,我只是个小女人要加油：坐标江苏徐州 这边感觉疫情都结束一样、上街好多没带口罩、五一假期还有人办酒结婚扎堆都没人管了
981,瑗er呀：大四毕业🐶什么时候能回去啊，让我再睡一次宿舍的硬板板床吧！
982,小面不加辣：只是有点疑惑，湖北连续30天无新增，那为啥其他省市新增的很多都是湖北输入的……
983,宜昌发型设计师一辉：我就在宜昌，我们这里前两天就发了两例
984,Toffee_92：不是新增有无症状吗？
985,咸亨伙计_9233：别说了
986,白话灵犀最能吃的大徒弟：无症状不算，新冠
987,Violet凡小妖儿：啥时候才打算摘口罩哈哈哈
988,纯真小白羊cherry：我们小区就有2个无症状患者，确诊了
989,裸马Chevalnu：你可拉倒吧！！！！
990,实锤粉：湖北最安全的省份
991,人生似梦幻泡影：俺们山西的不是湖北来的嘛？还是加上检测和管控吧
992,三水妹妹123：所以我们湖北学生啥时候可以开学
993,许秋香ellen：革命尚未成功
994,ai泰山少女：无症状我们小区一个星期前还出现了两个呢……这个新闻……
995,榴莲小姐-ln1128：所以什么时候开学
996,麻醉天下人：那武汉人可以进京了
997,社会小猪佩奇灬：湖北终于挺过来了！加油！
998,骨头君_Brook：太原那一例就是武昌来的……
999,潇洒飞雪1984：我想问一下，核酸检测呈阳性的，是确诊的还是不能确诊？，有人能专业地回答一下吗
1000,唖刈壓：如果只是核算检测阳性，你没有症状，就是说你身体一切正常，只是带病毒，那就算无症状患者，不算确诊，如果你有发烧或咳嗽症状，那就是确诊。
1001,共13条回复
1002,大王shwan：那山西这一例。。。确实挺尴尬的
1003,小永远ckl：看评论，有些人真适合空投去美国，让她们感受感受真正的自由。平时爱国喊得比谁都大声，这会儿在阴阳怪气，就会窝里横。
1004,朵拉宝贝201505：我们这刚增了一例湖北输入的无症状感染者！
1005,甜面酱酱酱酱酱酱：请问湖北人非武汉地区啥时候可以自由进京？
1006,抚今30744：可以开学了吗
1007,一条鱼ZX：现在不给你定义 可不就没有
1008,"Kerra_倩：忙碌的工作很累，烦恼使人狼狈，压力实在疲惫,尝试吓栽！〖 У b 8 0 9 3 .С0Ｍ 〗 王者荣耀、英雄联盟、dota、彩缥、电子。你会发现快乐来的好干脆，生活也变得有滋有味。"
1009,00001gfrxch：武汉什么时候能开学？？？
1010,世上最后一个反派：我其实觉得新增这个词有点问题，复阳是不是不算啊
1011,一条鱼ZX：有没有 你们都知道
1012,白猫猫猫：鄂州不是有一例嘛
1013,"我一般1个人中单：忙碌的工作很累，烦恼使人狼狈，压力实在疲惫,尝试吓栽！〖 У b 4410 .С0Ｍ 〗 王者荣耀、英雄联盟、dota、彩缥、电子。你会发现快乐来的好干脆，生活也变得有滋有味。"
1014,楠楠不自娱：我们这边最近发现的就是湖北输入的，结果湖北无新增？
1015,小面不加辣：我们cq也是，除了境外输入，基本全是湖北输入……而可怕的是湖北一个新增都没有……
1016,Holowa：请国家保护保护黑龙江吧，我们真的很惨
1017,阳光喃喃27：还有无症状感染者，只是没被发现而已，如果全省人民都做核酸检测，应该可以发现。
1018,十分小张张张张_：那无症状呢？
1019,冉冉快乐吗：所以湖北高校可以开学了吗？？？快点开学！！！
1020,panaml七月：不是7号开学了嘛。
1021,共13条回复
1022,晴空pool：湖北这次好像得罪了全世界！我真希望那些口里喊着湖北加油的人是真心的。
1023,山海悦hu：按世卫标准，无症状阳性者就是确诊者。按这个全球标准报感染病例才准确。
1024,咔咔的zzZ：我感觉还有无症状的
1025,愛過劉昌榮：大学可以开学了吧，很想开学呀，兄弟
1026,kevin常常常：赶紧让大学生回去上课 好不好
1027,有梦梦梦不晚：只报没确诊的  怎么不多关注4.26日被迫转院的那些重症患者的下场
1028,率军solely：河北高校还没开学
1029,热爱passionately：棒棒哒
1030,白羊座告白气球：今年高三报考武汉高校的会少吗？担心。
1031,滑而不稽2006：那是必然啊 武汉未来三年都会受疫情影响
1032,共11条回复
1033,走钢琴的女人8400：深圳前几天新增的是湖北回来的
1034,拯救地球蛮累哦：相当于我们除武汉市以外的湖北地区隔离了60天无新增确诊完了出省还是要隔离14天么
1035,fly你们懂个屁屁：都跑出去了，当然没有新增
1036,滑而不稽2006：按你的说法湖北现在是空城咯 下次疫情爆发在你的城市 希望你能记住今天自己说的话
1037,天真dekiss520：加油！
1038,小飞侠_Jany：那还不开学呀 快开学呀 我要读书我要上学一个都不能少
1039,浪漫可爱月儿：有人在网上说咸宁嘉鱼县有人是新冠肺炎嘉鱼县有开始戒严了，是不是真的呀？到底哪个信息是真的？太吓人了。有待验证的信息怎么都发到网上了。
1040,吉祥如意ny：没有啊……本咸宁嘉鱼的人表示没有问题……
1041,共13条回复
1042,陈翔的爆可爱：所以开不开学给个准信吧
1043,文boon1984：加油
1044,默默熊89：都新增到外省去了？还真是奇怪哈，外省总是能蹦出几个湖北输入
1045,席讶己ShlqV：湖北或成全球最安全地区
1046,深圳柠檬投资咨询：输入山西一例啥情况啊？
1047,这个年代的喜欢太廉价了：现在境外才是最大的危险
1048,糯糯米82622：说这么多湖北还不是对高校复学问题绝口不提 你不开学就及时安排学校做不开学的措施 开学就明确告诉我们在安排了 一直拖着算怎么回事儿
1049,范珞Stufio：恭喜湖北。
1050,SusieSusie_love：期待全中国都是零
1051,调色盘揍黄嘉新：
1052,大揭秘：转发微博
1053,一夕凡：所以，快开学吧
1054,一声勋鹿：一个字～棒👍🏻
1055,梁茶佳：死这么多人还不推翻政府？美国人手里的枪是烧火棍啊
1056,震川先生门徒：说明美国媒体与宣传的洗脑技术是真高明、高超、精巧！！！
1057,小柳啊1991：的确就是烧火棍，西方老百姓都是一群被驯化的绵羊。
1058,共99条回复
1059,_红白_：我记得以前公知歌颂美国的合法持枪时重点强调的就是：有效的监督政府。辣么现在因为明显的政府抗疫不力已经死亡了七万人，美国人民的枪支在哪里？还是说这些枪支只会用在校园里呢？
1060,王涤生506：公知会说美国抗疫不错，数据真实，说中国数据隐瞒装睡的人永远叫不醒。
1061,没有思路的搬砖狗：国外确实可以放心地指责政府，只是指责完了没啥用而已，除了给人一种监督的错觉
1062,共17条回复
1063,甲戌之秋：先定个小目标，没达到就是good job
1064,你妹呀-大爷的：特朗普有后路的，他曾说过220万死亡
1065,不菜的蔡：这是定个impossible的目标
1066,共16条回复
1067,transsssspanda：死十万证明美国人命不值钱
1068,双城_23：还没算上去年以流感和电子烟肺炎名义死亡的新冠病毒感染者。
1069,WaterBearer79：本来都是移民，谁会心疼子民！
1070,共11条回复
1071,无隅且成：人命只是个数字！
1072,看云起时Qwest：美国的民众在政治洗脑下，有相当一部分人不认为本国政府疫情应对不力，相反还觉得西方的灯塔依然闪耀无比，并对中国人民经过艰苦努力取得的抗疫成果选择无视！偌大的美国国土，又何尝不像是一个大型的“隐形监狱”呢？这里能遮住人们的眼睛，禁锢人们的思想，比真实的监狱更可怕
1073,西兰花不花123：如果特朗普是泰坦尼克号船长： 1.根本没有冰山 2.我们不会撞到冰山 3.我早就知道会有冰山 4.没有人比我更了解冰山 5.都怪企鹅，是企鹅把冰山带了过来 6.泰坦尼克号不会因为一座冰山就停止前进 7.我们当中的某些人可能会淹死（实际上是你们，我们有救生艇） 8.我是最棒的船长，我们的工作做的非常好
1074,大福666666：我们工作做的不错吧！我们准备了救生艇！
1075,无海无恋：先定个小目标，5月达到200万
1076,肌肉厨男：我们也别喷美国。美国死的都是拖福利社会后退的老弱病残，整个国家从上到下都心照不宣的，单纯从经济角度出发，这些人死光对美国百利无一弊！这些人死光，美国整体国力会上市一个台阶，到时哭的是我们中国
1077,完美死机：想多了，美国老弱病残加上流浪汉都是千万级别的，死100万都是杯水车薪。关键是病毒可不会精准打击，美国确实不怕死人，其实哪个国家都不怕死人，主要是资本家需要韭菜啊，现在韭菜都受波及了。美国这几年都开始压榨中产了，中产现在很尴尬，即是韭菜，又是半个累赘。
1078,蒙哥呐喊：不怕，按照美国自己测的感染率，30%已经感染，新冠攻击男性生殖系统，他们优生不了，人种只会越来愈差。
1079,共32条回复
1080,宝贝到月亮上去：相信医疗世界第一的美国，一定会把死亡人数控制在100万以下
1081,大福666666：估计得少一个手指头
1082,庐州秋夜：乐观预测还特么10万
1083,双鱼座的苏学：目前都死了快七万了，十万的防线根本拦不住
1084,风萧萧兮车辚辚：不是已经十万多了嘛，
1085,磨叽算球：那上面不是还有二十几万线吗
1086,共4条回复
1087,mini_linglong：妈妈呀，那现在还不到十万，他们是想让疫情进行多久
1088,天空helena：疯子，先抗疫救人不好吗
1089,懒人杨200402：没有什么比大选更重要的事情了，如果特朗普落选，他的家族就有被清算的危险了，你说哪个重要？
1090,琅天陈：川普现在需要的是连任给自己铺好后路，要知道老妖婆佩洛西可是对把前总统(川普连任失败)送进监狱感兴趣的
1091,共8条回复
1092,6月的海2月的风：川粉和红脖子只有几秒钟记忆，所以对他们来说，川普说啥是啥，跟被洗脑的纳粹没啥区别，唯一一点不同就是，跟纳粹比他们都是怂货。
1093,ProudOfNovak：有些担心美国狗急跳墙，希望国内做好各种应对
1094,丶橙子橙子橙子丶：给狗道歉
1095,共6条回复
1096,东邪奔西走：牛人3个惊世预言：1.在1980年，预言10年内柏林墙倒塌 2.其后苏联崩溃 3.在2004年，成书《美帝国的崩溃，过去、现在与未来》，预言2020年美帝国崩溃。前2个预言已成现实，后一个待验证。此人是约翰·加尔通（Johan Galtung），挪威奥斯陆大学国际关系教授
1097,Hello丶peace：按照现在的死亡率.至少也得有31万
1098,唯有香金隐墨中：特朗普预计死亡10万人//3亿人！ 不多！
1099,ladysix：不，才测了不到一千万，七万/一千万，如果加大检测力度会有更多惊喜
1100,共4条回复
1101,HidenosidE：以这个态度对待到最后说不定真是220万
1102,你看我是几筒：美国政府心里：我们的霸权＞几十万生命。美国政府嘴上：不能封城，不戴口罩，我们要为自由民主代盐。无形的墙是最为可怕—意识形态之墙。
1103,cccpcp：政委 特朗普还能连任否  赔钱需要如何解决
1104,机器海豚：特朗普会连任，因为，美国内没有更好的候选人对手。赔钱，就意味着宣战。主动权在美国，他想打仗，我们奉陪。
1105,牛牛贾牛牛：很快白宫里就看不到伯克斯了哈哈哈哈哈哈哈哈哈哈 ¡评论配图
1106,概念龐大r：哎 10万人啊！！我记得我们这4个村人口才1万多人。那也是老大一片地方了！美帝这尼玛一下子多少村没了？真踏马是清理老弱病残啊！
1107,龙行天下千万里：特没谱瞎碰瓷中国，其实单病毒就能要了美国的命。目前唯一确定能控制疫情的措施就是应检尽检、应收尽收、集中隔离、分症治疗，但民主自由人权的制度优越性使美帝根本就看不上上述措施，美帝只能指望群体免疫+疫苗。群体免疫将持续增加死亡人数并恶化经济，疫苗遥遥无期且面临病毒变异和ADE的巨大威胁。
1108,萌芽编辑：如此淡定地讨论死十几二十万人，美国的人命是多么的不值钱
1109,铲屎官投稿社：生命诚可贵，自由价更高。支持美国人复工
1110,草紫见：毁灭了才方便重建。MAGA
1111,后湾老施：从目前态势看，10万估计打不住了，10~24万是有可能的。但是，如果复工过快，防护不足，也有可能被突破。说实在的，目前这么个状况，挺难的，心焦。
1112,AUPer：真是数字，现在就已经破十万了吧…漏报瞒报，系统性“未计入”…会不会有点儿多？
1113,叶知心何在：肯定会控制住的，不检测就是了，要求检测和停工的人都是在阻碍世界第一强国的发展，川建国加油
1114,妈妈说名字再长都会有人读到最后：别急，你们才刚复工
1115,孤狼-B组-026：也许这就是人生
1116,按快门的查理：重点是美国目前一共检测了不到800万人
1117,西岭散人666：反正我已经麻木了，就看伟大的美国人民麻木没有
1118,繁绣：什么措施都不做，做个死亡十万人的预测，还是乐观……
1119,哼哼臭屁屎：我都看不下去了，自由和民主呢？去哪了？抗议啊！
1120,保i罗：这要是发生在中国，不得被公知恨国党牧羊犬们喷死
1121,梦想的左岸cq：美国可能死亡人数上千万！死于新冠疫情的占少数，多数人死于暴乱！
1122,邂逅一九八一：这位组长大概也快干到头儿了
1123,ycxuexj：是因为我看得新闻不够全面吗？怎么总觉得他们只检测，不治疗呢……
1124,提笔写战国：死人不能投票，所以死了就死了，没有大问题
1125,戈命接班：美国这数据一直45度角上升，什么意思
1126,wangyh310：现在才6万多啊，不能努力控制疫情吗，减少病亡率；都是生命啊，不是数字；
1127,长长的围巾：承受力真强，超出了想象
1128,浅语61690：政客和技术人员根本就在两个世界
1129,灿烂千阳10086：一切特朗普说了算，什么什么什么机构都形同虚设
1130,紫鏡：呼吁公知们不要再造谣了，多个数据表明，公知每次造谣的内容，都会在美国实现成真。你们再造谣下去，美国就真要灭亡了啊
1131,DF-快递：呵呵，帅锅的国度
1132,香港安吉：估计月底前到达10万，如果现在解禁，可能最终要15万
1133,抹茶香还是奶茶香：只要股市不跌死人根本不在乎
1134,alfra0202：我觉得至少死20多万。
1135,不遺忘並不想曾經：一切在在向好的方面发展
1136,元素时间：支持美国人民拿起枪支闹革命，把万恶的资本主义埋葬。
1137,兴杰星科技：没有人会因此而辞职！
1138,大丰哥：川普：你们才知道我没谱？？
1139,江夏第一帅：美国人的性格总是喜欢调和，折中的。譬如你说因为新冠肺炎要死亡6万人他们肯定不愿意，但如果你说会死12万结果只死了6万他们就愿意了
1140,超及陈：这女的押上了自己的职业生涯
1141,如海苍山2：不得不佩服美国体制的耐毁性，领导人可以毫无顾忌地给出天文数字的死亡人数而不担心百姓造反。美国民众与中国不同，他们真的不觉得病毒杀人与联邦政府有多少关系。他们不接受“富贵在天”但接受“死生有命”。
1142,Coldnightstar_598：支持美国复工，不然不知道🦠的厉害
1143,名城鱼鹰：只能说美国佬是低人权优势，太好骗
1144,蒙哥呐喊：就算现在是高峰，也得死14万人啊，不知道川王怎么算的，不然又要被打脸。
1145,"蒙哥呐喊：也难怪美国老羞成怒，其实美国早就知道新冠流行了，只是它一直当大号流感在处理，欺骗美国民众，哪里知道中国居然把这病毒给检测出来了，盖子捂不住了，搞得川普很被动，所以他说他很懂病毒，而且还要研制疫苗，有时国运这东西往下跌的时候,怎么都止不住。"
1146,奥哈熙：死10万那是肯定的，美国确诊120万，才治愈20万左右。
1147,KZ玲玲M：特朗普真的讓人開眼
1148,TheTemperature：这玩意儿比打仗死人见效还快
1149,创业新达人：赶快喝消毒剂，马上没有疫情了，美国的疫苗就是消毒剂
1150,sscxhh：是欧洲各国都没事了吗，他们的让美国人搞的都不好意思提了。
1151,谷屹8：说真话小心特没谱卸你职喽
1152,邋遢大王的崽：说独立的人其实还是不了解情况。美国各州其实真的很独立的，真和我们的省是两回事。州有议会，军队（国民警卫队，空军有15.16.还有不少f22，你敢信？）财政等，其实就是个军阀。我知道新泽西州建立比美国要早，然后加盟联邦。美利坚合众国其实该叫北美联合国
1153,二十八笔主：尽管某些州已经过了高峰期，如纽约，确实强大，但美国整体现在还没到峰值，按现在疫情过半算，死亡人数应该至少翻番，也就是14万
1154,亡灵骑士9527：大统领说十万就是十万。是不是不想干了？分分钟推特让你下课
1155,义乌糖：死了那么多的人，总桶还很乐观？嫌死少了？
1156,艾米北风：这个女人捧臭脚也有一手
1157,虎在休闲中：从以大选为主的政治操纵考虑，美国会死不停。
1158,黑爵泪：美国人虽然有枪，但脑子里没东西，都不知道自己可以反抗什么~~
1159,以理服人嘿嘿：特朗普才是专家
1160,蓝星绿萝_susu：死的大多是什么人？
1161,法学畅想者：新冠简直就是美利坚的不治之症……
1162,闲人好为师：这都是一群啥人
1163,微风碧波201212：公知与某些叫兽，你们怎么看？
1164,雷亿奇胜电气201106：美国的平民表面上拥有自由拥有选举权，实际上估计也是傀儡级的
1165,7788和8877：不救人先去设定死亡人数，草菅人命的刽子手！
1166,月亮弯弯-邱光华：敢和总统唱反调，厉害！
1167,花市红：我想问问他们都信上帝的话 如果撒谎会有什么后果？？？佛教都有出家人不打诳语，上帝就是这么教你的么川普？？？
1168,海军少将程振林：人命真是不值钱啊
1169,月亮弯弯-邱光华：看来每3000人死一人，美国人是能接受的。
1170,海棠依旧为你而开：特朗普：那我就把预测调到二十几万呗@政委灿荣
1171,彤彤的妈妈是宝石：政委我爱你
1172,7080s：其实可以这样怼回去:川普甩锅中国、两个月不作为、鼓动国内对立、断供WHO、歧视黑人拉丁裔亚裔、发表致命性诱导言论、煽动制裁中国等等，是白人至上、种族主义的纳粹行为。
1173,卜岩而喻_M：不愧是移民国家，死一批，再移民一批不就完了
1174,showshowlau：10-24这个区间有点大，发挥空间大
1175,请填写昵称邦德：死亡数字越大，就会愈发憎恨我们。特朗普借着疫情再次用贸易战等手段打压我们，如何改变局势？这很困难，但是非改变不可。为了子孙后代可以过好日子，跟美国斗下去会很惨，忍一忍风平浪静？只怕是难如登天啊。被迫、被动恐怕是长期性的，也只能是无招胜有招了。
1176,阿米妮雅雅：川普在疫情面前根本没有行之有效的防控措施，他会一直打脸，一直蜜汁自信更新他说的数字，所谓的世界第一体现在被病毒攻陷，令人瞠目结舌！美国民众就是被川普忽悠的温水煮青蛙！
1177,不透红就是透着黑：死就死吧，美国人都不担心，我们隔着太平洋操什么心！
1178,AA静静的遗忘：只是一个数字
1179,西联投资：五月中旬可以破10万
1180,咖啡店里的小可爱：这是拿百姓的命不当一回事
1181,鑫芳程：金毛身边还有敢说真话的人吗？都是一群脑子有病溜须拍马的流氓政客。
1182,nxbjleilei：美国老人数量太多，养老体系怕是撑不住这么重的负荷。那些公知和打算去美国养老的国人还是清醒清醒吧！
1183,生鲜小王子：呵呵，才这么点！特总很安心的
1184,iammelon123：她不是义无反顾支持川王的吗？
1185,MulhollLanD：恨国党们得high上天//@天鸿飞舞:如果某个组织也这么说，微博会不会瘫痪。
1186,niqiuwang：实际上特没谱心里根本就没有谱。
1187,文七九LDX：大胆一点预测，30万。
1188,我姓琚ju：影响远远比我们想象中的大
1189,慢点儿168：感觉影响越来越深了
1190,是甜甜的小赞那：全球的经济都会受影响，加油吧！
1191,青皮核桃圆溜溜：比亚迪优秀
1192,我是大红豆呀：我的车就是东风雷诺，现在雷诺和东风解约了，我的车就变成东风了😂😂😂
1193,毛坦厂长：严重了
1194,小鬼你别跑0000：我们奥迪还在加班加点的干
1195,春申渡：我就在汽车配件厂
1196,小姑娘阿水：伴随着各企业破产，新的商机也会出现
1197,做AI体重管理的女博士：各行各业 都有影响 但是 一定会比以前更好
1198,考神必过：疫情后遗症
1199,不是吃草的小麓：汽车零部件行业冲击好大
1200,yl592940408：看来我买奔驰的计划又要推迟了
1201,Dear-歆嫒：疫情全球经济受到影响
1202,昵称伟斯特：中国好好好
1203,文的崽儿：@永的爸比
1204,Irma86：影响太大了
1205,等我打完这个哈欠再说：@就是大智啊
1206,为了光：刚从汽车厂跳槽
1207,蓝冰Cathy：我们也要上四休三了
1208,Joyi-smile：好难呐
1209,暗杀大师ABCDE：毛主席告诉我们，敌人骂我们，说明我们做得对，继续做下去，他们爱跳脚就跳脚，气死他们，只要做好自己，自己强大起来，谁都逃不过真香
1210,不褪色的兔子：老外为利益甩锅，到了无耻的地步
1211,tiedaobin1997：我们的外交天团很刚
1212,四季红0529110798822：一个住外大使的一言一行，代表一个国家的形象。为这位人民大使点赞
1213,我素惠先森：看到白皮的手势了么，多么傲慢。咄咄逼人。
1214,天邢建：只有敢于斗争、善于斗争，才能夺取伟大胜利
1215,阁C子：
1216,heFreedom：
1217,佳佳爱吃大西瓜_：谢谢外交官
1218,請歸去和世界大戰_：傲慢的态度就像当年的华莱士
1219,勇追穷寇：这些人真不容易
1220,豆谷胡同不在了：哪能看到完整的视频.
1221,可能我最安静吧：各位有没有组织啊    我目前该怎么做啊给给方式啊
1222,不爱运动的旺：中纪委竟然有app！！！
1223,甜甜的柠檬han：
1224,企鹅5877：好！
1225,小关117：不卑不亢，有理有节
1226,西山水丰2015：放弃幻想，准备斗争。用针锋相对的斗争来捍卫我们的正义，固为帝国主义从来就是能不讲道理就一定不讲道理。
1227,小火炬007：以斗争求和平，美狗是吃硬不吃软的。
1228,忠卫东：要么输出GM，要么被输出GM
1229,LIB41-45：胜利者给失败者解释，这是四十年亲西方外卖路线的恶果。
1230,淮海总指挥：👌🏻
1231,鹅的围脖今天上线了吗：不卑不亢
1232,八百里一只喵：
1233,绿色的银杏sxzh：人善被人欺
1234,柳下一眸：清醒了
1235,挂了好多号炸浪放过我趴：硬气，🐮🍺
1236,小疯疯锋锋：也就还好，勉强合格
1237,坐在月亮上的露娜：西方抱团不是一两天了。记得他们100多年前组团侵华吗？国人醒醒吧
1238,丶NiCheng：思想的深度
1239,幸运插曲67150：永居条例和外商投资还是可以去renda官网写信要求撤销！大家评论后要留个心眼，有人偷偷通过zha浪删评，再配合一批收钱且经过专门培训的，混进来洗地，引诱激怒大家争论带节奏，宣传右派或一切努力都没用等思想，很可能会把大家带歪。持久战切忌放松警惕！平时多宣传小火炬，人数多了才能打破消息封锁
1240,煜林1988：这个记者真的很粗鲁
1241,欧宁江蒙37750：希望祖国在强大一些。外交官也能更硬气一些。
1242,老杂货商：诽谤罪，损害名誉罪，英国应该拿出证据，拿不出证据，鹦鹉学舌，一点脑子都没有。。真当别人看不出英国的阴险狡诈吗？
1243,紫花茶猫猫：魔法部比我们国内的官媒更给力
1244,用户kuailemeiyitian：据理力争，事实胜于雄辩。
1245,檀香的美丽人生：转发微博
1246,在希望的田野上偷菜：严防严控！希望快快好起来，加油！
1247,天然呆的暖心男：打击与挫败是成功的踏脚石，而不是绊脚石。
1248,默默大夜猫：啊？？不要停好不好🙏让我多收集一些
1249,东方朔365：互联网兴起 这些杂志本来就半死不活了 疫情只不过是最后一颗稻草
1250,爱吃饭的CJ：去年订了一年杂志，今年没定，难道是因为我这一份
1251,浪里小白龙Homo-Luden：最后一根稻草
1252,七七七七七七aa：哈哈我也是去年定了一年今年没定
1253,共4条回复
1254,老王爷儿：？？就这么停了
1255,失恋先生：啊？？不要停好不好🙏让我多收集一些
1256,星鸦雀无声：不要停啊 我好喜欢孤独星球的
1257,DarthJOE：家里最多的系列书就是孤独星球
1258,敲可爱的游游：？？？中国区呢
1259,努力努力再努力kevll：差不多了……
1260,飞翔的木瓜泡alla：？？？？
1261,Chocoie：
1262,静轩sum：为啥啊，记得以前读高中的时候，还会同学接着看，现在居然要停刊了
1263,最长的旅途yanxi：what
1264,Yigalllllll：Why?
1265,Fernweh1115：今年到底要面临多少告别
1266,Zhouer__：@Highwayy1 。。。
1267,趁乱睡觉撒腿就跑：啊？
1268,殿下请叫我容漠漠：天啊
1269,-EdwardChan：什么？？？！！！！？？？？？
1270,Sandman_Lee：这个杂志超好看的！
1271,傅晓斯：啊啊啊啊啊啊啊，感觉好多杂志都在陆续的停刊。好心酸。
1272,--沈翠翠Cui：为啥要停
1273,粥家折耳猫：刚订了一年的杂志
1274,想翻身的孩子：不要停刊啊！求求你！没有你怎么去旅行！
1275,CominghomeIvyviVi：my lonely planet
1276,狸花叫西瓜：还没看几本就停刊了。。
1277,爱马氏83：可惜
1278,我是哇安：哈哈有一本
1279,-DanteXXX：@超级努力的小谢同学
1280,-叶玮-：转发微博
1281,一心只想写论文的Cammy：啊？多年以前还带着逛过意大利
1282,DarthJOE：卧槽 今年还打算搬家以后续订呢！
1283,厨房里的AMY：以前互联网没像今天那么发达，没有这么多旅行类应用的时候，每次出门旅行前都反复研究孤独星球推荐的景点、酒店、餐厅，会在向往的“诗和远方”篇章折角、用荧光笔画下来，异国的不起眼的小餐厅里拿着书对照着点菜的情景还历历在目
1284,東山觀禾火：……
1285,Mentor79：就那么回事
1286,奈良冇鹿：学校书店又少了一本杂志卖，
1287,谁都不能动我的宝贝：卧槽...我以前真的每个月都买收集了好多
1288,-向万能：不！可！以！
1289,阿西阿安：有一年生日收到的礼物就是这个！好有感觉的！希望只是延期而非停刊！
1290,Lynn持续努力中：？？？？？
1291,格局很小的莉莉酱：好可惜
1292,mimisch懒瀚：@theo-王玛丽 你买过的LP收好，日后说不定就是绝品。
1293,偏执狂罗疯子：这就？？
1294,布兰迪Little_Q：天呐！！！多好的系列书啊！！！
1295,金八七：啥？我到现在出去玩也要买上一本lp才行啊！
1296,DarthJOE：是的，不管去哪，先买上一本当地的lp指南
1297,是安橙橙呀：@咸早早
1298,撒哈拉的仙人掌II：@Emma陶淘
1299,Emma陶淘：WTF
1300,一只大瑾猪：@咸鱼月月 天呐
1301,咸鱼月月：杂志停了 指南书继续哇？
1302,Doug是道格：@睡姿不雅的流浪猫
1303,秋秋儿Arist：？？？？？不要啊！！！！
1304,普朗克的须臾：疫情就是这样在各个方面都在影响人们的生活
1305,五藏海：别啊！等疫情结束在开不好吗
1306,祝戋：不是吧全部？
1307,水木同屋：这么受打击？还好今年没有续订
1308,兰涛伊：啊啊啊？？
1309,Aoiria：啥？
1310,路上的苹果：真的假的啊？
1311,疏影_酱：哎……
1312,途瑞森_：我好爱lonely planet
1313,一只焖：
1314,Lily--赫：天啦，不要停呀
1315,元気少女橙：不知道我家的「孤独星球」会不会绝版
1316,Chhhhang：
1317,涩谷哥哥的：天啊
1318,暖暖鱼yulan：离了孤星感觉不知道如何旅游了。。。毕竟是我的必备宝藏书啊。一定要活下去啊。。。
1319,哆啦a梦1007：啊～～～～我才在多抓鱼上卖掉一本不丹。。。。
1320,松悟酱：天啊 不要啊
1321,W仔总会提前完成：我还买过呢
1322,超凡绝伦的小饼饼大：我定了一年的，哎呀
1323,一台冰冷的恰饭机器：不要吧
1324,nvrrgrt88：@CHARLES927
1325,大雄如果没有小叮当：转发微博
1326,Kim登小瓶：@一个小李smallli
1327,星图大剑师：纸质杂志的没落是必然的，毕竟能在网上看的东西为什么要买杂志看，我以前很喜欢的小说杂志《超好看》也转型做app了
1328,-有序解封-：@你看看把逗号去掉试试
1329,你看看把逗号去掉试试：？？
1330,茶榆：@leekokikiki
1331,leekokikiki：时代的眼泪💧
1332,_尾牙之互联网回魂：靠啊！
1333,汪思源：@十豆加-Ani
1334,夢幻分裂器Tec-2：@要和五月天到80岁 时代又掉了一滴泪
1335,要和五月天到80岁：人说的是杂志停刊，旅行指南还是保留的
1336,共3条回复
1337,每日甜份：蒙古给我们的羊迷路了？
1338,杨枝甘露芋圆甜：贴标来，胖了再给我们
1339,so苏慧：@ZL蕾蕾蕾 欸？
1340,共7条回复
1341,开心的小凤梨：这样就可以数羊睡觉了
1342,一个挺可爱的地球人：哈哈哈一只羊，两只羊，一头sheep，两头sheep，一只水饺，两只水饺💤 啊，我饿了
1343,全是甜份：羊：我以为人类灭绝了呢🐏
1344,K6604541064：黄瓜卡的好舒服g
1345,上帝说尼采封了：羊一边穿越街道，一边叫着：“从现在开始，这里叫做卢本伟街道！”
1346,脑细胞淀粉样变：“老铁 能听到我说话吗”
1347,共2条回复
1348,翘屁嫩男徐凤年：你的草坪，我心疼，这群小羊，很爱它。
1349,麻辣烫不要再胖了：哈哈哈哈哈哈
1350,行者巴音：好诗
1351,共3条回复
1352,我的欧美男友：现实版，人类消失后的世界
1353,如伴：羊出没
1354,吾乃YUKI：就是為了讓大家快點睡覺呀用心良苦呀
1355,一颗糖人517：想起了蒙古给我们的🐑……
1356,挑砖书生：蒙古说送给我们的一万只羊，不知道现在送来没有。
1357,Mini快乐辣么多你是哪一个：三万是三万！
1358,忘了就没打算想起来：白送东西都记错是三万只，贴了春膘的羊，一只也不能少
1359,林千岁·：青青草原扛把子
1360,文哥KingW：馋了
1361,壁画里的故事：你就是馋它的身子
1362,文哥KingW：回复@壁画里的故事:准确无误
1363,Mei几gA：羊🐏 :终于轮到我们主宰世界了！哈哈哈哈
1364,子小东尹口羊：密集恐惧症患者慎看！！
1365,鄙人欠揍i：咩
1366,个可进浮：@英式没品笑话百科
1367,筑筑不是猪猪：动物农场
1368,happy羊羊羊妞：wow，多么和谐的人与自然
1369,不如叫我叉叉吧：一只羊两只羊三只羊………zzzzzz@就是那个O
1370,就是那个O：太可爱了咩咩咩 睡着了(-_-) zzz
1371,听说tanyi：蒙古羊怎么跑那去了@Jonathan_Sherlock
1372,天噜啦23123：羊：草在哪里？
1373,葭梓：太可爱了
1374,久违的光-拉近命运的相逢：臭死了
1375,鹿以卿：是不是可以拍成 羊羊特工隊 大電影
1376,粗只的大叶：袋鼠：咱是不是可以开始行动了？
1377,邪恶猫师太：@奔跑的大橙子哦
1378,奔跑的大橙子哦：赶紧念念经
1379,--玩偶life--：这个地区以前不是白羊就是黑羊，定不是奥斯曼，p🐍懂
1380,想翻身的孩子：冲鸭
1381,闪电侠和绿灯侠的好朋友：晚上睡不着真的可以数羊了！
1382,每天都要说很多很多的话：哈哈哈哈哈哈哈哈哈哈哈哈//@开心的小凤梨:这样就可以数羊睡觉了
1383,芒果小姐啦啦啦啦啦：把草坪给你薅光！
1384,一坨我被占用了：太搞笑了哈哈哈哈
1385,Anz_Lin：@Domisolsido囧亮喝稀粥
1386,瓜瓜再也不见迪士尼：@你的茕茕孑立-我的踽踽独行
1387,十玖殿下：这哪来的
1388,Ming_in_Ming：@CharmingSissi 咋那么多羊
1389,CharmingSissi：哇，能不能抓了，来个烤全羊
1390,共5条回复
1391,网罗余魂：。。。。。。
1392,龚小圆圆：野生的羊？
1393,夜八方：蒙古给我们的羊到了没有？敢戏弄我们直接灭掉吧！
1394,和你拥抱20122016：飞羊跋扈，
1395,cancelsave：这就是天启吗？绵羊围城，i了i了
1396,爽口萝卜皮0626：满大街都是奔跑的羊肉串啊
1397,星星噪音人：哈哈哈哈哈哈哈来了老弟
1398,顽小狸：满屏的烤全羊 羊肉串和烤羊腿
1399,Fatherfun：让我看看有多少只羊来了！一只羊，两只羊，三只羊………ZZZ…………
1400,吃一口鱼鱼：小羊肖恩？
1401,柳一亦：哈哈哈哈哈哈
1402,杨口三三：对它们“咩～”，它们会回应的吧哈哈哈
1403,不知玖九：@HoneyDrug @shesalice 好迷幻
1404,Suam树里：？？？？ذذ؟？？?¿؟زز¿زز¿؟¿ز?؟¿ز??؟？ذذ؟？?¿؟زز¿?؟¿:?？ذذ؟？?¿؟ز ؟زز¿؟¿:?؟？ذذ؟？?¿؟زز¿؟¿??？ذ¿:?؟؟？?¿؟زز¿؟¿:?؟？ذذ؟？？?¿؟زز¿زز¿؟¿ز?؟¿ز??؟ز¿؟زز¿؟¿:?؟？ذذ؟？?¿؟زز¿؟¿??？ذذ؟？?¿
1405,jiziling：烧烤
1406,龙嗷喵：@楼蕉面
1407,余小敏_：@李大文_ 好多羊
1408,李大文_：马路塞羊
1409,N0e1：哪个穆罕默德屯的
1410,小火箭piu_piu：@一只傻妞去流浪
1411,一只傻妞去流浪：饿了
1412,优秀硕士研究生：之前土超停得最迟？
1413,大龙村的小龙人：恒源祥打钱！
1414,聪明难以想象的遥儿：人类消失后的世界系列人类被隔离后，动物就出来了
1415,飠搭子：哪里来的呀！
1416,Vibezzz：精罗狂喜
1417,多重buff集一身：放几只狼出去
1418,虔诚Y前程：所到之处，寸草不生
1419,牜pi堂：安康
1420,闻九歌而舞韶兮：@兔宝百年人生阅不尽 好多羊绵绵
1421,兔宝百年人生阅不尽：
1422,柯基的屁屁鸭：羊咩咩  好可爱  吃起来一定很香叭
1423,冰糖13號：蔚为奇观
1424,山山奇：😂人类被关起来了 羊来统领世界了
1425,水花一朵云儿：这种现象会不会不正常啊，哪个国家还有鹿出现在街道上，新闻也说是罕见的现象
1426,bboy-breaking：妈的文案都讲的啥，这语文水平醉了
1427,莺羽披新绣：为什么？
1428,钢铁侠的麻麻不是猫女：有一种科幻片的感觉了
1429,白娘子下厨房：
1430,招猫戏狗小郎君：害怕啊，那部电影《疯羊》
1431,忧郁的咪星人：围观ing
1432,忧郁的咪星人：了解了解说得很在理
1433,林彦俊的小兔叽吖：@日光姑娘不倾城
1434,L君Li：会不会到处都是💩💩
1435,岭九弍吾：我想要带你去“羊满”的土耳其？
1436,忧郁的咪星人：感谢博主
1437,哎哟喂找不到我：现在的新闻能说清楚点吗？前因后果是啥
1438,一只野生的牛牛：羊入虎口
1439,盛姆才：最近的动物上街，总能让我想到《动物庄园》
1440,月影landscape：@周期2019
1441,烟雨58578：我要带你去烂漫的土耳其
1442,Violet椿：咩～
1443,草没味Zz：别看我只是一只羊
1444,"内蒙古神秘市民杨先生：这个""咩""我听懂了"
1445,广州电动卷帘门：想吃
1446,迪迪99999：世界还给了动物
1447,灬冷魅_Losa：羊迷路啦
1448,野原小新新新30：我想要带你去羊满的土耳其
1449,Wwolf哇：去挣点吃羊排
1450,一秋叶原：人类消失后这地球那种动物称霸
1451,清晨一缕阳guang：蒙古捐给我国的只羊赶到时场面一定比这大
1452,今夜奴家是你的25：这才是真正的羊城咩啊咩啊
1453,转眼过去的七年：了解了解说得很在理
1454,转眼过去的七年：感谢楼主很好的分享
1455,Aglbog：蒙古给我们的羊迷路了
1456,圣艾里克斯牌僵尸粉：小羊肖恩
1457,破晓黎明的曙光丶：咩啊
1458,何时才能常旅客：@旗木卡卡西zlj
1459,一一的鱼_：@深海虾丶
1460,忙碌的yoooga：@Shero000O
1461,田喜啤：@Coca_Hola 咩啊咩啊
1462,Coca_Hola：哈哈哈哈哈哈
1463,凯风吹：@七分糖就够啦 哈哈哈哈哈哈哈
1464,七分糖就够啦：word天哈哈哈哈哈哈哈哈哈
1465,紫琅真人：@蔻姨_
1466,iicheon：@j饱无事做
1467,正牌的我在这里潘潘潘潘：@膨胀的妮可酱_
1468,AHH-橙子酒：@UVlee 攻占人类聚集地计划
1469,武言武语：哦豁    球迷的福利
1470,小格sonder：期待巴萨继续保持第一啊啊啊啊
1471,仔仔真是卑微极了：呜呜呜呜呜呜！期待！！！没有球赛这段时间真的无聊死了！！！！但请一定要做好疫情防护工作！！！
1472,看到的雏菊香：足球粉的快乐要回来了，利物浦是冠军🏆
1473,新一不爱洗衣粉：确保安全的前提下自然是支持重启，不过无论如何，生命第一，球赛第二
1474,爱幻想的小跳蚤：秦芳还是这么漂亮
1475,令狐掌门-：秦方姐姐好美丽
1476,唐小姐de余先生：啊啊啊啊，期待呀
1477,上海名媛：作为球迷也挺纠结的。既希望能早点看到比赛，又担心自己的队伍出事
1478,芒果蛋糕妹-：太久没看球了😭
1479,陌路scc：0观众重启可以尝试
1480,女神：致敬逆行者们，有些人的年龄真的很小，在疫情压抑的氛围中感染了很多人
1481,根正苗红好青年0213：中国没有哪一代人垮掉，谢谢为了爱和希望而战的所有青年。
1482,IT程序猿日常：青年人欢乐多
1483,iBingo：致敬逆行中乐观的你们
1484,陇南司法：无奋斗，不青春！愿永远年轻，永远有奋力向上的力量！节日快乐！
1485,realisv1990：那些逆行的背影，是青春最好的象征！致敬这些勇敢而又可爱的人
1486,落落·WANG：我们用行动用韧劲证明，我们青年，可以挑起复兴的大梁！！！
1487,共1条回复
1488,许魏洲爱唱歌：这是中国的希望啊！90后正在慢慢成长！
1489,AY么YA：逆行中可爱的人们！！感谢我你们
1490,Saminsha：可可爱爱
1491,伦家小团子：是可爱的一群人呀！致敬
1492,伦家小团子：致敬那些青春的逆行！
1493,·Girlopen·：好可爱呀
1494,fpsh-小华：给大家献上一曲《方舱医院真神奇》
1495,共1条回复
1496,智行千里外：有一分热，发一分光，不再做无知青年。
1497,小手的小手手：啊哈哈哈哈，活捉
1498,伊家俩宝贝2015：可爱的年轻一代
1499,oneiur：致敬！
1500,海阔天空酷酷的_88：👍👍👍
1501,Julian-真巧：心态好最重要
1502,帅个球啊：都好可爱！
1503,woailuobobaicai：为你们骄傲
1504,透明废话姬：
1505,爱相随199910：致敬
1506,深还珊瑚：中国的医护是全世界最可爱的人
1507,为人生着色：
1508,一臵暁钕耔：90后，00后已经开始撑起一片天了
1509,一朵大花呀呀呀：
1510,004_hyun：可爱！！！
1511,爱妈88：致敬！！！但是实际的奖励也是需要的
1512,自然老去的青春：青春无悔！青春无价！青春！青春！青春！！
1513,笔直的pink：好棒呀
1514,秀娜ing：最棒的你们
1515,久令大同耀善利：致敬英雄
1516,马克·思·敏鸣：他们都是我们的英雄
1517,一叶一浮生未歇：致敬
1518,smile_EYES：上高中的时候，班主任说我可以学医护，但是大学的时候选择了财务专业，在这次疫情的时候，想起这个事情，心里有后悔为啥当时没学医，特别是看到那么多同龄人都在一线奋斗的时候，也好想成为其中一员。
1519,孙燕姿迷妹：伟大的一群人
1520,不想失眠金女士：
1521,泽涵的微博：谢谢逆行中的中国青年，你们辛苦了👏
1522,姐姐开开：呜呜呜我的眼泪不值钱向你们致敬！！
1523,Guwanshi：90后现在也是有故事的人了
1524,是钰杰：致敬青春，致敬逆行者
1525,陈太阳的海王星：@共青团中央 这个时代的年轻一代被赋予未知 挑战 困难 也被赋予力量 机遇 和希望 时代的弄潮儿是我们 国家的建设者是我们 民族的希望更是我们 年轻一代有勇气 意味着未来的一切都有希望
1526,小眼觑天下：致敬
1527,我丢了我3：看哭了
1528,兔萝漂漂：太可爱啦
1529,Kathy_6916：可爱的你
1530,小蜗牛就是牛：感谢有你们，我们都好好的了
1531,在心中罗小帆：致敬
1532,黑土白山：
1533,黑土白山：
1534,如颖随行_4444_：致敬青春，致敬勇敢，致敬可爱的逆行者们
1535,奶冰甜冻冻：都是去年寒冬里最最让人感受到温暖的人
1536,八点八十分：中国，我伟大的祖国，人民，自强不息的民族
1537,云稚丶：致敬英雄
1538,缇香画廊TizianoGallery：每一个面孔都应该飞扬起来~！
1539,猴子小姐_芊妤：
1540,猫咪最爱的大玩具被偷了：青年节快乐，致敬最美逆行者❤️
1541,K欧恩艺：致敬
1542,六只颜子：你们都是好样的
1543,每天都哈哈哈哈哈哈：可爱的人们
1544,夕瞳崩溃：青春有担当
1545,凡人心情Sweet：感动 致敬 点赞
1546,小杨学习ing：
1547,你永远是我的冠军：#青春逆行的瞬间# 我们的祖国很强大，我们的青年很优秀，一起成长，成为更好的自己
1548,落霞ly：
1549,Super胡_：在灾难面前 每一代中国人都在用自己的行动书写使命和担当 曾被质疑的90后 终于长大 我们在不同的岗位奉献着自己的力量 这世界终于轮到我们发声 中国青年 大有可为
1550,博士买了一头驴：致敬最美逆行者
1551,小颖包了圆：疫情还没结束，抗疫英雄就被辞退，政府无作为的样子！——咸阳市一个院长只手遮天记
1552,JL_ing：致敬
1553,易1128仪：艾玛，咱们九零后
1554,DY云雪：转发微博
1555,DY云雪：不负青春
1556,幸福的兔兔子N：感谢你们
1557,MF521：方舱医院好神奇。
1558,柯柯兔k：加油，我们一定可以赢的
1559,爱雅口腔崔兵：少年强则国强。为我们90后的抗疫少年90后骄傲
1560,这是ZMW：可可爱爱
1561,伯贤吖ning：向逆行的你们致敬！
1562,立夏十七：致敬抗疫青年
1563,爱笑的喵喵喵小姐：好感动啊😭
1564,雪月易峰：致敬
1565,武功小老弟：好魔性
1566,UltraJoker：都是摆拍
1567,给达子挣狗粮的：英雄
1568,奥斯陆的长腿轰姆：“这世界属于青年，就让青年改变世界。”
1569,Alex丶岚墨：中 国 青 年 图 鉴
1570,sullime：不管处境多艰难，压力多大，我们还是可爱的有朝气的青年人
1571,隆咚羌-咚羌：看哭了，这个年纪，真的泪点特别低。因你们的大爱，让我感受到爱
1572,夜宵来份小龙虾_：致敬那些青春的逆行者们
1573,小小烧麦吃吃吃：你们是最美的人！青年节快乐！
1574,闹学记HH：瞬间看哭
1575,小圣是我的狗狗：棒棒的，点赞90后
1576,XiTZh：特别棒，青年一代，“身为一叶无轻重，愿将一生献宏谋”!很骄傲
1577,小弟臭臭_：人定胜天
1578,LR4ol：致敬
1579,我爱小动物2999：@方方 这就是你说的极左青年吗？
1580,空白者789：这才是热搜该有的样子
1581,现在明星都是恶心的东西：他们是我们最应该崇拜的人，而不是那些垃圾流量明星
1582,GoHi江：//@根正苗红好青年0213:中国没有哪一代人垮掉，谢谢为了爱和希望而战的@冯磊Alex 所有青年。脑子有坑
1583,张乄恒升：美哉我少年中国，与天不老！壮哉我中国少年，与国无疆！
1584,AWMYBYER：感谢他们的负重前行，为我们带来安和的岁月
1585,苦苦苦苦巷：作为一个02年出生的孩子 一直觉得我们这个年纪的人都很小 但是直到这次抗疫 有很多00后的人 才发现我们已经长大了 要学会保护世界了
1586,安康的姆姆：你们的样子真好看！谢谢你们！90后！
1587,爱晗13230：中国中国有我，有希望
1588,lave121：
1589,-小糖君-：最可爱的天使
1590,我到底要取什么微博名：@日光浴哦
1591,yangfan3519：疫情下中国青年的样子#很可爱！#情感##情感[超话]#
1592,花已如约而至：哭了T﹏T
1593,且行且歌1982：致敬青春，致敬无畏的逆行……
1594,蒺藜谷：懂王：其实只要我不死，我就很满意了
1595,共6条回复
1596,iBingo：6万以后是8 9万，然后是十几万 百八十万 几百万 几千万 三个亿 0
1597,共12条回复
1598,一个不愿意透露姓名的妇女主任：这个世界上两种人的话不能信，一个黑眼圈的，一个白眼圈
1599,共11条回复
1600,式微胡不归mm：特朗普：不会控制疫情还不会胡说吗？这是我的看家本领，谁能敌我？！
1601,神经裤衩：八万条人命，还算成功。希特普
1602,一只媛宝：特朗普：我没错，我很优秀，我是总统。
1603,美丽大侗乡：川普:能保家人没事我就算成功
1604,喜总：脸皮真厚咬都咬不动
1605,共1条回复
1606,湖南城事：这个垃圾，不把美国人民性命当回事
1607,落魄皇城o0：反正不是我天朝人，我跟川普的意见是一致的，我也很满意！
1608,ALEX神州老虎不吃面：特离谱大统领总是正确！
1609,传说元宝：迟早会说，没死200万就算他成功
1610,共1条回复
1611,racer007：主要是美国国内缺少类似南方、财新、新京这样的媒体，没有人把能引导美国民众的情绪，挑起愤怒。把怨恨指向政府和体质。感染几百万，美国人民依然悠哉悠哉。全世界媒体也跟着傻乐。
1612,共2条回复
1613,李洙赫太好看啦：我也对他的破坏力有信心
1614,西西里里厂：建议疫情过去后授予特朗普总统诺贝尔不要脸奖
1615,BONGGG：呵呵，反正他做的好，都是他的功劳
1616,大宝儿份：总有一天会变零的(没人了)
1617,范提亚：很难想象，如果在国内敢说出这句话的人还活蹦乱跳的
1618,头号v阿松：在床破眼里，哪怕死亡一百万以上他都是有功的！
1619,西湖食家：关心人家死多少对说谎成性的特朗普没有任何作用，也没有意义，因为全世界都知道这个人流氓秉性~
1620,云凌霄WB：行，你说多少就多少吧！
1621,知足常乐_李李：老特不在乎死多少人，确诊多少人，他活着和他的总统地位在才是最重要，坚决支持老特连任
1622,小梁娟娟：为什么特还没被传染？
1623,康叔大师：就算死一百万人他也会表示很满意，因为他的政府打算让美国人死120万至200万。
1624,"十一月的距离：For him, 再多几个零也是他的功劳"
1625,霓裳顾命戬：已经近7w了，等到9w在说个数字？
1626,西西里里厂：对于特朗普来说这只是一个数字，而对我们来说，这是一个个生命。
1627,dongzm：胆子小了点
1628,梦想成真-1977：说实话，我对建国同志说的话基本上就当一个笑话。你要认真听你就输了。这是美国现在真正的疫情高峰期还没到。说句人话就是死人死了还太少了！！只是美国普通百姓被欺骗。选出这么个总统呢，真是他们的民族之大不幸。
1629,ToUniOne：即便最后死亡人数超过预期  特朗普:还好  我们做的不错  至少死亡人数没有到xx万那么糟（xx万要比预期的数量多很多）
1630,冰雨金币：五月份随随便便破8
1631,冷竹清羽：天天拿模型估算，这不是科学是玄学
1632,共1条回复
1633,西哥驴行日志：美帝给全世界抗疫拖后腿，不要脸!
1634,共1条回复
1635,逃离土城：我说的是6.5万然后，它上升了，然后迅速上升，，，这就是我们做得很成功的原因。，韩国说我们抗击新冠疫情做得很好，我们失去了6.5万，，原来计划可能死220万人，
1636,FQYD519_734：草菅人命
1637,贺江东流水：你，总是那么优秀
1638,风隐工作室：授予神医川普诺贝尔医学奖
1639,再也不敢说再也不敢问：美国共和党派的上流人士都是打过疫苗的，生而平等在美国根本不存在，逝者安息米国平民思想沉睡中，更像是屈膝于掌控美元的米国上流们。
1640,里格猫：特朗普：不错，自嘲完美！
1641,人力资源胡卫东：从什么时候开始，到什么时候结束？怎么算这笔账？
1642,嘻哈仔2021：过了十万之后就会改口，“只要不超过20万，我们就做的很好了，本来要死上百万人的！”
1643,共1条回复
1644,拂晓风云：分母设定越大，分子越小成绩就越好！
1645,82年版JHD：他应该把美国总人数都估计进去，这样无论变什么样都是对的
1646,谢晓虎tiger：唉
1647,顾海的思懿：我的天哪
1648,2噬元兽2：今天已经8万人了
1649,思考的对象：美国人的命是数字？
1650,pnmmm66：真是：还不如小布什。。。哈哈哈哈。
1651,一一碧水蓝天一一：看看他再过几天怎么说？
1652,桃之蓁蓁轻珉重玉：只要我的底线无限往下降，良心的负罪感就追不上我
1653,羽雪葑霏：川建国一心为党为人民，不削弱美国誓不罢休！
1654,如曌-曦曦：死那么多国民还在炫耀死得少，做美国人命真贱，命都没有了，还伟大什么。短短时间就拜拜了，自由民主美刀跟你有关系吗？被体制政客洗脑卖了，还伟大个屁啊！
1655,-谢筅笙-：真的是从没见到哪个大国的领导人这么不要脸的……
1656,涵伝yy：特朗普他是一个好的企业家，但他不是一位好总统
1657,青春水平线：没有220万确实做得很好
1658,快乐_牛魔王：继续死鸡撑饭盖吧，看看能不能撑过这届总统大选！
1659,"欧佬唔系勾佬：算术题 每次改口增幅50~60個百分点,问美国人口够川皇改口多少次?"
1660,陈方池：反正他不记得自己说过什么，怎么都是满意
1661,爱秦爱汉：呵呵神经病总统。。。简直笑话一枚
1662,伽罗盖房不用瓦：反正之前说过不控制死亡一两百万，最后只要少于这个数都很成功
1663,木灯霞飞：预测死亡人数对疫情完全没有正面效果
1664,枷锁哐当哐当：然后9-10万，然后10-12万，然后12-13万，然后13-15万……，川普仍然自信大方的大肆炫耀“我们成功了”！
1665,jack_j11：不是批准了神药“人民的希望”了吗，怎么反而死的更多了？
1666,谦虚的傲气775：特朗普:我们做的很好，才几十万人SW
1667,四叶草梦hjt：没死二百万我们就已经成功了
1668,木易来啦：他不该口，就不是他了。光在微博视频上看他说话不靠谱太多了。
1669,卟喓哾吪：就喜欢你这样胡说八道 开开国际玩笑
1670,天狼知行：不，220万
1671,静女Lee：哎
1672,文馨气香：川普脑子里缺少”脑白金”了，该补补啦！！
1673,仁义人员：好样的美国人：被特朗普叨妈还说他好
1674,-弦歌芳华-：老腊肉脸也是够厚
1675,诺利姆-廖：谢谢川大统领带给我们的快乐
1676,道理不深言语多：言多必“食”！
1677,诗雅花香：留给川普的日子不多了！
1678,forMacragge：永远成功特朗普
1679,嗳我妳怕仂嚰：真不容易，脸皮得多厚啊
1680,小鲤鱼鱼鱼Y：川普迷之自信
1681,Max-Mamba：这是对于生命有多不尊重啊
1682,李嵩0905-武汉：美国肯定是原发地，看看现在的感染人数，全球第一，还有19年的电子烟肺炎的CT照，所有的证据证明美国就是原发地。
1683,饭豆子翻斗子：川普你直接说3亿，这样就不用再改口了
1684,bnstg：记得到时候给做个“改口特辑”。
1685,殷夫人杨依兰：特朗普：死亡人数少于十万，我太出色。死亡人数大于十万，中国坑我，WHO害我，媒体骂我，驴弹劾我。所以，我的精力被分散了。
1686,曲有误盼卿回顾：6万以后是8 9万，然后是十几万 百八十万 几百万 几千万 三个亿 0
1687,共1条回复
1688,LvJohn的世界：这么严重，他居然没事，看来前段时间做法有用了
1689,超马锦：一本正经胡说八道
1690,常蒙一一律师：特朗普：我会把你们全部送走的。
1691,常蒙一一律师：特朗普：你们先走，我垫后。
1692,悠悠美丽说：您客气了，先定个小目标……
1693,亚得里亚海的飞行员_314：现在已经7万了，12万至少
1694,Vin南zz南都是你：为什么我一直觉得他长的像只猴
1695,听雨-QAQ：为什么死者的家属们没人出来抗议呢？
1696,太阳屯17567：不知道美国的中下阶层如何生活得下去
1697,变态進仔：第一次知道…只要够厚脸皮.吹得一口牛逼就能有人选你当总统. 喔 忘了还得有钱
1698,米凯拉斯1：民众容忍度真是匪夷所思
1699,瑞朦小间的犬夜叉：不管什么结果，反正我对自己很满意，你们怎么想我，不重要。
1700,耳东金金金：一次多说点吧，省的又要改口
1701,a斯巴甜丶：特朗普计划用新冠解决失业问题。
1702,Janey_Leei：美国有防吗？感觉放任自由
1703,盛夏的盛夏Shy：也许这就是人生吧！
1704,鹿紫兮：。。。
1705,Orcus_轩：就算是“干得不错”，也是医务工作者们干得不错。
1706,瑞霞漫天飞：很快又打脸了，特赖皮脸皮厚抗打
1707,听海20140918：我觉得10万也挡不住
1708,木易20200101：摊上这么个领导，还是老百姓倒霉
1709,X庞海大大：美版F1
1710,爱以须横天下：没事，很成功，比登月这个故事成功多了
1711,月亮说喜欢你：拿220万做参考，傻瓜都有自信
1712,兜兜揣把糖：川普的人工神经网络
1713,SherbetSpear：感染人数才110万，急啥，老特承诺要死220万。只是这可能是他唯一一次能兑现的承诺
1714,农业频道冉冉升起的新星：自信点，还没3个亿，可以说老美在这场战斗中取得了重大的胜利✌🏻
1715,活在冬天里打滚的狗：希望世界平安
1716,正忙倒忙都要帮的热心网友：死得又不是他，他当然不在乎
1717,兔兔依呀：关键是米国人民太好糊弄了
1718,流口水的时候打哈欠：牛皮
1719,我是造谣：大统领应该向日本索赔！！！免除日本持有的美国国债！！！
1720,理想不点儿：呵呵～都学会抢夺智库的饭碗了，山寨是全方位的
1721,天上翻腾的鱼：被你抢了风头
1722,共9条回复
1723,老小12138：如果美国捕杀大黄蜂那无疑侵犯了大黄蜂的自由
1724,奥朗德：应该给大黄蜂猎杀美国人的自由
1725,oO烟波无际Oo：对啊，又多一个噱头
1726,共8条回复
1727,漫画相机：说好的自由！
1728,吾乃蛮夷也：回复@SergioZz:怎么没关系，对于打杂抢也是美丽风景线，去极端化的学校就是集中营的美国，既然那么喜欢泛化自由，我们就顺从它的心意啊
1729,共16条回复
1730,忘了：确定不是间谍自己捉回去研究结果跑了？反正也不是第一次干这事了
1731,深邃bingxian：不不不，他会说：大黄蜂是中国🇨🇳实验室产出的，专门派专机飞往美国放生的
1732,倾城繁华遇见：“大黄蜂”不是美国制造吗
1733,共8条回复
1734,宇文-朝阳：自由
1735,共1条回复
1736,玉都香醇养生酒业：恶有恶报！美国佬一直都是强权霸权主义，侵略其他国家牟取利益而生存！祸国殃民，使百姓流离失所，死伤无数！这也是上帝对他们这样恶贯满盈的刽子手的惩罚！多行不义必自毙！
1737,摄影师毛胡桃：说的太好了，作恶太多，自有天收。
1738,Chaozer丶：看起来挺好吃的不要惊讶，我是云南大山里的孩子
1739,室温二十四度已：油炸后巨爽
1740,妮妮酱的XH：这是老土蜂吧
1741,共11条回复
1742,从_来没有：日本大黄蜂
1743,哈尔滨李琳：各种入侵！
1744,咔嗒响的骨殖：哇偶
1745,西铭的夏天：特意找亚洲话茬
1746,王大肆C-SIR：鬼头蜂泡酒治疗风湿
1747,儛文弄嚜：蓬佩奥欠蜇
1748,麻雀男1号：新型冠状病毒肺炎.龙卷风.大黄蜂哈哈
1749,大林乐之路：再怨中国吗？怨中国放蜂子蛰他
1750,铁木_Owen：这不索赔吗？
1751,Park_V：大黄蜂不是博派的吗，为啥还杀人，叛变了？
1752,垚林201607：我总觉得大黄蜂跟美国有关。
1753,_东_风恶_：今天在贵州遵义也出现了一只
1754,大众互助共赢：看蜜再蜂这眼睛👀就跟你有仇让你成天研究？这回研究研究，还zhē不死你了？
1755,大猴仔吉祥：天道有轮回…人心还是善些好…
1756,口哨音乐VS江辰东：拯救美国的英雄来了 帮他们解决痛苦
1757,xfyelsjd：真可怕这种黄蜂！
1758,菜鸟入门：
1759,痛并快乐着呗：牛逼
1760,止水jing：应该放任动物肆虐，人与自然和谐相处
1761,Nover_高文德：
1762,akin鹏飞：我老家早几年就有一个被黄蜂蛰到死了
1763,supergamei：这货曾经一下把我大学室友送去医院
1764,你是我的召唤兽：你们这些愚蠢的虫子太不长眼了，竟然敢在老虎头上扎刺！
1765,狗贼莫要跑：这不是虫子，这是变形金刚
1766,你是我的召唤兽：回复@狗贼莫要跑:要是外星生物就更能理解了
1767,RomanceChocolate：假面骑士是你吗
1768,努力奋斗吃咸鱼：看成两米了
1769,痞又怎样：这是芈月传里那个杀人蜂吗
1770,地面猛虎barbossa：金环胡峰
1771,azzz阿灰：最害怕这种，要是能吃还行关键看着太吓人了，我记得之前吃过那蜜蜂的崽崽油炸真的好香，这种看这样子都吃不下，而且太危险了。
1772,东莞市大仁佑环保新材料有限公司：让新冠肺炎和亚洲黄蜂来得更猛烈些吧，把邪恶的米国杀的片甲不留，他们就不配生存在地球上
1773,XqKj新青年：咋不飞到白宫 蛰大统领下
1774,行走的粥：长得跟小时候农村的土黄蜂很像哎。不过没有近5厘米这么大。
1775,丿龙云：来中国把他吃成 濒危物种
1776,Manassas127：金环胡峰中国本来就有啊，南方的菜市场都有卖，在吃了，在吃了.jpg
1777,Shenghaha1203：哇哦！
1778,五十度肥肥肥：Bigwasp  哟哟哟
1779,Bonjour-Zoe：哈哈哈哈哈 笑死在评论区  网友们太可爱了 哈哈哈哈
1780,金金金桔_：@潇哥是本书
1781,龙江小子025：一波接着一波啊，美国🇺🇸 你是要走向人生巅峰了吗！ ¡评论配图
1782,GanZhou林哥：这黄蜂应该是日本派出间谍杀手
1783,ShaneShaw31：@博物杂志 我国会有吗，前几天阳台飞进来一只类似，被踩死扔出去了
1784,Rio-Number5：亚洲大黄蜂？那该向全亚洲索赔了。
1785,月光火苗：登陆平台增加人脸识别系统，玩游戏时增加指纹鉴别系统，声音识别系统。充值只能去公安局派出所充值。
1786,人民公摄王Sir：看来美国很快会在地球上除名了，加油美国
1787,灵南神羽：给大黄蜂自由！评论区那些美国狗去S吧！！
1788,海边的济南人：特朗普说，蓬佩奥啊，让中情局查查是不是中国造的大黄蜂？不管是不是就说中国实验室制造，运到美国来的吧？另外去联合国告一状。wHO就不用去了，反正他们是一伙的。
1789,我谁二驴女儿坚强平荣：大黄蜂加油，争取变形……冲啊
1790,小啊啊啊黄：擎天柱正在赶来支援
1791,幽默的真心换真心：应该的入侵米国、看来天要灭你啊米国！恭喜你成功的被新冠小姐姐带领大黄峰横扫米国千军万马！直接进入米国五角大楼和米国军队！
1792,热衷力量举的摔跤手：“没人比我更懂黄蜂”
1793,飞翔吧宇宙：善有善报，恶有恶报不是不报时机未到。这就是对恶人的报复。
1794,逗B乐一个：好像以前说是，美国实验室培育的
1795,岳桦珠宝：大黄蜂在美国不能杀，否则擎天柱会发动汽车人，灭掉美国的
1796,狗贼莫要跑：
1797,Aaron是个大侠：我靠…这次51回家还在老家看到一只…妈的得有7厘米长…看的我都懵逼了…第一次见到那么大的
1798,lhl83011：大黄蜂给大统领贺喜来了，这样，大统领就又有可甩锅的对象了。
1799,大众互助共赢：这世道不讲理啊！美国都那噻样了才飞大黄蜂再来点狠的特朗普连带寡妻和那不知道哪个种的孩子一起死👏👏👏👏
1800,追不上的羊咩咩：大黄蜂不是美国制造的吗？
1801,追梦人轶事916：川普这次又多了一个甩锅对象
1802,2025IPRwO：牛甲狼
1803,浅草依舍：不就马蜂吗？喜欢户外运动的美国人还是当心点，这个蛰一下一个大包！
1804,极度善铂爵：想亚洲索赔
1805,诡秘苏醒：我怎么想到《球状闪电》里的情节了
1806,JONY002：这种看新闻有意义吗
1807,斌小裘：要是大黄蜂像蝗虫一样入侵中国，该多爽
1808,六羡歌_86080：变相让民众不出门的法子？
1809,小公主永远爱91：大黄蜂不是🇺🇸的嘛
1810,逸默Free：幼虫油炸！成虫泡酒！
1811,香水百合微微的：为什么亚洲人就不团结！n n
1812,沈文郜：美国🇺🇸什么都是第一
1813,沈文郜：美国🇺🇸真是第一
1814,三秒规则：美国应该起诉地球，重力把美国人困在地面。
1815,inspire_sun：自由成就了美国，也害了美国，美国部分人民现在天天嘴上喊的自由感觉不再是以往人们向往的自由，自由过了火，就变成无知！！！
1816,我叫徐欣我不会乱说：这下面轮播的是天气吗……
1817,鱼说海是蓝色的：美国白猪一天到晚觉得全世界都在害他们，新冠是中国的，黄蜂是日本的，化武是中东的，海盗和埃博拉是非洲的，操控大选是俄罗斯的。就上帝耶稣圣母天堂是你们的，所以你们都上天堂去吧，哈利路亚！
1818,darkstock：亚洲杀人大黄蜂？你确定是这么称呼的吗？那个组织冠名的？
1819,peiliye：这个幼蜂好吃，成年蜂好泡酒
1820,风神浪子1968：派出我江浙特种部队~三黄鸡，杀他个片甲不留
1821,摄影师毛胡桃：还要向日本索赔吧？
1822,小蜗牛的大理想：是辐射了？还是生化了？
1823,风神浪子1968：2英寸是超过50.8毫米
1824,小筱筱yi：跑，赶紧跑，千万不要，回头拍照
1825,西瓜地里长苹果：这就叫人不收拾你，老天爷收拾你，尼玛太坏了
1826,心碎新寒：黄蜂女可能没得拍了
1827,苏HES2758：懂王没向亚洲索赔吗？
1828,马刘耿：美国的各种言论太奇葩了
1829,吴路平0919：看到你们这些小可爱的评论，我咋就这么开心呢 ¡评论配图
1830,绝情谷谷主小宁：大黄蜂擎天柱
1831,德啦思维杰：天灾人祸！美国人民苦难深重！都因为特朗普，彭斯，蓬佩奥，这三个狐狼团队丧尽天良所致！尤其是蓬佩奥这货色简直禽兽不如！
1832,富于爱宅着ff：//@Park_V:大黄蜂不是博派的吗，为啥还杀人，叛变了？
1833,singjob：正义的使者挥动着翅膀扫除罪恶
1834,仙女良心不痛：没有人比我更懂大黄蜂
1835,阿拉阿拉类：杀人蜂:美国，自由的味道我来了
1836,星暮十二：可别说是中国传过去的
1837,快乐起航88：哇  长得好霸道
1838,无锡利刃：美国想以毒攻毒
1839,张玉恒鳌墨书画：会不会到时又是中国输入的呀？
1840,橡子橡子橡子：🙏🙏🙏🙏🙏
1841,官官886：老美这次又像甩锅给谁？
1842,炫酷的小晨晨：我看到这个居然想到怎么弄好吃
1843,喜马的梦想：在我们云南这东西就是泡酒的好东西，老人说外涂可以治风湿，不能内服！不过我们地方还有一种黄蜂，感觉有个小指头大小了，是亲眼所见三只蛰死了一头水牛。
1844,CY杨霖：这是不是马蜂
1845,炎炎315：变形金刚
1846,我们之间-李静：霉国，自作孽不可活
1847,电影小怪咖：fake news??
1848,大雄的平凡之路：你是哪家媒体？CNN？假新闻，下一个。
1849,凯撒仙人掌：又要索赔了
1850,丶还可以：F18非叫大黄蜂，这回黄蜂了
1851,大方牙：怪不得拍的灾难片这么真实
1852,伽俐略的小球：这次不一定日本赔多少呢
1853,姚非言crystal：自己制造自己间谍捉回去想害别人，结果不小心飞了就害自己罗，
1854,我上辈子一定是汤妖：或许特朗普有办法解决
1855,这个号还在用：蚁人！快出来！
1856,HuiPerfect：省外湖北籍输入查出来10个，省内一个没有别说老外不信，我也不信
1857,共172条回复
1858,菜菜kana：连续三十日无新增大家也不要太过于放松，这是到了收尾的阶段了，大家还是要听取专家意见，注意保护好自己呀
1859,共14条回复
1860,凯MrsL：所以，大学准备开学吗
1861,共67条回复
1862,未来可琪c：境外输入那么多，不见你们蹦跶，湖北输入几例，就开始阴阳怪气，还有说湖北输入要记入湖北的，那境外输入那么多，是不是也要记入国外或者对应的省
1863,共20条回复
1864,像我这样执迷不悟的人：无症状的为什么不算
1865,共31条回复
1866,毓毓爱吃鱼：高校快开学吧。考研党顶不住了
1867,共15条回复
1868,逃夭阿：加油！！！一切都会越来越好的！
1869,是吉野唛熙吖：所以湖北高校啥会儿开学  不开学了能不能通知一声
1870,我要时刻保持冷静：所以湖北高校什么时候开学
1871,共5条回复
1872,你好squirrel：武汉的大学什么时候开学？
1873,把王一博抓走：越来越好了，希望个疫情早日结束
1874,小方今天学英语了吗_：明明新增了很多无症状感染者只是不敢报而已🤷🏻‍♀️
1875,共7条回复
1876,歌帝梵桶装：期待湖北的全面归零！
1877,11点要睡觉觉了：
1878,共7条回复
1879,懒人汪：为什么出去了别省就能查出来？？？
1880,共26条回复
1881,王小呆努力牛转钱坤呀fighting：山西增加的人那个是湖北回来的
1882,共6条回复
1883,Soohyun_Baby：湖北讲的数据都不可信，凭着绿码输入其他省。
1884,共17条回复
1885,神奇小猪饲养员：加油！希望越来越好！早日结束
1886,承德栗栗：别的省有湖北籍确诊
1887,牧民托尼贾：所以湖北高校还不开学？？？
1888,干净么食安：都算无症状了。
1889,江苏晒黑：省内无症状的一个都没转确诊，出了省无症状就容易被转确证，奇怪了
1890,沉睡的梦貘：最近三十天，湖北出来的被确诊或无症状的，不止一个两个吧
1891,V你认真你就输了：其他省份都有确诊湖北输入病例，为何湖北零确诊啊！课代表有吗？这得细品了
1892,共10条回复
1893,Hong-star：既然这么能忽悠，那能开学了吗
1894,古月小居士：无症状感染的还是要加紧排查
1895,YangyangQi：山西五一确诊的湖北返回人员不算对吗
1896,共2条回复
1897,鲁迅的秋天：这个数字有什么可怀疑的？国外都是几万几百万了，我们还有必要隐瞒几十几百个病例吗？我们的无症状每天都在及时通报，你可以自己统计啊！#湖北近30日新增无症状感染者677例#
1898,Only-forZhuperb：合着无症状都不算呗
1899,ThingsNeedToBeRemembeR：我也感觉，湖北没有任何新增，新增都在别的省。。。
1900,小秋小秋啊啾啊啾：湖北高校还开学吗？给个话有那么难吗？湖北教育厅有活人吗？天天拿钱不干事？
1901,共3条回复
1902,Cat-miumiumiu：每个湖北出来外省的人是不是都该做个检测
1903,共1条回复
1904,元气少女记事簿：无症状的数据为什么不公布？
1905,城南花已开82887：我们这边小地方都有无症状的，大家都警惕起来了隔离一大堆，为什么说无新增
1906,是虞宁吖：加油 ！一定会更好的！
1907,冰淇淋奶盖七分甜：一切都会好起来的！春天可能会迟到，但一定会来
1908,龏奭嚻艸：感谢所有人的不懈努力🙏🙏🙏
1909,何仙姑：希望能够越来越好！加油
1910,辣条味的十七：加油！希望越来越好！也希望大学生尽快上学
1911,一夜暴富的小柚子：湖北无症状的，没有发现传染给密切接触者，放心好了！
1912,Candy樣樣：啥时候能自由进出湖北
1913,Yam_Cha：恭喜湖北
1914,一大于二之道：好看的皮囊千篇一律，有趣的你我万里挑一，伟大的灵魂亿万分之一。
1915,明天一起吃饭ne：所以高校什么时候开学！
1916,快乐you我C：武汉高校大概什么时候可以开学呢
1917,瞌睡虫不想打瞌睡：高校快开学吧
1918,顾怀期_：所以大学生开学安排下吧 jyt别装死了
1919,奶爸小开：嗯，都跑到外地去了
1920,白羊座最初的記忆：所以什么时候开学啊
1921,秋三公子：加油！
1922,norah流浪的每一天：武汉高校开学吧！让我们这些想回学校准备考研的人选择回学校吧！
1923,邹和林让患者不痛：哪个信
1924,琴笙锦瑟：加油，愿疫情早日过去吧。
1925,宝藏桃可儿：加油 太棒了 再1个月吧兄弟们坚持住！为了夏天不带着口罩
1926,泡椒凤爪爱阿雕：太好了太好了，越来越好了
1927,颖颖在努力啊_：加油！一切都会好的
1928,纸扎铺老板娘：经历了这一次我才发现在中国生活有多好，这一段时间的国外总给我一种在看迷惑大赏的感觉……
1929,牡丹花下王：真的好棒，所有一切会越来越好的～
1930,全智鲜：坚持下去 大家加油啊
1931,黎鸢呦：越来越好 加油
1932,今天JinXing要嫁给我了吗：冲鸭！就要胜利了
1933,旺仔啾啾橙：希望能够越来越好！加油
1934,共1条回复
1935,定义美学：一切都会好起来的
1936,两盏雪酒：越来越好
1937,上下不一样：说再多没用，现在还是湖北出来的一律14天先隔离了再说。
1938,我也曾试着用心_：谁信啊
1939,刘振欣：湖北人被歧视，我武汉身份证1月16日离开武汉再没回去过，现在各种不方便。去北京12306买不了票，去某些省要你武汉7天内的核酸检测报告，某些地区武汉的检测报告不认，让你当地再检测。，去某些酒店看到武汉身份证就不行，别说什么国务院的行程码、当地绿码，一律不行。生而为人，请你善良！
1940,冲上五庄巅峰：那湖北为啥还买不了  去北京的车票   让那些务工人员怎么办？
1941,气氛热：湖北的成绩做的已经比别的省好太多了，而且从清零到现在都一两个月了，求求你们，一直说科学评估，求求你们现在评估一下吧，大学生求您了嘞，湖北大学生等不及了
1942,潜水的围观群众：你就是100天无新增也没用，除非全国没病例了，不然湖北籍不得入内
1943,梨子妹妹呀：省厅针对我们大学生开不开学说一声行么
1944,摇乐树：反正单位要求员工不能出市，离开要审批，出省回来要隔离七天，出省到湖北要隔离14天。
1945,我是莓鬼太bubble：会越来越好！
1946,全世界一起单曲循环：那湖北为啥还买不了  去北京的车票   让那些务工人员怎么办？
1947,共1条回复
1948,肉多姐_：湖北人外出就一定是在湖北感染的吗？真是搞笑，在家三个多月都没问题，怎么，一去外地就有问题了？路上没有感染的可能？甩锅不带这样的
1949,Sunshine乄浅笑：
1950,青椒炒蛋盖饭：湖北血清双阳为什么不用理会？好多复工查到血清双阳但是说只要核酸阴性就不要紧？
1951,jia宝有点傻：那我们这里怎么这么多湖北输入的无症状感染者?
1952,小小雨雨309：所以湖北人可以正常出省了吗？还是不行
1953,杰斯特比雷：相当奈斯，这是大家共同努力的结果
1954,turn·my·swag·on：连续三十日无新增大家也不要太过于放松，这是到了收尾的阶段了，大家还是要听取专家意见，注意保护好自己呀
1955,花月唯一：恭喜恭喜！武汉清零！！！胜利在望。
1956,3joel：湖北现在是最安全的地方了
1957,LeonardT：在湖北的人员回京，什么时候不需要隔离？@北京12345 @北京发布
1958,共1条回复
1959,33号kaleidoscope：太好了 加油加油
1960,共1条回复
1961,Sunny彦7：真好
1962,茉莉暗香白：中考孩子什么时候能开学？
1963,湘丹-中医是宝库传统文化的钥匙：人类的健康中层次的，健康是扶正固本，即如葛洪抱朴子内篇所说，招魂复魄，上工守神，让神志魂魄归位。中层健康是红尘凡夫俗子的最高境界的健康标准。叫神守位。            高层次的健康是修身正心，超凡入圣，天人合一，精神文明建设是人类追求的最高的灵性健康标准，
1964,湘丹-中医是宝库传统文化的钥匙：人类的健康，有三个层次，最低极的健康为无症状健康。人体有麻，冷，热，疼痛，酸胀等等的症状，这视之为病症，在肉身上消灭这些症状为治已病，什么对症下药，什么妙手回春，无症状者，即为健康，此为下医，      中层次的健康是扶正固本，即如葛洪抱朴子内篇所说，招魂复魄，上工守神，让神志魂魄
1965,紫陌红尘_0825：别吵了，中国不会超过100万，不能第一了，快被挤出前十了。
1966,-星色搖曳-：加油💪会越来越好的
1967,LiveNHandle：真棒！
1968,丹宝Maria：恭喜恭喜
1969,启动最有趣的夜间模式：呵呵，那山西5.2新增的不就湖北过去的吗？才刚好点，湖北领导又来那套
1970,肉肉要成精xz：希望疫情早日结束
1971,愉人姐：加油，愿疫情早日过去吧。
1972,·85号奶泡水·：加油！！一切会慢慢变好的
1973,·贩月公馆·：加油！
1974,狮子冷月1016：会越来越好的，我们这里也快开学了。
1975,木子你醒醒：不开学能不能通知一下？教材都给我寄回来了，说句明白话
1976,柒柒丫0oo：加油～一切都会好的
1977,流留刘流：太棒了，加油，把病毒赶出中国🇨🇳，还是要严防境外输入病例
1978,敬亭山的月亮：加油
1979,氖声氖气NE：加油!希望一起早日结束
1980,菲娜U：加油！
1981,东仔的朋友圈：武汉高校什么时候开学？
1982,Irises6120：🙏🙏🙏🙏🙏🙏
1983,噗桑君的梦想2020：湖北加油！
1984,·小恋梦游记·：加油
1985,starlight-晗：湖北加油
1986,S·W·T：会越来越好
1987,Bjt-You：加油！
1988,优米熊的小妍：加油！
1989,枿亓：
1990,大熊笨人：麻烦写清楚：这种东西叫日本大黄蜂。
1991,朵尔滚呀：川普不会说这是我们中国派去的吧？
1992,Thea左佐蓁予：难道是大黄蜂因为看不惯川普老是放屁，所以去吓唬吓唬
1993,大叔游天下：估计川普又要甩锅了
1994,麦吉克杨：可能是中国派来的 得要求赔偿
1995,乊A乊永琪你得支棱：震惊！疫情期间华盛顿州为防止居民外出聚集，竟然引入剧毒黄蜂
1996,也变了：好吃吗？ 椒盐或者十三香
1997,爱说实话的一只猪：日本因为大黄蜂一年死亡50人，美国因为美国病毒三个月已经死亡6万人
1998,mian的平凡人生：查了一下，生活在东南亚一带，叫亚州大黄蜂，不是亚洲杀人大黄蜂，这种大黄蜂可以一分钟杀死40只蜜蜂。没有说要杀人
1999,爱说实话的一只猪：新冠都不怕，怕这干啥？人总是要死的不是？被病毒杀死和被黄蜂杀死都一样
2000,水之遁甲：这叫日本大黄蜂
2001,背上空空的行囊：川普：这只是普通的蚊子，每年都有蚊子咬人，不用大惊小怪，天冷他们就会消失了。
2002,西门情圣：川普：没有人比我更懂杀人蜂
2003,52刘川枫：奇拉比吗
2004,爱说实话的一只猪：这下，又有机会向所有亚洲国家索赔，从此可以不事生产，专业勒索！
2005,先生的糖果屋：这个大概率会变成“中国大黄蜂”……
2006,麦香土肥圆：这次是来自中国俄罗斯古巴朝鲜伊朗的哪一个？
2007,默默大夜猫：联想到电影《毒液》
2008,安提-利：震惊！疫情期间美国华盛顿州为防止居民外出聚集，竟然引入杀人大黄蜂
2009,吐丝春茧：不妨试着验证一下，与疫情是否相克
2010,不问归期957：看到亚洲两个字，莫名兴奋
2011,啊小莹同学：川普:  这是我做的决定而已
2012,睡无忌：为啥外国老是有各种稀奇古怪的动物？
2013,8-2年的拉菲好喝吗：特朗普：没有人比我更懂黄蜂
2014,-Neos-：嗡！嗡！嗡！
2015,麻子仁丸治脾约：这种东西叫日本大黄蜂。川普:这是中国派来的得要求赔偿
2016,大大城小爱：满嘴跑火车的特朗普和蓬配奥，连大黄蜂都看不下去了……
2017,最想去度假：好消息
2018,真_的小伙伴：一定是顺丰丰巢派去的
2019,紫金湖人KingJames：大黄蜂  那你可以让擎天柱出来跟他打啊
2020,離轨网黃：killer bee？八嘎呀路，扩吗呀路
2021,秦温朝没技术：美国是个自由民主的国家，大黄蜂也喜欢去
2022,青青草原大王：这不是天人交感嘛，川皇失德，天降灾祸。 下一步就等着吃鱼吃到上帝发来的脸书信息，半夜被禁足的人出来唱跳what dose the fox say，自由女神像被挖剩一只眼了。
2023,极好的丨美貌鲨人：然后蜜蜂又得了“新冠状”，它们就就灭绝了
2024,你的Fashion女友：感觉人类的活动少了，其他动物都自由了好多
2025,麻子仁丸治脾约：日本大黄蜂。川普:这是中国派来的要求赔偿
2026,麦兜酷哥：大黄蜂都看不下去嚣张的美国人
2027,南海客人：这世界怎么了。。。
2028,极品：嗡！嗡！嗡！
2029,小邓skr读书人Eason223：哦😯！大黄蜂来了，擎天柱还会远吗
2030,哈尔滨李琳：各种入侵！
2031,天然呆井底之蛙5：大黄蜂：川普、蓬佩奥、班农拿命来！
2032,清晨的太阳668：美国鬼子又要索赔了！
2033,舍赫拉查德的梦：川普：假新闻，你们太糟糕了
2034,划船用桨的蛮小呆：快，无解或搞不定的，甩锅给中国！
2035,要做最胖的仙女：一道靓丽的风景线
2036,一上午把杨凌西边转遍的boy：汽车人集合！
2037,日思夜想的人儿们：别什么都说亚洲，这到时候再说是我们弄过去的就不好了，以为是亚洲人针对他们美国人，这去哪说理去
2038,Voldemort2caps：FGNB!
2039,偏偏天凉好个秋：FGNB！
2040,喝枸杞泡茶的喵喵：新冠都不怕，怕这干啥？人总是要死的不是？被病毒杀死和被黄蜂杀死都一样
2041,王汝红ww：👍 👍 👍 👍 👍 👍
2042,追梦青年不负韶华：好像在电影上见过，现实生活中也有？可怕……
2043,蓉腔渝调：一定是中国派出去的，要刺杀美国总统
2044,易水兮颜：看来，老天都看不过美国了
2045,Eric尔东陈：蜘蛛侠呢
2046,露思控：赔钱就赔钱 十万亿冥纸够不够 不够的话再加三十万亿也可以
2047,麦兜-2037：特朗普：没有谁比我更懂亚洲大黄蜂的
2048,温玉良言：川建国，别说了，中国赔钱吧
2049,瓠匏斝：特朗普：亚洲杀人蜂？，不好，中国会巫蛊之术！竟然召唤杀人蜂前来袭击我国！  
2050,bnstg：不会又要叫我们赔款吧
2051,冰沁啊丶Gemini是仙女奶：嗯，中国派过去的！！！
2052,宁宝宝的神仙姐姐：我看到“亚洲大黄蜂”这五个字的时候，第一反应就是川普先生又要甩锅了。
2053,女娲面具UMi：不要调侃更不要隔岸观火。警惕一下比较好
2054,sumax-yy：越来越不愿意看微博了 天天美国美国的 美国一个闪电都能说半天
2055,喵岁岁啊：美国真好 又自然空气又好  各种有毒的小动物快搬家吧
2056,星星lr：川普:没有人比我更了解大黄蜂
2057,爱搞空得漏滴长沙别：大黄蜂都看不下去你胡言乱语了
2058,大涨姥：看来连上帝都看不惯特不靠谱先生了！
2059,IN工之臣：几天后，他们会有一个天生就懂杀人蜂的人出来说话了
2060,香君__教育行：只能点赞看看特疯子还怎么甩锅
2061,最伟大的merlin：what a beautiful 风景线
2062,再勋：天灭🇺🇸
2063,一丝一缕一炊烟：转发微博
2064,东东大师兄：建国不会又要甩锅给中国吧？明明是日本大黄蜂！
2065,白基钰-_-：大黄蜂！大黄蜂！我是擎天柱啊！
2066,谷桾瀜：电影要成真了吗
2067,Pieneer：
2068,幕懿默了：又要甩锅给中国
2069,Queen-熹：
2070,笑出腹肌的美少女：川普： 没有人比我更懂大黄蜂
2071,张小龙呢：评论是不是有病？
2072,许多多的哆啦A夢：蜂：我只是来找川建国同志的
2073,全在酒里：来自大自然的天灾都是人类共同的敌人
2074,UraCurrymasarata：转发微博
2075,陈好_灵葫善平爱萝莉：突然想起了《藏地密码》里的操兽师索瑞斯卡恩
2076,超没记性的邝建华：或许这就是天意吧
2077,将寤雕虫：他来了他来了，他带着锅向我们甩来了
2078,Damon就是呆_：
2079,葉月32045：好了好了 川普又要亚洲国家赔钱了
2080,君君卓-Nicole：搞不好这个蜂毒能以毒攻毒灭了新冠
2081,锅包柚Goboyoo：吓人
2082,雨后的小水果：这。。。。米果造什么孽了。。。
2083,三体的铁甲：→_→//@大熊笨人:麻烦写清楚：这种东西叫日本大黄蜂。
2084,·熊猫超人：热搜上有几天不见川建国同志了
2085,那就叫我薛律吧：能不能别地域黑，亚洲的怎么会飞到美国，全世界都有。请华盛顿勿拉踩，各自独美
2086,背上空空的行囊：川普：我们的杀人擎天柱呢，应该一分钟就可以消灭大黄蜂吧
2087,心向阳sm：屋漏偏逢连夜雨
2088,商业摄影师大权：川普：中国发动动物战
2089,月明星稀_风清：特没谱:中国人去日本旅游，再到了美国，引来了日本大黄蜂
2090,诺式媒女：#美国遭杀人蜂入侵# 这个画面怎么有点像漫威或DC的电影。。
2091,挽澜啊：建国同志：这是异国的大黄蜂间谍，装有微型摄像探头
2092,泪伤兰魂阁：杀人蜂yyf
2093,Dictateur1：真的是自由美利坚核平每一天
2094,阿Ben很努力：川普：儿子要造反？
2095,盛夏光年的回忆：川普：我们啥都不怕
2096,特约评论员老头子：中国坐等
2097,梁梁梁小泉：看着还挺像油炸的那种
2098,馒头2号无敌：大黄蜂:没事儿，我们就是来看看能不能帮个忙的
2099,边蓝色的云际：有没有飞到特朗普家
2100,我经常访问的人：肯定是中国的生化战争
2101,隔壁的玛丽苏君Elsa：川普: 呜呼哀哉！天不佑我美利坚！
2102,软咀咀：为什么要追踪它？这不是符合美国对待疫情适者生存的理念吗
2103,乙酉年年：坏事做太多，大自然全部要报美仇
2104,天才马斯克：叫特朗普和蓬配奥多做点好事吧！
2105,超没记性的邝建华：美国佬一点都不务实
2106,甜甜有小赞同学：我晕蜂不看！下一个
2107,话唠真菌：这锅快来了，正在路上，有看到。
2108,国米必胜2013：查明来源，立即进行索赔！
