,2020-05-26
0,HZ的selection：这配图。。
1,掰了个呆们：工资又低，活儿又累，要求还多，夜班还多…………
2,每日甜份：提高医护待遇，人自然就来了......
3,宅女追剧：需要提高医护人员工资才会吸引更多的人
4,幻觉欢笑声：就业前景非常好？这话你自己都不信吧
5,瑞博格兰特：劝人学医天打雷劈
6,妞妞你慢慢走：现在的医院不好进，尤其是三甲医院，没有人脉关系钱财不得理你，我朋友在三甲医院规培一个月2100，全医院最低价位，规培护士免费劳动力，工资最低。还倒贴自己租房子住，每个月的水电费房租费用一大笔，2100的工资不够用，还得靠父母补贴，大家说该选护理吗？
7,奔跑的疯子鬼：呼吁有什么用，凡是要呼吁的都不咋的，提高工资待遇才是王道，工资低还容易被大，鬼才干护理呢
8,军文小哥：女孩最好不要学护理，就业率高是因为跳槽和辞职一大堆
9,我爱芒芒果呀：待遇够好，自然会有更多的人选择
10,青藤莫离：你说缺口大，可也要人家医院招啊拿着证进不去医院的多的是
11,奔跑的云啊：说到底都是待遇问题，不光医护
12,白头鹞MarshHarrier：提高待遇别一句白衣天使夸完就没了，不用你说也会有人乐意做，疫情期间微博上几次有医生护士拿了补助又被收回去，我也没看见有解决的博文，辛苦一天还要被骂可能还得被打也没多少钱，你当普通老百姓做慈善的吗？
13,婷婷爱北北：工资又低   干活又多用生命熬夜上夜班 还得不到家属的尊重 “ 我怀着一腔热血踏上行医之路，最后却命丧于自己的信仰之下。”希望这永远都只是一句玩笑话
14,楼下八号座：待遇不提高，啥呼吁都没用
15,李总的小西门：工资低，活多，还不受尊重，都想辞职了谢谢
16,大佬的害羞鬼：需要那么多护士，为啥很多医院门槛还要那么高？但福利待遇真的不怎么好，一个医院招聘护士，成千的人去争几十个名额，只有被选上那刻是快乐的，之后就会有熬不完的夜班和考试，再加上新护士容易被欺负，女人多的地方科室氛围太重要了，熬夜伤身体，等到水蜜桃熬成黄桃你也就差不用夜班了，
17,梨梨梨咿咿咿咿：呵呵，又累工资又低，还被人看不起，要不是和医学有点关系，又有多少人愿意呢
18,人生有限快乐：千万不要报考
19,浅白色的蒲公英：听医院工作的同学也是说未来护理行业会非常好
20,一博的小电车：就业前景好？？？你们真的了解有多少护理专业毕业生找不到工作吗
21,别吻我臭流氓：男性可以么，我蛮想学着照顾人。以后有喜欢的女生了，我可以用自己的专业照顾她
22,2021能成为辣妹吗：待遇问题得不到解决就算选择护理专业也不一定会长久呆在这个行业吧 待遇是指 薪资 受尊重 和被保护
23,冷huo秋yan：脑袋被门夹了才会选护理专业考的试，背的书比上学还要多。
24,forever-阿宁：根本问题不是护理专业的人员少，也有很多护理毕业生待业的好吗。是医院人员饱和，加上高风险低回报的职业风险，还有其他各种原因。如果是因为这次疫情的关系，而呼吁更多的人选择护理行业，我觉得大可不必。毕业就失业的人已经很多了，不要再来制造更多的失业青年了。
25,ym1999_76863：工资底，地位底，又受气，谁愿意去学护理
26,吃包子看猴子：保护人家了么就特么让人家做奉献
27,UNI_xz：安全问题和薪资问题对吸引护理专业的人才很重要
28,奶酷的甜草吖：求求你 别了吧，别再坑学生报考这个专业了招聘要求堪比空姐，又要长的好看，又要身高，还要体重，还要会才艺，一米六以下的别选护理！找不到好医院的！据说上了临床，又累工资又低，地位低，被领导搞了被病人搞，偶尔被医生搞一顿，熬不进的夜班，考不完的考试，我都在想着毕业怎么转行
29,WINNER_XUJIALI：当初就是相信了就业机会多，就业前景好这样的话，现在好不容易面临毕业，实际的就业情况呢？疫情导致很多医院开始裁员，护士资格证考不了，招聘护士的医院又要求有资格证在手，还要有三甲医院工作经验，打电话咨询说明来意之后直接被挂电话！先改变风气在来号召才是有用的！
30,牙齿哨哨：其实实情是学的人够多了，只不过毕业了找不到工作，正规医院都要关系，没关系要么去什么男科妇科医院或者小药店，要么就转行。家里有关系的进到医院了，工资低，上班时间长，病家又难伺候，家属还骂人。就这情况，坚持下去的我个人很佩服。
31,一杯加糖热拿铁：夜班是真费人。
32,小纪战绩：隔壁班同学都说毕业直接转行，不打算进医院了
33,小鸟真的超级可爱：当医生也很好
34,菜喵喵喵喵喵吖：疫情期间加班无数，工资少的可怜
35,云间温-暖：我听着这话莫名觉得可笑和讽刺，或许是被现实打击到了。
36,慌-慌慌慌：呼吁也没用  谁学谁后悔  肠子都青了好吧
37,今天开心了吗做自己了吗：我他妈就纳闷哪里就业缺口大？医院根本不轻易招人就算考试进去了工资特别低不受人尊重谁她妈选这个专业？你上头有政策下面有对策。你落实了吗？你提高待遇了吗？你扩招医院护士名额了吗？医院的人累死都不愿意招新人，生怕绩效分少了，呵呵
38,中国儿科医生：把青春和生命都付出给工作，不停倒夜班、加班、节假日不休，但却拿着生活都不能保障的收入和随时被人打骂的社会地位！谁会来做这样的工作！
39,陈木木王：本护理应届毕业生在家躺了5个月了，你告诉我好就业
40,美筱汐儿：服务对象是人的工作，都很难
41,苏妤曦v：缺护士，要求还挺高，想进大医院还得统招文凭，劝人学医天打雷劈。
42,JH-17104：即将高考的小可爱们.姐姐想说不要被误导.所有的夸赞大多都是道德绑架.学护理.社会地位低.不能陪伴家人.大年三十你也可能在家值夜班.我从大一进学校就开始后悔.到现在还在后悔.想告诉你们护士是用你的青春熬出来的.考试.夜班.培训.无尽的折磨.如果你热爱.没问题.不过热爱迟早都会被社会现状泯灭.
43,JH-17104：算了吧.护理的现在又要身高.又要身材.还要长相.三甲医院你家里面没点背景.你都不要想去报名.最主要你本科毕业吧.别人叫你服务员.干着最累的活领着最少的工资.相当于拿着买白菜的钱做着卖白粉的事.各位即将高考的小可爱.学什么都可以.千万别学护理.你要是问问你身边学护理的人谁会推荐你去读护理专业.
44,青铜工艺品厂：找不到工作你帮安排工作不
45,巴啦啦小魔仙-变身：希望是一回事，实际工作环境和待遇是另一回事了，你要是愿意咋不让你孩子去报考呢……
46,u路灯下的小姑娘u：门槛高，工资低，活又多又累又脏…让人怎么去选择……
47,-小眠羊熟了嘛-：笑死了，累成什么样还安排大夜班，新人去了往死里欺负一个月一千多工资班排的满满的生怕别人死不了，我们一个护理班四十多个人现在转行的有三分之二
48,bobisaman：要对标发达国家，就要全面对标，人才培养的资源够不够，师资力量够不够，都是需要考量的。发达国家可以通过专业人才移民计划全球引进护理人才。中国首先还是要做好基础性的工作，加大有效教育投入，利用好现有的资源。历史反复证明，大跨越式地发展一个专业，后患无穷！
49,亿万的亿年：劝人学医天打雷劈，劝人学护士？过分的话我就不说了，护士又累有没钱没时没休息周考月考季考年考轮番上阵，还有抽查，患者不尊重护士，医生看不起护士，最主要的是你毕业也不会找到工作，医院基本不缺护士，就算比例缺少也不招人，招人也招年轻能倒夜班的，护士工资还不如清洁工！
50,RobinFood：月薪十万 你看有人报没有
51,咆哮的小猴子咩：应该呼吁提高待遇才对，待遇不提高，又累又受气，呼吁能有什么用。
52,scott在：选你吗 我去年一个月工资1900都拿过
53,新火煮新茶009：大可不必，先把对护理专业的污名化予以纠正才是第一要务
54,是少年游啊：我真心建议广大高中生们，不要来不要来不要来，还有能转专业的大一生，快跑吧！你的付出并不能配上你的所得，你听的医生待遇好真的只是幸存者理论，不好的一大把。你不要以为累你可以坚持，只要有钱，其实没钱！我看到一句话说：对很多家庭来说，学医就是不孝。我是现在才意识到这句话
55,程大叔J：护士离职率高的一批，谁学谁后悔
56,爆辣圈：待遇好，人自然就来了 不用劝，现在大医院基本饱和
57,怎桥：领导的儿女会不会去选择这个职业呢
58,上海的早陈：是否应该大幅度增加医疗卫生经费和医务人员的编制、并推迟医务人员的退休年龄（可立竿见影地减缓医务人员短缺的问题，增加培训是“远水”）？
59,是桃子味儿哒：我今年毕业，真的不太好找工作
60,52hertz-9696：对这个职业的失望不是脏苦累，而是一个又一个看不到尽头的夜班（本人北京三甲医院icu护士，一个月夜班至少十一二个，快熬不住了）
61,人间甜饼李起光：你挺损啊 护理谁干谁知道
62,想给豆奶养只三弟：想想一个乡镇卫生院招聘护士要求本科毕业，有护师职职称
63,Xi程Cheng：招护理的时候没说要求身高，一毕业找工作各个医院都要求身高，害死个人
64,帕灿捏：希望首先给护士们提高一下薪资待遇然后再谈就业前景的问题
65,暮岁予一：别了吧，真的太憋屈了，特别是今年的应届毕业生
66,第七座南城：疫情期间，基本工资低。没患者没奖金。没补助，干着危险的活。月底开的钱养活不了自己。患者也不理解，该说说该骂骂，谁都会呼吁，谁又真正了解
67,ybq小杨：改善护士工资待遇问题是根本
68,去吃宵夜：可是今年并不好就业啊，护士执业资格证考试推迟了考试时间至今还没定，虽然说今年允许先上岗后考证可是说真的哪个医院敢要你？现在就是无限期的待业等考证，真的很没有意思很卑微了
69,哈哈03716：护理面试要身高，要漂亮，这又不是选美。 干的活又是最累的，工资低
70,從訫嗳妳l：还是算了吧
71,邱呐_追坤少女：本科护理学生建议158以下女生不要报奥，有身高要求的奥，我也是搞不明白为什么还有身高要求， 还要会才艺，是选美吗?
72,苏素纸纸：提高护理岗位待遇和地位才是关键
73,南方有花花：会呼吁更多人选择护理专业的人，是因为没有体会过护士工作有多辛苦地位多卑微才会说的这么风淡云轻
74,杨家大跃儿：提高临床护士薪资，坐办公室的，没有风险的护士，赚的都快比临床的高了，谁还爱做这个行业啊？
75,橘子汽水小奶猫：提高工资待遇才是王道！！！！！
76,nounougogogo：学了，一本护理，现在却找不到工作
77,拉屎小达人就是我：先长点工资再说吧
78,ERNISHIANYELIDEGUANG：医院水深着呢，想学护理专业吧家里没有关系或者没有研究生以上学历的，我劝你早点选个其他专业…
79,阿茹530：说护士就业前景好的一定不是护士，干着最累的活过着最没尊严的生活拿着最低的工资，只有别人骂你的份没有你回别人的理由
80,_装满星星的口袋：提高地位吧。连医院内对医护都有差别，患者也是对医生态度会更好一些。比如男护，其实医院需要大量男护，但因为社会对护理行业的普遍认知，导致对男护有一种说不清道不明的奇怪且隐晦的看法，以至于很多男性根本不会选择这个行业。
81,一个肥宅的日常：明人不说暗话  把医护待遇提高了 再来bibi吧  真的是食肉者鄙
82,妍盈：麻烦了解下国外的护士收入再来说建议大家都去做护士行不？我们是操着卖白粉的心，挣得卖白菜的钱，还没有编制。
83,天天被使唤的LV：太累了，希望付出的努力能有相应的回报
84,当地一小有名气的可爱鬼：就业前景好？除非关系硬特别好才能有机会进个公立医院呢，我们这儿一个县人民医院，想进去，不但要关系特别硬，还要花二十万。算了吧您可真说得出
85,锦鲤美少女xcz：谁敢选，一不小心就被人捅一刀，高危职业啊
86,qi字不好写：待遇是一方面，希望这行社会地位提高一点倒是真的
87,Faye_桐：基本工资低的都说不出口，上个班天天跟个老妈子一样啥都得管，发钱的时候抠抠搜搜的，查岗查的比谁都勤，白班查，小夜查，大夜查监控，有时候忙得要死还得给领导背书，病人们还得配合回答问题，一个不乐意就扣分，哪是上班，就是找罪受的
88,刘小畅1989：某地某三级医院急诊科合同制护士，工龄8年，工资2000，奖金1000+，每天抢救，挨打挨骂没完，医院不给同工同酬，没有公积金，取暖费、薪级工资比正式编制少，绩效团队压榨护士，不光是我们科，同医院内科，80-90个病人，奖金也不过就3000+，大家都是人，说风凉话的人，如果是你们的孩子你还这么说么？
89,是玲珑姐姐呀：时光能倒流，绝不再选择学医，其中苦楚只有围城内的懂，外行看热闹…
90,琼琼的朋友圈：光学有什么用，你们倒是招人啊？？？？？
91,你啊你啊你呢：你先把小地方医院公开招聘做好再说。大城市招聘还多一些，小的地方护理想进医院很难。什么院长主任的孩子亲戚，当地领导的亲戚都塞满了，人家要人根本不公开发布招聘公告的。
92,芊芊艳阳：那么多人学护理，大医院根本进不去，学着干嘛
93,fkhsc：前景好？？搞笑吗
94,爷们越努力越幸运-53719：做为应届毕业生，我怎么感觉护士很多但是没医院要呢
95,盖世事事儿：我爸最近在住院，因为护士测血糖晚了11分钟，不测了，把护士难为的不要不要的，医嘱已经下了，四段血糖，怎么跟老头说晚半个小时都没事，就是不听，这是我亲爹我没法揍他，给护士道完歉又去找管床大夫解释改医嘱，要是我工作中遇见我爸这种客户，早就不伺候了，护士太难了，转天还得像没事一样
96,动次打次rrr：如果有国外医务人员那样的工资和休假，自然会抢着去学的
97,陈二为：学护理的表示，有关系的学护理，有实力的学护理，只要不后悔。作为护理的学生，表示后悔死了，工作难找工资少
98,adore秋秋：为什么没人选大家心里都清楚
99,草莓味的巧克力乖：说真的，别再害人了！那你咋不让自己的子孙去报？？？不是说这个职业不好，而是现在行业环境不好，医护的生命没有保障，没有任何好的待遇，累死累活有的时候出事医院还会撇清关系，你让谁干临床？？？？清醒一点，你把医护的待遇提高了，职业尊严提高了，谁会不干？？？现在医闹来住院当大爷
100,Crystal_Kevin：念稿念的眼睛都不抬一下，我们老百姓还呼吁你们看事实做实事呢。你怎么不呼吁自己子女报护理呢，站着说话不腰疼.我朋友在人民医院累到崩溃然而奖金绩效医院一拖就是大半年说不发就不发这样的强盗逻辑太普遍了.
101,cosy_小钰：再给我个机会我打死也不会选择这辣鸡专业的
102,林克林克ke：哈哈哈哈 再给我一次机会我一定不会选择护理，害被叫服务员的感受，被歧视的感受...就连考研调剂也是歧视，我真不知道自己还能干什么 二战吧孩子
103,YKYB-丁壳：要提升护士在社会和行业里的认可度，并且要有良好待遇和条件，才会有更多人愿意去学
104,非著名de八倍镜：20年工龄  3000多块工资 无奖金无年终  当然大部分患者家属是好的   极个别看见你就跟你撒气   没惹到没态度不好的前提下冲你发火     不敢跟吵  要被投诉的
105,平凡而勇敢的温暖：提这建议的委员先让自己的宝贝孩子投身护理行业之后再建议别人家的普通孩子吧
106,朱古力朱古力啦：做了十年护理，能给考死，工资低，不被尊重，隔天一个夜班，重点是各种脏死人的奇葩护理我要是有女儿坚决不会同意再报考护理专业了
107,是星辰_ppsuc：学护理的都想逃职业崇高，但不热爱，如果有机会，肯定想转专业
108,hhhhha-ha：好工作是不需要呼吁的
109,趴趴熊Win：问题还有年假不能休，三甲医院，领导说人员少，没法休，你想休一个礼拜没门，只能一星期休3天，想出去玩都不行还要跟同事换班，玩回来还要还班，有可能是连上那种，谁让你跟同事换班了呢……连着3年没旅游过了，工作压力大，抑郁症特别容易有……
110,KKKjhhs：说护理行业好的都没做过护理工作
111,咕米儿：用人单位又不要专科生，本科生谁愿意学护理呀！
112,XLDNLM：身份地位低、工资待遇低、但是门槛却不低，评各种职称看很多书，每天累的要死挣得贼少，关键时刻医院会不得罪病人而选择牺牲“你”，上一个大夜班才给十几块钱而且整个科室只有一个人值班，上过夜班的人都知道这对健康是非常不利的，我反正不会让下一代从事这个行业了……
113,贫民窟里的懒肥宅牛：别，你先看看护理就业压力有多大吧！解决的实际性问题，你把待遇提高就业提高，不用你提议，自然学的就多了
114,超级超级想见的人呢：如果能有范冰冰、吴亦凡那种收入，我就选择护理！然而一个月才1800，我呵呵
115,海天酱油每日鲜：工资低，活儿累，要求多，夜班多，要求身高，没有尊严，被看不起，承担责任，比老黄牛还苦吧
116,原来是毛不易哇：我只想知道她家孩子有几个当护士的
117,魚駭：别了吧，工资低，待遇差，活又累，要求还多，说这个的时候，能不能先把我补助先给了呢？莫名想笑，什么都没有的前提下竟然要求人无私奉献。
118,是百分号呀：为什么老是在一些奇怪的方面提意见，就不能干点实事？
119,田田和尚：想干实事的去不了那。
120,天涯客1807_560：你问的问题很到位，达不到这种境界，到不了那个位子。。。
121,共3条回复
122,一MMMMMXXXXX一：何必限制市场行为呢……有这种想法本身就有问题
123,风雨中的修行者：代表们提的问题太有趣了，和小孩一样。
124,秀丽之山河：我百度了一下，他是新闻出版研究院院长。大家对图书出版流程不了解，现在的出版社定价都是先算算按照网络半价后还挣不挣钱，也就是高定价低折扣，所以我们看现在图书定价越来越高了。他的提议是从文化出版大局考虑的。最终也会惠及普通读者
125,共4条回复
126,关枣关枣：这帮孙子怎么连点经济学常识都不懂 满脑子都是权力可以实现一切
127,巴赫尔：总结到位！
128,宜室宜厅北京除甲醛：强扭的瓜不甜吧……
129,河豚小小碗：这个有点可笑……
130,山东小砂锅1978：市场是干啥的？
131,幽默是良药：日本就是这么干的。
132,Evans懒婆娘：现在是市场经济啊！这也要干预？那定价时首先该考虑合理定价！
133,是西瓜壳哇：提案一个比一个奇葩 能不能动动脑子 实事求是 走进群众
134,晨之喜乐多：请尊重市场规律，这管一管那也管一管，那么多事呢
135,躺在被窝里的梅西10：你咋不建议股票直准涨不准跌呢？
136,那一天终会到来的：你怎么不说建议限制使用电子书以保证图书店生存，真特么没有脑子
137,不负责任的老伙计：市场的事就交给市场吧…
138,机械师Caesar：年年都是些啥人去开会的……带脑子了吗？
139,郝哈哈哈郝：人大代表，政协委员，全国上下民众的期盼最重要的体现，为什么看不到一个关乎民生的提案，人民的医疗，教育，住房，就业，哪一个不值得拿出来讨论。
140,天涯客1807_560：歌曲很亢奋，舞蹈很漂亮 ，台词也都很高调，但说到了自己那一亩三分地，谁还管民生，都踏马的想着自己多搞点，格力董和墙头草黄都主张取消公积金。
141,巴赫尔：出台立法，蔬菜水果米面油不许涨价，不然判刑。不好吗？
142,不是就不适：沙雕提案
143,67E39_kaa：？ 扯皮
144,1980s奶爸：那些垃圾代表，你们就直接抢钱不就得了？！
145,幻惑·：不打折谁买…打折说不定买买还能做一下慈善，上个月读书日我就买了🐶 东300多三套书，三体全套，鬼吹灯全套，法医秦明全套，不打折我一套不买
146,陈小溪与河流：对的。关键是保障出版社的利益了，消费者的利益谁来保障
147,银河系小英：脑子啊
148,逗逗笑鸭：现在时代在改变，一切东西都在发展，可能很多人现在不会选择纸质图书，这也是一种趋势和发展规律，如果强行要求真没必要
149,菲儿-fire：不打折书店死得更快
150,7浅溪流光7：正版书籍通常价格不菲 书店的生存问题 靠限制打折有点可笑 不如好好打击盗版 创新销售模式
151,竹林雨不歇：有些代表的提案真的需要好好下功夫了。
152,福州锦绣前程：反倾销。
153,Mw-鹿鹿哦哦哦：这又是一个猪脑子代表，太奇葩了
154,凤翔九重天：书店经营成本高，可以呼吁降房价，减租金
155,请叫我白羊爸爸：今年的提议怎么这么多奇葩
156,大树苍_ROBIN：要脸么？
157,bazzinga_dc：怕倒闭，1万一本不就完了么？这些人是咋选出来的，就这水平
158,ZHOUOUI：一个不爱读书的国家
159,只待燕归来：天欲灭之，救之徒劳
160,LuuuunaLOVEGOOD：限制打折，强行定价不考虑市场的话，怕是图书电商也凉凉吧……实际情况就是现在一年到头买书基本都是打折满减一次会买很多，如果太贵的话，一般就选择用我的泡面搭档看书了
161,王奇10：这届代表不行。。。。
162,阳光的sjsj：这是讲相声吗
163,坚持差不多：定价不限制？限制打折？就这脑子当人大代表？
164,牛头山大猩猩：如果真的想不出提案，就不要勉强了
165,afwang：政协多奇葩
166,取个名好难F：我也觉得，最近看到好几个政协都是奇葩提议
167,拉丁美洲的喵：建议大会结束后 出一个投票 你认为那个小学生的提案更奇葩
168,草泥马先锋网信保护伞：请人大代表政协委员关注先锋网信特大集资诈骗犯罪案件快一年了还不能进入刑事程序的不正常状况
169,颗颗今天一百斤了吗：……
170,主持人王者：要不要立法规定人均买两本书啊？本来书店想打折求生存，结果你不让打折！不打折就一定能卖出去吗？真是一个比一个奇葩！
171,蓝莓船0013：啊？电商卖出的书，读起来不如线下的香？
172,秀丽之山河：多数国家规定，图书在出版后6个月到2年时间内只能在书展、读书日等特别时日，面向学校、图书馆等公共机构可打折销售平装书，且折扣率须在5%至20%之间。
173,秀丽之山河：好多人对图书行业并不了解，它承载着文化的传播发展，并不是简单的商品，可以百度一下：国外图书定价制度及启示 2019年03月18日 10:34    来源：中国新闻出版广电报    陈凤兰
174,秀丽之山河：这其实是个好提议，很多人不明白，觉得图书便宜了就是好事情，其实一开始损害的是实体书店的利益，然后是出版社，电商会给出版社极低的利润空间，然后出版社出书就会不积极，最后损害的还是读者的利益，损害的是整个文化的发展；反观其他很多国家都有对图书折扣的限制法律。
175,山谷无尘埃：这个期间跟农历的七月十五一样一样的，什么妖魔鬼怪都出来了。
176,田俊君2020：脑子是个好东西
177,走向未来的小先生：这很霸气
178,山居笔记lou：说的事到是那个事，但办法不是那个办法。。。。
179,十年的牛仔：取消互联网，手机，电脑，电视，广播这些产品，才能从根本上解决问题。
180,苏州天辰咖啡哥：官商朝拜的两会，跟们屁民没关系
181,凝望天空k：这是在要书店的命吧？
182,顶天哥：那样的话只能催生盗版横行的情况，因为大家觉得正版书不打折太贵，盗版的非法行为可能会更加猖獗
183,Daniel_大侠：书写得烂没人买，不打折砸手里？书商也要生存。再说了，打折我都不买，不打折，更没人买了
184,80后的夏叔：都提些什么乱七八糟的提议
185,上了山人：那个小魏啊，我觉得你提案加强版权保护和放宽图书内容审查更有利于出版业，也更可行。当然，第二个你是不敢提的。
186,dw-超龄愤青：这样的提案还提个jm啊，所有东西都限制打折得了，国家定价，再以后按家按人头配比，发粮票发油票，没有提案就别提，去了举举手就行了
187,某王某某某：某些政协委员你们自己觉得尬不尬
188,熊色：在下主要看电子书，如何破。
189,莫不為更：这届提议可以出本书
190,熊色：
191,爱他么叫啥叫啥：，
192,活跃的小兔空间：打折都没人买呢，不打折更没人买。
193,大程csch：这种纱笔能生花
194,葛哈尼先生：其实是纸媒向屏幕媒体的转变，不可逆
195,慧的哆啦梦：这个是来搞笑的吧，适者生存优胜劣汰
196,asanwind：
197,我就是搞不懂abc：他有病吧，市场自发行为不懂？
198,村二y程近任：你的吃相太难看了。
199,兰香999_297：提一些不痛不痒，无关紧要的问题，不会犯错的。
200,快乐莉莲1962：市场经济市场订价
201,北京沙黎明：其他商品是不是也这样啊，专家应当先研究价格差距在哪里，再提出有针对性的政策。
202,王董好：名额给你们真是太沙雕了
203,伫看风行2017：木强则折
204,奋斗的王一龙：这都是啥意见啊
205,舞林萌主李小兔：限制图书打折？这个提议的人怕不是喝醉了吧！令人发笑
206,晨雾里的草：这些人根本不知道电商图书打折对爱书人来说是多大的福利，知识以更大范围的受众在扩大传播，明显双赢的事！而且图书的定价比前几年是贵了不少，100块钱也最多买三本书而已，厚一点的都要50以上，不打折行吗？！
207,蓝色天空1208：他是卖图书的吧
208,hensun：在市场规律面前你竞争不过别人，就要立法保护你，怎么就不想办法自救呢，农民都开始做电商了。这种委员只考虑自身利益
209,G-Seven56：现在是市场经济时代，魏忠贤
210,会飞的GPA：建议立法限制“秀智商”提案，违者枪决
211,剑气腾空：要不强制每人每周至少发一封信！市场上信封都不见了，印制厂家怎么活啊？
212,软萌球啊：@册册100
213,热血氰年咔咔咔：委员:正确方向我说了算
214,背__心：我建议还是增加电商的环保成本，来降低竞争力。有时候一些便宜的小玩意，实体店买价格差不多，快递要里里外外层层包裹，对环境污染太大。
215,想在夏天开车看海：没有折扣，线下书店更难生存吧
216,小民天下行：要不要规定每人每月必须使用邮局的信封收发信件……！！
217,码农没加班：说好的市场经济呢？
218,82年的山泉水666：怎么不建议超市不准打折促销，促进经济增长。
219,木子MUZI09101112：既然到处都讲究市场化，就让它进入市场好了，一味地保护是没有出路的。
220,xiaohonglian：感觉这些委员提的意见都是开场前10分钟零时想起来
221,googame：没讲过如此沙壁的人，你认为是打折的原因？
222,次日暮里_：？？？？
223,小民天下行：请不要代表RM，而是RMB，多个B！！
224,木槿夕辞：何必呢！
225,手持保温杯泡枸杞的年纪：今年的委员们提出的建议太操蛋了，真把自己当镰刀了
226,渣与浪：今年的委员都学带货了嘛，这个出版界要求图书不打折，联想杨元庆建议扶持PC业务，都为自己谋利益，这还是人民代表嘛，代表的是人民的利益吗？
227,杰夫628：有病吧！
228,美丽小米粒儿：每年都有这样不经调研就提建议的“代表”，他“代表”市场还是人民？“代表”为谁说话？为了什么目的？他们凭什么不经调研就就发表自己的意见？
229,老贝_Benson：图书打折不如开展二手书销售
230,万立方：在
231,巴南飘雪：提法质量不高！！！
232,pigisnewcomer：建议图书先在实体店销售半年以上再去电商销售。给书店一个缓冲时间。
233,古月轩321：能不能尊重市场的自然规律啊
234,洪涛Archer：手伸得太长，这是行业的合理竞争，不能因为损害了某些委员的利益，就总想着立法限制吧
235,Jeff英语：🌺#词海拾珠#🌺 ⭐️stay optimistic  保持乐观 ⭐️comfort  v.安慰；抚慰；宽慰 ❄️go viral  走红;疯狂传播  ⭐️wage a war against ···   向···开战 ⭐️共同的敌人： common enemy
236,doer英语学习：wage a war against sth与……进行
237,慕云可：Pay tribute to healthcare workers for all their hard work
238,"Jeff英语：🌺#词海拾珠#🌺 ❄️wreak havoc       肆虐；造成严重破 ⭐️havoc  [ˈhævək]  n.灾害；浩劫 ⭐️wreak  [riːk]  vt. 造成(巨大的破坏或伤害) ⭐️official announcement  正式通知；官方消息 ⭐️regarding  prep. 关于,(至于;就…而论) ⭐️handling  n.处理"
239,Jeff英语：⭐️reflection  n.（关于某课题的）思考，回忆 ⭐️progress  v.进步；改进；进展 ⭐️internally   [ɪnˈtɜːrnəli]  国内地 ⭐️externally   [ɪkˈstɜːrnəli]  外部地；外表上
240,doer英语学习：acute(疾病)急性的 internally and externally国内国外
241,孟老爷子的外孙女儿：天啊！孔大叔变成孔大爷啦
242,普通的灵魂在超凡的出窍：田薇怎么老成这样？
243,julietemre：
244,rlirli：转发微博
245,怀中的太阳：进步啦
246,胖闪电2020：希望不要揭露人设，这个问题的产生来自于非隐私，而SARS危机处理时的办法中，出发点永远是宁静的抗争，没有热效应，是该事件的贯穿，所以国际社会沟通的包容性一定要有责任感，尽量远离设计人设的非隐私性问题。
247,Jeff英语：🌺#词海拾珠#🌺 ¡评论配图
248,沪深捕头1010：希望不要扩散
249,Oo柠小檬oO：药不能停，继续 ¡评论配图
250,中国长安网：图满分
251,共4条回复
252,净-东方净：大统领为什么停药💊了，不是说有用嘛！
253,荒蕪HK小五：有病就得治
254,chx亚曦：中国以中药为主，老特请继续服用羟氯喹
255,shbarbiegirl：我们中国人也许不适合，但是特没谱的药可不能停啊
256,小刀A妹妹：药不能停啊
257,鸭梨山大的塔塔：药不能停
258,谁家D静静：没副作用？干吗停药？药不能停呀！
259,薛大寶还是个宝宝：有好处就别停
260,浙江政法：【#世卫组织暂停羟氯喹治疗试验# 正在审查相关安全数据】
261,浅色夏沫O_o：病好了么，你就停药
262,贤妈爱拜仁：喔
263,陇南政法：
264,重庆长安网：安侠怎么看
265,只想做个安静的神仙姐姐：貌似某人症状已经出现了，接受采访的时候身体抖得太明显了
266,共6条回复
267,化小硕：他终究是放过了羟氯喹啊
268,明月爱威威：
269,芋头粉圆冰好好吃：世卫的话不能信啊，肯定要继续服用🙃
270,云溪小慧：大朗的副作用就是精神不正常
271,庆安县人民法院：关注中
272,嫩江检察院：
273,海伦法院：转发微博
274,林甸县法院：转发微博
275,玉林反邪：【#世卫组织暂停羟氯喹治疗试验# 正在审查相关安全数据】
276,大庆高新区法院：转发微博
277,开封政法：【#世卫组织暂停羟氯喹治疗试验# 正在审查相关安全数据】
278,月夜舞影zhang：各位友仔仔细审题啊，肯定是投药不能停啊
279,嫩江检察院：
280,龙检新媒：不看广告～看疗效～
281,IMOChen：同学。国外。 ¡评论配图
282,共1条回复
283,他真牛：药真的不能停，要预防
284,IrisDrawn：建国同志请保重身体，我们还等着你连任
285,鹤弦子：有好处就继续用，千万别停！川建国同志，要保护好身体，中国人民还等着你连任呢
286,2015记住啊：钟南山：我们对氯喹做了一些研究，发现氯喹的确对新冠病毒肺炎是有效的，平均病毒转阴的时间是4天，对照组是8、9天，这个症状改善是非常肯定的，我们很快就要发表，这也是很有效的办法。
287,正本清源了解一下：没人比金毛更懂吃错药
288,油茶面呢：现在羟氯喹已经涨价了让我们这些需要长期服用羟氯喹的人真的很
289,俞生殿下：川普体质异于常人
290,五大连池法院：
291,一颗xb：特的嘴，骗人的鬼👻
292,潼444：
293,含含糊糊哈哈哈：谁给我打个拼音。。。
294,乌龙茶加辣：等群众听了去吃就惨了，别乱吃啊，那是药啊！
295,某逗比王子：你们几家合伙玩的有意思吗
296,易明整脊导引按蹻学派：川普説得到的好處，可能就是利用新冠疫情，宣传神药，私企掛勾賣药赚钱了！
297,我决定原谅你了：这种专业药剂学的东西问普通百姓？
298,ziola_zz：可能这个药还有额外治疗神经病的功效没有被证实
299,羁川乱步：别介啊，其他人可以停大统领就别停了，他不是觉得挺有用的么。
300,名曰皓天：只要有效，就是好药
301,可爱的牛牛1372：他没得病为什么吃药？
302,防蛋背心儿：我参与了@中国长安网 发起的投票【此情此景，安侠想说什么？】，我投给了“我只想说药不能停”这个选项，你也快来表态吧~
303,大庆市卧里屯分局：@中国长安网 世卫的话不能信啊，肯定要继续服用🙃
304,卡哇伊的小馨馨：建国同志 ¡评论配图
305,8090kk：特朗普的话还有个准儿吗？
306,猩猩pds123：大统领v5，多替大家试点药
307,共1条回复
308,鼻整形科普：来了！
309,竹喧有女归：中国制造绝对牛🐮
310,楚和十一：中国制造越来越厉害啦！
311,温柔女孩在线锤人：中国加油，我们永远不服输
312,采蘑菇的小废材：中国制造不服输，加油
313,柠檬苏叶吖：我们中国制造一定是最棒的
314,勋勋一米九：中国制造加油啊！是最棒的
315,斑斓的五彩：支持中国制造，加油
316,隔着山海望你：中国制造加油(ง •̀_•́)ง，为中国制造持续发力
317,一个简单粗暴的小可爱荔：中国🇨🇳制造加油呀
318,绿酒醉歌：相信中国制造业一定大有作为
319,扶匿迹象：我们的骄傲——中国制造
320,一天两天涯：为中国制造点赞，继续加油呀
321,奶糖有点甜ye：中国制造加油！冲啊
322,没别的只想做富婆：中国制造棒棒哒！继续冲鸭！
323,小王子的萌萌哒：大力发展中国制造
324,hafu怪：美国人骂美国人，汗我又有什么关系
325,共25条回复
326,帽破子：猜猜她恨的是这个国还是这身皮
327,共14条回复
328,3218201313_509：美国人和美国人的事，我们不要干涉内政
329,共4条回复
330,支支我超棒：印第安人，该骂他们啥
331,共6条回复
332,Mr-Biscuit：自相残杀
333,Z风铃W：评论区都是些什么🌶️ 🐔 ？
334,共1条回复
335,北方的墓标：1，我们说了多久，就算你把皮漂白了，连肠子肚子都洗了。你在人家眼里还是黄皮猪猡。2，扯淡民主自由，只有国家利益。就美国这个严重种族歧视的国家。还有脸号称普世价值。全世界政治都是黑暗的。3，我们的宣传部门哪去了？不是应该大力宣传美国的种族歧视么？
336,共8条回复
337,今晚又想吃宵夜了：抹黑中国的下场就是会连带反噬到自己，他们不会在乎你是不是中国人，只会因为你是黄皮肤而歧视。
338,甜句：素质真低
339,USB驻USA犬使馆：美国普世价值之种族歧视
340,Clarence_暄：？？评论有毒... 歧视的不是特定的这一个亚洲人而是所有亚裔好嘛 以你们的格局也只能看到“美国人骂美国人”了吧 被骂了还在旁边偷笑真是腻害
341,共10条回复
342,水缘---BJMM：这是必然的…政界这么煽动仇恨…恐怕后面还有更激烈的，只能保护好自己了…
343,共1条回复
344,浩渺宇宙2011：我们不干涉美国内政
345,海绵饱饱饱饱饱饱饱饱：什么素质？？？滚！
346,我今天失眠：拉黑吧 有事漂流瓶联系
347,wenders：还有人抱不平呢，人家都快恨死这身皮了
348,新垣结衣指定圈外男友：评论的有的人还真觉得能把自己摘出去，人家是种族歧视亚裔，亚裔美国人是亚裔，我们中国人就不是亚裔了?自己被人歧视还要对一样被歧视的人说句活该?
349,共8条回复
350,·秋鸿·：会付出代价的🙃
351,爱上furukawa：不要同情香蕉记者。老套路了，他们到头来会把这种歧视转化为对中国的恨。
352,岳州往事：从真正意义上讲，印第安人才是北美洲的主人，要滚他们一起滚！
353,何家女子威武霸气：所以，坚决反对外国人入籍中国。
354,蝶恋花-一剪梅：我不管，你是美国人
355,珠海房产黎思萍：这么豪横？
356,Joker丶Young：以后这种新闻不要报道，谢谢！
357,Swimming--MINO：无论她是哪国人，她代表的都是一个亚裔的形象，她受到了歧视，那么就说明亚裔在部分美国人心里的形象，也可能是我们每个人都会遇到的问题，评论里冷嘲热讽的，并不是什么明智的选择
358,共7条回复
359,艾尼克斯C：再次强调请不要干涉美国内政！！
360,Tseer_77：白🐷都扎堆滚回高加索
361,古来客栈：凭什么亚裔人，华裔人要对新冠病毒负责，难道不应该是那些高高在上的美国白猪对新冠病毒负责吗？白皮猪不拿疫情当回事怪中国，怪华裔，怪亚裔
362,O天使之翼0：CNN，假新闻，反华媒体!
363,_芋圆奶茶_：你们美国人自己的事自己处理
364,圣斗士199311：你应该告诉他们，我就是美国人，你让我滚到哪里去。
365,IfaWind：特朗普会是第一个将美国从强盛带向衰弱国家的总统，现在来看，说得真对，请继续努力，一定要连任啊
366,linw30：他国内政，与我无关
367,我真的真的想不出叫啥子ID：都是美国啦，人家的事情，关我们什么事？
368,CXMGDB：一身骨血不是靠一张纸就能改变
369,钟爱鬼佬凉茶：挺好的！
370,流浪长城汉：如今国际社会孤立主义、脱钩、反华、冷战似乎成趋势，我们应该“审时度势”、丢掉幻想！
371,何十琛：她应该很委屈的说她也是美国人
372,Ash是越越啊：民族分裂，特朗普真棒
373,小阳仔的姐姐：不判孙久洋死刑 天理难容
374,Fussballgottt：一百多万感染不是没有道理的
375,雷特horse：阳光消毒真不能怪他们，他们总统川普就是这么告诉他们的
376,整形医生刘嘉锋：又是不错的一天，你也是
377,王子记号：？？？？
378,魔人哈兰20：白皮没能力用好那么大块地，早点让出来，回到岛上去
379,风露立中霄：说好的发达国家国民素质高呢？
380,天然呆哒灬蠢萌君：种族歧视
381,天然呆哒灬蠢萌君：唉，我都不知道该用什么语言表达了！无语😒 😒😒😒😒😒😒😒😒😒😒
382,十年深漂：美国成为发达国家这么多年，国民素质和认知居然这么卑劣和肤浅。
383,柠萌地平线：留学生在国外也会收到这样的歧视和待遇
384,共1条回复
385,冷爱eye：对美国出口口罩，医疗用品凡事用到中国原料和技术的都需要我国政府发放许可证
386,叶子zz1：美国人自己的病毒，继续！
387,三月小朵安：湾湾说她是湾湾人
388,吾熟于城北徐公美：看评论 环球这类报纸的读者素质是真低
389,旋弹闲谈咸淡：是印第安人说的吗？
390,爱恨混合体：这种事件越多越好，最好死他几百人，最后没人去美国留学和生活，美国就彻底凉了🇺🇸，美国的发展壮大除了发战争财，和他吸取全世界的精英人才为己所用也有很大关系。再次感谢川建国
391,龍大发2019：人家的国美利坚。沙雕
392,谈笑0517：这层评论有港独台独吗？感觉气氛不对啊
393,Morning小熊饼干：特不靠谱让美国经济文化倒退20年
394,帝国狂想曲：娜塔莎不是《战争与和平》里的吗？
395,候鸟的天空1314：人家是骂美国人，管我们啥事
396,束缚光线：美国人也愚昧的和清朝人一样了，美国是一个多民族的国家，他不是一个民族独占的，也不是哪个大洲独占的，他是全球所有人共同建设成的一个新国家，现在他们在排除异己，和我们清朝何等相似，真为美帝感到悲哀，他们走向衰落是必然的
397,一介治国书生：不管国籍是什么，只要是从我们国家出去的，没干什么坏事的，我们都要支持，毕竟往大了说都是炎黄子孙，国家有难的时候他们也为我们国家贡献很大力量，不能因为个别人的别有用心就把我们国家跟华侨割裂了，不能寒了华侨的心
398,个个昵称都不能用：第一美国人骂美国人，大家笑一笑就好了 第二不会真的有圣母担心美国人抗疫吧，美国民众不是玩的挺嗨
399,朱洵：在别人国家，要做到被人平等对待，需要几代人的时间才行！
400,两两000：反对种族歧视！
401,Brandoncen：早就移民了吧？CNN的反华文章，有一些出自华人记者之手。
402,李先生201：你不是在一个全世界“民主模范”国家吗？而且还号称最讲人权怎么还会遭遇这样的待遇？
403,戴森蒙德：美国人就是美国人，没有亚裔美国人
404,火星航母：相反，我国对美国太客气了
405,瑾凌_JL：自     由    民   主
406,ICIQID卡通通给我密码：这种在辱华媒体工作的美国人我们不要！
407,阿沫1965：人家本来就是美国人，在美国是人家自己的国家，就算是华裔亚裔，也还都是美国人，别见着带“华”字带风向。
408,Kowarechatta：真替这个美国人感到惋惜
409,骑着电动去旅行：讲真，哪里没文化的人都一个德行，跟人种国籍关系不大
410,非非有非非无9：华侨亚裔团结起来一起反抗，柿子不能只挑软得捏
411,重启人生123：当年特朗普上台美国华裔贡献不少选票吧
412,文明大兴：【#CNN华裔女记者采访被骂“滚出我们国家”#】
413,来自火星的中国人：美国就这样能赢，见鬼了。
414,苍狼枭雄：这记者只不过是一个黄种人的美国人而儿，不要扯上中国或者是华裔，这锅我们不背。
415,青橙Y梦：没救了不自觉自救。别人再帮这些人有啥用
416,山地泉：问你们总统去为啥
417,爱在岔路口：看吧，虽然虽然都ABC好几代了，依然不被当成自己人。
418,旮旯藏屋：床破很爛
419,門_前_清：随便骂，骂的越狠越好，二五仔
420,Kane归来不亢：看看就好，我们中国人无权干涉
421,不会耍金箍棒的孙悟空：阻碍进步的永远是狭隘，偏执。只有包容，多元才会让国家社会进步。
422,WARNING_WNOLU：无所谓，骂的又不是我管那么多干嘛
423,命运工程师-：狗咬狗罢了
424,照片记录生活：霉国人民的内部矛盾
425,冰蓝般静谧：哈哈，有意思，死10万人了，还这么淡定，继续努力。
426,东奔西跑123456：印第安才是北美土著，白人也是侵略的。
427,siminghualong：虽然看了这新闻挺同情她的，不过这毕竟是美国内政，我们说啥都不太合适～～
428,爱德华老廖：美国这个社会也奇怪，两百多年的历史里几乎所有人或者自己或者祖辈都是从别的国家来的，怎么包容性那么差
429,灰太狼爱上慢羊羊：平等自由美利坚，种族歧视每一天
430,kelsang-Dorje：中國記者為什麼不戴口罩？
431,灰太狼爱上慢羊羊：美国🇺🇸自由民主，人们生活幸福，人人平等，没有歧视呢
432,憾天易：活该，让方方也享受下这待遇，不爱自己民族，别人更瞧不起你
433,林立平718：自己做事自己当，自己入人家籍遭骂自己扛。
434,ahmaslhx：美国政客及媒体带偏了美国人的观念，最终会带着美国走向衰弱。
435,NAGtm-MrKa：屠印后代与ABA尽管撕，毕竟米国内部问题
436,哆啦ATM--青平妈妈：少关心点🇺🇸 人的私生活吧，不要因为有相似的皮囊就觉得是同类
437,人生若只如初见04671：你们总统干的好事
438,吐鲁番椰子汁：印第安人:滚出我们的土地!
439,21是我咯：放中国，公知和废青：你爱国家，国家爱你吗
440,掉线皇帝：长了一张亚洲人的脸，起了个俄国人的名字，实际上是个美国人
441,清丽的秋天：世界急剧变化中
442,ve就一个字：舒服了
443,语不禅：我们与脊髓灰质炎战斗了半个世纪，但愿这次科技不在迟滞。
444,y988tp8882019：好
445,弈剑苍穹：嗯，虽然如此，大家还是要注意防护
446,再改名字还得等一年：唉😔
447,梦仚i78967：。
448,白龙王李锋：没受过暴力催受的苦变指定被催受害的苦！国家应该出台政策关闭这些第三方催收平台
449,单门洞豹子女士-：你自己不还钱还怪别人催你？真是欠钱的是大爷
450,露天电影放映员：花着别人的钱这么开心舒坦？
451,共28条回复
452,科技探索队长：欠债的还嚣张了…
453,猫女珺：对，就该嚣张，过一把人吃人的瘾
454,武侠小王子：不是不想还，是真的没钱了。
455,CC__爱吃辣：真有意思，没钱不知道找客服协商方案，真的又去想办法解决有去借钱嘛
456,笨笨哥007：就没点强制手段么？
457,陈小北：催收这种事儿能扛得住吗？拿命扛吗……收不上来的债最后都会打包打狠折卖给能力者，能力者怎么催债那就不是闹着玩儿的了……
458,下雨天烟头和假酒更配哦：能力者现在还敢p图发花圈？试试看嘛，敢发就等着蹲两年牢，不敢发的话别人的通讯录早被炸烂了，还怕他在炸？这两个方法没用的话只能上门，上门试试，多数收不到钱可能还被打
459,共6条回复
460,洋葱军事新闻：那么，老赖和疫情期间逾期的中小商家，怎么区分
461,哈罗罗罗罗罗罗罗罗罗罗：眉毛胡子一把抓征信成了病毒疫情的帮凶呗
462,品道：暴力催收也不少，前同事网贷没还。被骚扰好久，说不认识遭到辱骂。妈的，借钱的时候打过电话确认吗
463,旅人录：为应对疫情冲击，中国人民银行、银保监会等部门多次发文要求金融机构对受疫情影响造成困难的企业和个人，灵活调整信贷还款安排，合理延后还款期限
464,哈罗罗罗罗罗罗罗罗罗罗：说是那么说，事实是征信成了病毒疫情的帮凶
465,宣和一人：很多YH把追债外包，譬如要追的债务可能是一百万。银行只要五十万，其他的都是外包的拿，外包就会用手段尽量多拿……
466,CANSYXII：这种给公安不是更好吗，多效率
467,武汉高校圈子：报团反催收
468,奇葩基地：现在都是欠钱的还有理了？？？
469,猫女珺：欠钱的，没理，都是被逼的
470,裤衩都特么笑掉了：我一朋友特么网上不正规平台贷款，自己还不上。然后通讯录但是人家手里都有。 最近经常有个叫什么小象优品的还有杨晨冠什么平台给我打电话，找我那朋友。
471,猫女珺：你就跟对方回，你找的那个人死了
472,揽尽风雨：不说明催收有多少灰色收入吗？
473,猫女珺：催收比欠债的还穷
474,励志：很多人口袋没钱了
475,股市女人：银行是弱势群体
476,用心行走人生：来了，来了，开始洗了，能洗白暴力催收机构的暴力催收与恶意征信吗？
477,总裁军事：就没点强制手段么？
478,猫女珺：强制什么，难道不该强制网贷集体关门啊
479,三思逍遥：赖账可以不还，就是鼓励赖账
480,单桂敏艾灸：所以说一定要对老赖们加强催收，否则他有可能不还。现在这样的人太多了。已经失去了社会的信用度。
481,菜鸟军虫：为应对疫情冲击，中国人民银行银保监等部门发文对受疫情影响造成困难的企业个人灵活调整还款安排。但这样的善意却被某些老赖群体利用，做出各种老赖的无耻勾当。#老赖们抱团反催收#
482,北爱语录： 就没点强制手段么？
483,至诚大兵：回来抱团的操作
484,猫女珺：报团消灭网贷啊
485,愿我有笔如刀：//@来去之间: 有意思→_→“合规平台，他们有另一套处置方式。可以接电话，但一旦对方开始施压，可以“直接开骂”；对方若有辱骂等违规行为，则保留证据向银保监会等相关监管部门投诉”
486,胖达啃书：@我的印象笔记
487,健康养生-赵琪：对于老赖有没有什么好的处理办法
488,顺势交易：老赖始终是老赖 借助疫情更耍赖
489,猫女珺：可不可以成立一个机构，专业用于那些爆通讯录的，自己欠钱，跟其他人无关
490,韭菜理财师：这是信用体系崩塌，前人赖账，后人借钱难上天，任重道远，不要问，问的就是去哪儿抱团。
491,迷惑发言人：欠钱不还成了天经地义？
492,邮见：欠债的还嚣张了。
493,余丰慧：很正常的一个金融信用现象，反之就不正常了
494,周蓬安：我不认为真的有个“老赖们抱团反催收” 这样的事。即使有，那也是罕见的现象，不值得讨论。道理很简单，这个债是躲不过的，今天抱团反催收，总有一天还是要换的。而且，老赖们真能抱团？
495,玉儿0111：老赖抱团，俺就是头驴。
496,全球经典音乐影视：没有信用终将寸步难行
497,清风半袖：做金融的朋友说，现在催债也可能变弱势群体，比如人家一套房你还不能赶出来，还得保障基本生活，所以喜欢做汽车抵押而不是房产抵押，车不鸟好卖，甚至巴不得你还不上。
498,来自天空中的风：建议你咨询下律师，现在一套房也可以拍卖。
499,大白话本人：暴力催收不可取
500,智娱至乐：借贷不容易啊！
501,沙雕语录：太多的无奈，船撞桥头自然沉，话到嘴边自然吞，哎
502,秀山鲤鱼：催收的外包公司也应该管管
503,杜利勇：银行也应该更人性化一些，今年上半年好多企业都是咬着牙关挺过来的！都不容易！
504,抚摸三下：雪上加霜，更不好收回！
505,来福旺财：//@白龙王李锋:没受过暴力催受的苦变指定被催受害的苦！国家应该出台政策关闭这些第三方催收平台
506,绪刚观天：绪刚说事超话警惕！疫情加剧信贷逾期，老赖们抱团反催收：“扛住了就是他求你”  
507,夏日大叔：Hi，我已将你的微博收录到新鲜事 O每日热点新闻 ，微博会被推荐给更多用户（°什么是新鲜事收录？）。如不希望微博下出现新鲜事标签，请戳 °删除标签说明
508,东禾-艾灸：反对派无处不在
509,火星跑步者：还钱天经地义。
510,思明博览：严格监管，严惩老赖
511,前方路更长：意思就是借钱不还，国家还要支持？
512,陶清蓉：特别佩服自己欠钱不还还很有道理的，我有个朋友借我钱把我拉黑了，从此对借钱的没有一点好感
513,下雨天烟头和假酒更配哦：别闹，央行和银监局说的话谁听，你去问问，看看哪家银行的信用卡给你延期的，人家直接告诉你他们没这业务，拿命催你！四大银行如此，更别说商业银行和网贷了
514,杨形乐：不提倡老赖，但是暴力催收给欠债人造成的压力太大了，年轻的扛不住轻生的很多
515,一个人的迁就：有没有还没有上岸的人，大家认识一下，聊一下，分享一下怎么应对
516,十八岁给我一个帅哥：暴力催收不可少
517,你怎么瘦成这逼样：谁都要为自己的行为负责。个人是，银行也是。
518,少少有为：中小企業主要会赖账的才更容易发财
519,HelenSkywalker：但这也是不可抗力啊
520,朕是MC：暴力催收真的让人崩溃，手机号码被人偷用了，催债电话天天打，投诉无门。
521,邓衡华：对受疫情影响造成困难的企业和个人，灵活调整信贷还款安排，合理延后还款期限。→_→
522,电影解药：不怕信用危机的老赖，才是真的厉害
523,剧综有料：加油加油加油
524,千里丶路比Ruby：杀人不用偿命，欠债不用还钱
525,露天电影放映员：欠钱不还成了天经地义？
526,专业手机回收维修：嗯对啊
527,揭露小学生：收入如果正常谁愿意欠钱？
528,连线记者：成功欠债！
529,小梅花情怀：今年受疫情影响，很多中小企业倒闭，很多人失业，信贷还不上也是没有办法的事
530,泡泡Pisces：//@顺势交易:老赖始终是老赖 借助疫情更耍赖
531,科技深度IN：聪明都用到这里了
532,酷车讯：疫情加剧信贷逾期，#老赖们抱团反催收# ：“扛住了就是他求你”
533,六月中四时：我不看好催收行业  1. 多少损各自阴德2. 自身生命危险加大 （ 催收几乎没口德 极容易引火上身）
534,双子座的恭喜发财-1314：针对合法债务支持采取强硬催收，欠债还钱天经地义，按时归还就不存在催收，赖皮还有理了！
535,小丹丹会天天向上：请问12378为什么打不通？浙江省保监会官网上所有电话都提示空号呢？
536,双子座的恭喜发财-1314：欠钱的还成老大了，我穷我有理吗？
537,互联网大酥：催收公司会不会是银行高管自家开的？查过没？
538,嘉嘉真的不喝了：是与否 老赖就不用还钱了？
539,互联网大酥：回复@嘉嘉真的不喝了:这是两回事 搞清楚逻辑好吗？ 那农民工被欠薪是否就可以合法去售楼部打砸？
540,粤Z车牌执照转让：都没说暴力催收，怎么有人在泼水
541,世话假说：征信只对守法讲信用的人有用
542,一叶舟渡：这个应该分两种情况：正常信贷与高利贷；针对高利贷（特别是某些变相高利贷）俺认为国家应该重点打击，新民法规定高利贷违法
543,"哈明哈明哈：几年前信用卡打来催款,打了几次烦了那人还很牛逼的样子,我直接问他工号多少,我要投诉他因为态度不好所以我不还了,他就焉了,不敢说工号也不敢再打来"
544,做人呢最紧要嘅系开心：咋欠信用卡还能这么理直气壮…
545,根治祖传精神病：几天不会催收滴
546,共13条回复
547,蟹宝摇尾巴：@zy_ustc_icbc
548,你看我的名字牛不牛：我天，屋漏偏逢连夜雨…
549,熊二与黑猫警察：印度还有心情在拉达克地区对中国进行挑衅。
550,有你才精彩789：活该，还要求中国赔偿。
551,共26条回复
552,爱之幻乐小鸟：一想到丫连长得像中国人的都严重不礼貌，我只想说一句活该
553,羊小高先森：印度就是所谓的，福无双至，祸不单行
554,共5条回复
555,许永文：灭国么阿三
556,萌小西爱困啦：反手一个赞
557,共10条回复
558,李进2y：啊三出现内乱的可能性很大，疫情造成的危机啊三还没法解决，现在又来这个。
559,西西弗斯198404：阿三一直都在内乱，印度毛派从67年至今始终没有消失，从尼泊尔边境到印度东部的红色走廊，还残存至今，印度当局对基层贫弱的控制能力给了它们生存的土壤，印度毛派只是缺乏一个契机。
560,_llllllllllwu：最讨厌阿三因为要转移国内矛盾，然后来挑衅我们
561,共4条回复
562,坑qiu：希望国内的预防措施已经到位了，不然一日三惊
563,宝宝猪blog3：股票哪只涨呢
564,小恶魔小超人：过不来的。我们国家的蝗灾大多数来自西北地区，
565,共3条回复
566,石艷雨：油炸蝗虫吃啊，高蛋白美食！
567,阏逢大荒落：你认为这么装吃货卖萌很可爱吗
568,梦在路上5545：蝗虫大量聚集会产生毒素的
569,共19条回复
570,我是紫粉哦：人在做天在看，这些居心不良的国家会有报应的。
571,地球至高元首：最好全灭
572,普通JZ的灾难：我笑死了，这不是中国疫情刚发生的时候外国说中国的台词吗？
573,共11条回复
574,yumiko_peng77：一点不会同情他们
575,忽闻凤求凰：说出这种话的人，心里只有阴暗，没有一点人性了
576,共8条回复
577,财富密钥：【谁来养活印度人？】这才是全球粮食难题。
578,火锅好吃手机好玩：说印度十三亿的还反驳说印度只有一两亿人的 你们确定明白他说啥了？哈哈哈哈哈哈哈哈哈哈哈哈哈哈哈哈哈哈哈哈哈 究竟谁无知
579,阿芙罗狄蒂2015：印度只有一两亿人，不是很好养吗
580,共28条回复
581,白悠悠然xx：印度：鱼和熊掌我都要
582,BOM朴大仙儿：哈哈哈哈哈哈哈哈哈
583,甜甜炒期：印度不养鸭子吗
584,本命年的某鱼：鸭子吃几个就毒死了
585,CIVSQV65581：阿三自己都养不活
586,共13条回复
587,"辰时赏雨：别过来,我们不要这个."
588,聪聪包黑和贝贝：防住我们的边境！
589,就是不下雪呢：我问一个白痴问题，人会传染给蝗虫病毒么
590,共7条回复
591,Gao志强：阿三有肉吃啦
592,乀丶随缘：阿三好像不吃肉！！
593,学习了学习：蝗虫从印度和巴基斯坦两个国家包抄，我国相关防护措施怎么样了啊？
594,诺式媒女：今年的蝗灾是不是特别厉害？每个月都有消息。。。
595,为芝晴朗：蝗虫有周期性 它的生命只有那么长  持续一段时间后 产卵死了 下一波卵孵化再爆发一波
596,长耳朵小仔：雪上加霜
597,拔丝烤鸭：这……难道没人觉得离我们也不是特别远吗
598,弹-指：隔着喜马拉雅山脉
599,指尖de情书：飞不过西藏那玩意喜欢温暖地方。
600,共16条回复
601,老朽Ku：抓了烤着吃，香
602,刘昭廷：唉:-(屋漏偏逢连夜雨啊……
603,镌花香：在来之前盖上层塑料膜，这样蝗虫不就吃不了庄稼了。
604,成巍你的澜宝贝：让原本贫穷的地方，雪上加霜
605,缘来原来dCoffee：
606,呛水的鱼摆摆：看看油管里面的印度人 我觉得他们死绝了也挺好
607,藏蒙蜀：六月份就是蝗虫季节
608,·無酩之氏·：好可怕，我一直很讨厌虫子，这么一大群一大群的，看得我瘆得慌
609,夏小星星星星星：希望印度人民没事
610,你的Fashion女友：我们有没有治蝗的好办法，给他们可以分享分享
611,本命年的某鱼：我们派去巴基斯坦的治蝗团队，目前看起来没什么用，所以不能盲目乐观
612,啊气死我了：阿三最近在边境骚扰，想擦火，然后治理疫情不利甩锅中国，旁边看戏就行了
613,共3条回复
614,BillBill黄东东：可怕
615,公务机_游艇_Adela环球旅行：这是有多惨啊
616,多想陪你去流浪：蝗虫会感染新冠吗
617,北城以北W_：我只想说：活该！
618,爱吃小蛋糕的香辣蟹：活该呦 让美国来帮你吧 我们只帮巴基斯坦
619,马强尼有点pi：屋露又逢连夜雨
620,MrShaw180rich：屁股不擦干净
621,nethen999：印度人现在不缺蛋白质了！
622,再见不再见005：可怕，密密麻麻。
623,灼眼的夏雪：不影响其他国家的话，最好灭国
624,chenguang7445：美味啊，油炸蝗虫不香吗
625,小泼猴圆滚滚：活该。垃圾印度。全世界我最讨厌的国家。
626,地球大危：中国直接用激光炮全部击落，KAO
627,台独死亡：雪上加霜
628,笼屉在逃笼包：活该
629,Tiffany弦音：雪上加霜
630,白色蒲公英14199：雪上加霜
631,阳光里的森林：入侵阿三的蝗虫是好蝗虫。
632,候鸟的天空1314：咖喱国还在中印边境搞事不
633,低到尘埃的丶愿：唉
634,吴言吾书：密集恐惧症都犯了
635,Kitson-：🙏🏻🙏🏻🙏🏻
636,presten：印度是个威胁
637,不胖的胖胖：看的我鸡皮疙瘩都起来了
638,BadJim2：拉网啊
639,scrat520：期货死人已下单
640,渡小妖_K5：阿三的大招呢
641,北海寒流：第二波
642,青椒炒肉丝：屋漏偏逢连夜雨
643,荔枝芒果橙：我们一定要加强边境警戒啊，防止印度搞事情和难民。
644,再为自己拼一把：阿三，还要跟我们两军对峙
645,Luluyangjuan：真的是屋漏兼逢连夜雨🙏🙏
646,玫有微博名：雪上加霜
647,何处笙庚在：好可怕，再一次感叹中国真好
648,一个人的上好天气：太可怕了 平时看见一只都能尖叫半天
649,妳好十九：蝗虫会不会携带病毒
650,糟老头子有点坏哈哈：w
651,糟老头子有点坏哈哈：q
652,糟老头子有点坏哈哈：d
653,糟老头子有点坏哈哈：s
654,糟老头子有点坏哈哈：a
655,糟老头子有点坏哈哈：e
656,糟老头子有点坏哈哈：w
657,糟老头子有点坏哈哈：q
658,糟老头子有点坏哈哈：6
659,糟老头子有点坏哈哈：3
660,糟老头子有点坏哈哈：2
661,糟老头子有点坏哈哈：5
662,糟老头子有点坏哈哈：4
663,糟老头子有点坏哈哈：1
664,糟老头子有点坏哈哈：w
665,糟老头子有点坏哈哈：q
666,糟老头子有点坏哈哈：v
667,糟老头子有点坏哈哈：c
668,糟老头子有点坏哈哈：x
669,糟老头子有点坏哈哈：z
670,糟老头子有点坏哈哈：f
671,糟老头子有点坏哈哈：d
672,糟老头子有点坏哈哈：s
673,糟老头子有点坏哈哈：a
674,糟老头子有点坏哈哈：y
675,糟老头子有点坏哈哈：t
676,糟老头子有点坏哈哈：r
677,糟老头子有点坏哈哈：e
678,糟老头子有点坏哈哈：w
679,糟老头子有点坏哈哈：q
680,GNR电子竞技英雄联盟分部：奈斯
681,memeyo_miumiu：别管印度
682,磷磷磷石：昨天厕所就飞了一只进来，不知道是不是，比大蟑螂还大
683,心做绕指柔：印度的疫情不会是特朗普去访问的时候带过去的吧
684,腊八周的光：很多网友都有一个毛病，心太直，还藏不住话喜欢发不出来，就不能心里想想自个偷着乐？！
685,Air_Best：腌、炸，爆炒，皆宜
686,罗罗诺亚_索隆2：我真的服了，为什么戾气这么大?这种新闻难道不应该对这些人表示同情吗？
687,M1_ZC：@bing喵喵 干净又卫生
688,M小森：最近他国不是跟美帝关系不错么寻求美国帮助吧
689,噗hhhhhhhh噗：别过来啊 这么一大群密密麻麻的虫子 我隔着屏幕都觉得
690,电竞圈的趣事儿：阿三会开挂，怕什么
691,属鱼720：特别好
692,姐姐心态超好：希望无辜的人们平安无事吧
693,GU-故渊：不知道说什么好，只能说此生不悔入华夏吧。
694,马坡煎蛋先生：希望老百姓人人有饭吃 不管是哪国人
695,蒙上帝恩典罗马人的皇帝：印度疫情不容乐观
696,周益达：这个号下面一群人无知的担心会过中国！没有学历就能不能多看看科普新闻和视频啊，别整天看娱乐新闻行不行？
697,北城有卿：我天…这蝗虫也太大了吧…我第一眼看成了蝙蝠
698,心态要好点：照美国及他的走狗们的想法，是不是得找出蝗虫的源头是哪个国家，让他赔个几万亿，
699,私语0010：漏屋又逢连夜。
700,我的华晨宇：好想喷🔥
701,CIVSQV65581：这蝗虫从哪个国家飞来的呢是不是也要索赔呢
702,多次拒绝世勋吴：祝平安
703,猪肉炖炖酸菜：灭了阿三
704,Evangeline-Yang：印度不是找中国要赔偿吗？这次疫情加蝗灾，让他好好想想自己到底做了多少损事遭的报应
705,欢熊圆妞：自私的人类！
706,共1条回复
707,说梦话的女巫：当时抢着领养宠物怕孤独，失去用途就抛弃，真是垃圾
708,李桔柰子：那个谁说猫狗是人类伴侣的出来说两句
709,i夜白：它们真的什么都懂， 爱请深爱
710,桃妮妮儿：
711,锦毛堂：当时的担忧果然不虚，看看米国如何依法应对。
712,王红曌：艹，人大多数时候不如🐶
713,蒻水流沙：不是个东西
714,城隅yj：果然人性在哪里都一样
715,QueenCaroline：哎～人呐……
716,妈耶我的饭呢：文明灯塔
717,Chennans_310：不道德的行为
718,勇太奕丰：@美梦之勇 @广东最强无声_夏木
719,一颗溏心蛋yeah：🌿
720,新品侦探：垃圾人
721,阿焦AJdoll：造孽呀
722,K國粉紅豬：最沒人性的人是人類！貓狗有什麼錯
723,zdmsbh：就是这样
724,Dionysus_48：不是说狗狗是家人吗？.....
725,凤凰涅槃浴火重生0603：狗狗是善良爱狗人的家人，不是这些自私缺德人的家人！
726,凤凰涅槃浴火重生0603：缺德自私！
727,迪克瓦吉娜：这是破了多少舔狗的美国梦
728,儿科陈医生：疫苗研发需做3期试验，现国内已到2期。第3期要很多志愿者，大概上万人，把接种和没接种的分2组，在自然环境下，看2组发病率有无差别。现国内病人少，大家都不易被感染，就不能判断疫苗产生的抗体有没有保护作用。比如非典，没有病人，疫苗研发只能停止。如要做第3期，需到国外寻找志愿者。
729,水丽净水器：敌进我退，敌疲我扰，放在疫情防控和新冠病毒身上也适用，就是这个道理！
730,战的路路：觉得还是要坚持做好防疫工作，不能掉以轻心松懈了
731,兆丰和：建议：为了预防新冠，世界应取消见面亲吻 握手，恢复中国古代的抱拳
732,鲤跃龙门·星：图片评论 ¡评论配图
733,申信h：有备无患
734,zoey_CH7：#郑州财经学院一次性开学四个月#
735,zoey_CH7：看看什么才算的上是疫情防护
736,zoey_CH7：救救孩子吧，#郑州财经学院一次性开学四个月##郑州财经学院一次性开学四个月##郑州财经学院一次性开学四个月##郑州财经学院一次性开学四个月#
737,银河护卫队jsj：防疫政策长期化真不是空话，还得被迫封关很久
738,没头脑与不高兴201207：不知道这波疫情何时才会过去
739,全是甜份：虚伪又自私
740,国际男明星：这就是自由的美国
741,天然呆哒灬蠢萌君：自由民主到极致的内心阴暗扭曲
742,云萧萧0708：看来美国人对待宠物也就这样了，天天鼓吹动物保护，也就这种素质。
743,田所学佺：爱狗人士是最高明最狡诈的骗子和伪君子，可能在某个时刻欺骗部分人，但不可能在所有时刻欺骗所有的人。当今爱狗人士那套错误的价值观或许能蒙蔽一小部分人，但蒙蔽不了所有火眼金睛的人民。
744,田所学佺：越爱狗，疫情越严重。
745,正直的武术之旅：一个人养宠物狗，最后必然连累了整幢楼的居民。所以大部分人不欢迎养狗的人，不是没有原因的。大家对宠物狗的打击会加大。人们会反思，养宠物狗这不是浪费粮食吗？应该减少一切不必要的养宠物行为。
746,宅女追剧：人类做错了，宠物有错吗？
747,Great-Bitch：以前国内这事儿还有人说国外都看不见流浪猫狗，这下子好好好
748,共3条回复
749,倡导宁静的梦：极端爱狗人士不肯悔改，想长期养狗，这部分极端爱狗人士更加不得人心。越是个性争强好胜的极端爱狗人士，越是被大家一起批判。极端爱狗人士成了反面典型。极端爱狗人士有点悲哀，一方面希望玩狗取乐，一方面又经常被自己养的宠物狗咬伤！极端爱狗人士已露败相。
750,落在山涧的风：只要是人，全球都一样
751,狂犬病知识科普：爱狗人士是最高明最狡诈的骗子和伪君子，可能在某个时刻欺骗部分人，但不可能在所有时刻欺骗所有的人。当今爱狗人士那套错误的价值观或许能蒙蔽一小部分人，但蒙蔽不了所有火眼金睛的人民。
752,元固心：丢在救济站就无愧于心了是吗？工作人员不救就是别人的罪孽了吧，自私。
753,田所学佺：少数有爱狗癖好的人不要把自己造成的烂摊子推给全人类
754,空山听风语：美国底层人民素质太差，抓到一个严罚一个，看他们还素质低下，该管管美国人了，就这天天还瞎管我们的闲事？不要脸！
755,岁海深处：世间就从来没有真正的动保，不过是人类为了自己的私欲寻找的玩物。世间从来就没有真正的动保，因为敢于去非洲大草原去阻止生吞的人才是真正的动保
756,_Xros_：请国内的狗圣母猫圣母们出来走一趟！
757,共1条回复
758,各位大佬粗说得对：深圳快学，这是西方文明社会。
759,阳光下苏醒cherry：不够爱就不要领养，这样领养后又抛弃对宠物负面影响更大。
760,南山紫蒲公英_832：国内的狗奴来看看，然后去美国抗议要求立法！
761,糖葫芦1231：傲慢偏见虚伪自私+双标
762,小飞侠1640：虚伪的米国人
763,好想打豆豆：中国动保组织赶紧去美国大使馆抗议。
764,老公你赶紧说句话呀：哪里的人看来都差不多…
765,诸葛小代：啊给我一只喵喵啊😭 😭
766,黑娃儿ster：邪教哪里都有！
767,憨喵喵家：愚昧可耻的行为
768,柚子_wyn127：得了吧，我们这里不养可以杀掉吃。怎么不骂？人家至少给宠物一条活路。
769,共2条回复
770,衇洁：这就是对动物的爱护吧，动保组织，你怎么看？
771,武星级级级儿：享够了隔岸观火嬉笑玩闹指指点点，用自由和冷漠伪装的放大镜生怕错过一点谈资，不料病毒没有意识形态，文明的代表被烧焦了衣服融化了装饰，原来自己才是野蛮
772,晒团子的滚滚：民主灯塔下聚集的都是什么垃圾？被自由之光吸引的到底是什么人？“自由之光”真的是自由吗？还是毫无底线的自我放纵？
773,Zephyrfs：滋油与皿煮 呵
774,奶油荔枝33：？美国人抛弃宠物？虚伪有立牌坊
775,脑壳er痛：这是人干的事嘛
776,共1条回复
777,盛夏夜的猎户座：必须@世界动物保护协会   @绿色和平 此时还不行动吗？
778,i菠萝蜜i：养宠物的很多人真的在宠物身上花的钱比在爹妈身上花的钱都多很多。
779,共4条回复
780,少管所变异宝贝：？？？
781,系hh呀：m的，動物還怕人傳染呢，可憐的毛孩子們
782,珏月千雪：人的生命都能无视，何况宠物
783,二零二壹朱事皆宜：所以美国人也不过如此🤷‍♀️
784,UC咔油燕小厨：先占位
785,啃面包圈的僵尸：如果宠物一直在家，是不会接触到传染源的呀。为啥要抛弃
786,易烊千鹤子：你担负不起这个责任 请你一开始就不要养！！！！！给它爱给它关怀一段时间 自我满足过后对它说“爷玩够了你可以滚了” 是人吗 这是人吗
787,cheesecake52maS：哎呀 真的都一样。。。太可怜了
788,三宅一兔：？？？
789,木登橙子：想养就养，想弃就弃，真不悔很美国的美国人
790,seki食不语：以前不懂事，看到电视剧电影和一些新闻觉得美国人思想境界好高，性格好开朗大方。这次疫情就像是面照妖镜一样，让我看到了所谓的民主自由的西方国家是有多蠢，原来以前看到的都是假象，真正的美国人是很蠢的
791,你是猕猴桃变的吧：
792,老饕设计：所谓的爱猫爱狗大部分都是假的
793,牛落荣心：爱犬人士可以跨海救助了…
794,-虔信之力-：在哪都一样，其实我觉得美国这些民间的动物救助组织虽然很白左，但从人的角度来说，他们还是充满怜悯的一群愿意做事的人。
795,幸福二路：最近微博都是极端的恨狗恨宠人士，看到个狗字就马上蹦出来拿起键盘就喷，也不管国内还是国外新闻，都是范原庆团伙？
796,忘村-：我们也没资格骂别人啊 都忘记之前从楼上直接把宠物扔下来那几个人了吗
797,卷毛不会煎蛋：养不起了，得个病好几千。不治还坐牢，白左警告。
798,三环套咩：我在享有抛弃宠物的自由
799,雪中翩舞：美国人都是这副德性
800,如星辰一般的眼睛：你说他没良心吧他还知道把狗丢在救护站门口，你说他有良心吧他居然干出丢狗的事
801,江珊只爱大美人：哪里都有这种自私的人啊
802,往事随风yw：我们身边被遗弃的流浪猫狗也不少吧？
803,核聚变鱼罐头：不过宠物会来带感染这个没实锤的说法还挺厉害的，都传到几个国家了，都发生因为这说法遗弃宠物的事，既然提到了“在某些地区遗弃宠物是违法行为”，希望能跟进后续处罚的新闻。
804,核聚变鱼罐头：看视频里面提到了“在某些地区遗弃宠物是违法行为”希望有后续跟进，想看处罚。
805,文君桑66：又开始一概而论？二元对立论了？算了别瞎操心了，我国的经典二元对立思想没个百年改变不了
806,老刘家的老铁：小动物们太被动了，一旦遇上不负责任的主人就是命运就会非常悲惨。
807,俺刚开通：公知有一句话怎么说来着？对动物态度反应社会等级
808,淼淼子-Kelly：动物太无辜！
809,有点儿意思-_-：美国人：不装了
810,彭长城_o6z1208513611：由人及国~自保舍狗~！[做鬼脸]
811,高冷女神圆：拿宠物当什么了，不需要了就抛弃了，服了有些人，它们很善良，忠诚，甚至比你的家人，朋友都要好
812,微量原素锌锂镁：
813,褀祺94933：一群禽兽
814,J7錦：看来全球人都一样
815,啵牌小面包-：？？？
816,Tseer_77：早猜到了
817,龙王博士：求你们别天天酸别人了。能动手别哔哔。快拿起武器解放人家吧
818,wuli-wuli-booom：。
819,纯净水2013：转发微博
820,小刀刀搅咖啡：总比我国某些人直接从楼上丢下来好
821,小胖土豆哦：五十步笑百步
822,撒一古：该死的人类
823,所罗门的暗影：怕不是今年安乐死的猫狗要破4百万
824,否泰非常理：哦，自由
825,Emma_emma_li：狗妈妈好委屈
826,轩姥爷0408：自己的生活都难保，宠物必然遭殃
827,黑米八宝粥ing：这么多贵货我想领养
828,纠结的竹子：呵呵有毒
829,是Lee的momo_吖：艹
830,缓缓西行：失业率上升，养不起了？宠物不无辜吗？
831,大眼睛希希的美好：这就是自由的国度
832,哀木涕姐姐：不要这样暗示吧，抛弃宠物的那些不一定是领养的人啊。领养了要定期回访的。
833,科学与文明2018：满世界宣扬反智拜狗思想，轮到自家了就这操性表现
834,绝望的画图民工：别抱怨了，自己都养不活了，怎么养宠物？
835,Muspe：谁丢狗是整笼整笼小狗丢的？ 这小狗卖了不香？ 新冠几个月？ 狗怀孕几个月？
836,Muspe：呵呵，哪儿来的新闻， 标明出处， 我收了谷歌都搜索不到。 美国人现在天天不戴口罩去公园，公园停车场全满，你告诉我担心狗传染？
837,启明评论：狡兔得而猎犬烹，高鸟尽而良弓藏。
838,Local灬space：对同类死亡都不在乎的美国人抛弃宠物不是不值一提的基本操作？
839,垂钓分子：我国弃养宠物的少吗？
840,共1条回复
841,大庆刘金贵：遮羞布被撕下来了，暴露出本来面目。
842,又又被盗号了：评论都是什么乱七八糟的脑残在蹭热度
843,战略小迷男：有好多品种不错哎
844,GD小白熊：不想养就不要养，一群辣鸡
845,第三种人声音：总统放弃了你们，你们却要放屁自己的宠物，美国人选错了总统，美国的宠物选错主人，到底是谁做错了美国人还是不知道。
846,全是美女：特朗普：可能这就是生活吧。
847,段天下：美国人的劣根性啊
848,我的屿海2021：遗弃宠物，还不如给它们来一点痛快的安乐死呢
849,共5条回复
850,全是绝世美男：自私的美国人
851,xie什么什么咩咩：没错 但中国也有
852,回首青春已远去：人家甩锅可是一流的
853,共13条回复
854,这个主人有点逗：爱也自由，遗弃也自由，这很美国！
855,卧听风雨66：弃养宠物违法，这个中国可以学！
856,共20条回复
857,健康幸福快乐开心美满：慕洋犬无家可归了
858,华夏愕闻录：tmd好多还在中国，这才是让人如鲠在喉的
859,感受一叔的力量：回复@华夏愕闻录:门窗打开了，难免有几只苍蝇蚊子。
860,不要关注我烦：不是真心热爱小动物的求求别领养，别养，狗社会化很彻底，已经在很多狗因为被遗弃而产生心理问题刻板自残绝食等，猫咪也会应激。无论中国美国。
861,暗夜里的喵：真的 它们什么都没做也没错 却要受到遗弃和伤害 生命不分物种贵贱 请善待动物敬畏生命
862,甜句：果不其然，真自私
863,凌霄201609：养狗的人大部分都是自私的，不会考虑他人感受，所以大难临头还会管够的死活？这是人性的逻辑
864,新香耶青：无辜无助的宠物们
865,阿偲啊：没脑子的人听风就是雨，不论哪里。
866,掉分扶贫王：啊 不是说洋人都拿宠物做家人的吗你这一定是fake news！
867,原来是涓涓呀：这些人真垃圾！宠物们下辈子别生在美国 ！
868,注意好站位：爱狗人士呢？出来骂呀
869,Another_LK：这就是爱🐶大国的表率吗
870,arjenia_soso：狗狗的眼神！！难受。
871,汤粉肥佬：动保快去打拳啊
872,卡Q因的鱼：动保快上！
873,凌霄201609：已经在高速上围追堵截了
874,感受一叔的力量：不说美国遗弃宠物会获罪吗？
875,千坑难买玩偶更：其实没有这个罪的。可能个别州有。不过基本上没啥执行力
876,禄了个禄：搂紧我的猫尽管它拉屎巨臭，特别馋嘴，还调皮捣蛋，可是我也不会丢掉它
877,LEGEND-AI悦林：天朝子民可不怕呢！
878,SKR理财师：没存款真不行啊 宠物都没法养
879,Alalynn：我记得开始发现狗感染的案例是人传染给它的，为什么又赖它们，你自己多注意不中招它们也不会那么容易感染啊
880,_Witcher：唉😔可怜的宠物们
881,吾皇长乐未央：爱狗人士心目中的天堂，它美国爹这是啪啪打脸啊
882,Vannila4：狗狗不是你们的家人么？不爱啦？扔啦？
883,Dawonlin：遇到有责任心的它们是宠物，遇到没责任心的它们只不过是一件商品而已。没有买卖，就没有伤害
884,球迷杜小帅：建议人道毁灭
885,李李思楠：不负责就别养了，太可怜了
886,蜡笔小新的年代：不是说美国人爱狗吗
887,黄一0的谁：国内也有这种情况。动物也是生命，更何况是曾经给你带来欢笑的宠物！
888,一人御前：评论里某些人也真是欠骂
889,你喜欢抽爆珠吗：@四岁半的阿噗 走，组团捡猫去
890,五岁半的小酱缸：！！！！！！！！！
891,思想杂谈：转发微博
892,娜趟旅行攻略菌：互动来了
893,Sara_DO_IT：不知美国有关于遗弃动物的法律法规不？
894,尖山料峭：宠物真的是为人类而活的，被喂养或者被遗弃。
895,初心就是想躺着：美国人自由！
896,十年的牛仔：电视上，不是说，美国人，把狗，当孩子一样对待嘛。
897,侍奉媚娘的小璇子：凑几个别的时间段的视频加上点文字就可以带节奏了
898,去撒欢儿：？？？？？自私猥琐
899,上饶零距离：哦？狗狗是人类的朋友这话谁说的？
900,核桃酥的等待：愚蠢！
901,梁宇伦：这叫自由
902,美其名曰皿煮：可别被拿去坐新冠实验
903,小虎纹：不随便扔大街上，有遗弃的地方，很好。不能用道德来约束人，只能做最坏的打算并去解决
904,冥想家啊涕：其实这样的人哪都有吧，咱们国内应该也不鲜见。
905,庭院tingyuan：美国人不是都把宠物当家人吗
906,水泥西八封迪克：……
907,玛格丽达fanfan：真特么差劲！👎🏻👎🏻👎🏻
908,burst有一颗想旅行的心：美股反弹快到疫情爆发前了   A股呢？所以别在报道美国怎么怎么样了   报道别个之前先看一下自己的经济怎么样
909,k其实我们都在装：现实的美国人
910,准兵哥哥银河君：自由民主哈
911,lliw_forever：人都活不下去了 还宠物呢
912,爱你的猫猫20020209：真的很美国，自私自利
913,SunnySeaL：遗弃宠物的人都是垃圾
914,刘1990夏：这美国人还真是非人类 不要运到中国 中国人养
915,珠圆玉润小乖宝：假新闻美国可是最有人性的国家
916,寻找徐以风：脑子是个好东西，希望美国人民也稍稍拥有一下下
917,小蜗牛就是牛：猜到了
918,訁内言：人都活不起了，还养宠物。
919,玛蒂尔达_丢：太过分了
920,吾皇长乐未央：咋了？皿煮灯塔在你心中塌了？
921,共3条回复
922,noha：这只狗的眼神充满惊恐与不安。
923,Maggie__W：国籍一换，评论过万。。。
924,樱木花道式天才：太可怜了，不过至少他们放在了救助站
925,但愿人长久64_513：人性
926,bing琥珀：人性缺失！
927,有小洞的杜蕾斯：自由美利坚，遗弃每一天
928,城市密探：保护动物的代表，还有爱狗人仕，还不快快反对，抗议
929,今天也想喝可可牛奶：呵呵猜到了，当初隔离收养那么多
930,遛狗的小xian女：我感觉上一条美国一个救助站庆祝动物被领养一空的新闻还是昨天发的
931,一今天喝快乐水吗一：爱狗人士重拳出击的时候到了！这才是真的该批评的事情！
932,不具名_桀：美国动保法嘞？
933,尔等也配知道我的昵称吗：果不其然
934,吃饭不洗碗星人：无论哪个国家的人，遗弃小动物都是自私的人
935,yukiho_himonoonna：太过分了！
936,一只叮当小猫咪：起码还有救助站，比那些扔在大街上，小区里的遭遇好多了
937,---绿：怎么说呢还是要看个人的良心 但也有很多因素所迫 经济下滑多方失业倒闭 自己都不知道怎么活下去
938,chonkeng：這是人的劣根。其實，是可以預見的
939,石淑云537：特朗普这个糟老头做总统贪到了人命上。
940,独立思考独立思考：说明美国人还是不想死的
941,熊孩子的狗狗梦：垃圾
942,但娱春日长不管秋风早：爱狗人士出来骂
943,数据终端：哦，有道德的白人
944,vh21年我和你都要站起来：美国人都是禽兽祝他们要起早超生
945,dy钰宝：宠物被抛弃，会给宠物带来心理问题，养小动物要自己仔细思考是否能对小动物负责，照顾好它们的后半辈子，看不得这种遗弃行为
946,啊呜啊呜小鱼干：啧，和小动物有什么关系呢，有毛病
947,Qwitty：找個個例，容易得很
948,安基誀：很美国嘛
949,胡芳芳LucyHu：【新冠隔离期结束 #美国复工后大量宠物被遗弃#】据美国媒体报道，由于新冠疫情导致美国经济下滑，以及宠物可能带来感染的说法，让越来越多人抛弃自己的宠物。不少救护站门口的监控都拍到，人们开车前来将小猫小狗丢下，然后离开#职业体验师# #lucy hu的问答# #lucy hu#
950,Karl-Livchite：狗粉丝在哪里
951,曝光渣男渣女黄博：美国是个奇葩的国家
952,呆了那么久：把宠物当玩具了
953,甲骨文东风号：当玩具了
954,枣花飘香6085749810：可怜的毛孩子们！
955,最爱成宝拉：视力不重要，脑子才重要
956,鲁迅的秋天：吃错药造成的！
957,永远的齐鲁泰山：可能发高烧烧的
958,小妮儿的蓝盆友：以前还传言说新冠病毒影响男性生育？
959,黄金博士：窝囊样
960,摄影师Brant：我一直觉得他是苦肉计，来逃避抗疫不力。
961,风吹屁屁闯天涯：药物影响
962,般若2012：你瞎啊？
963,是一颗闪闪的红星：不怕不怕，群体免疫包治百病
964,cyber羊男：后遗症影响更为深远
965,拿不到血汗钱的农民工：不能全依靠，小心机器也出故障
966,今天吉林头条：扫码
967,娜趟旅行攻略菌：关注你了博主，记得回关哦！
968,Echo0912嘉人：中国人工智能
969,·克东：此刻有种老父亲欣慰的隔着屏幕望着自己孩子的感觉，去年熬了无数个夜加了无数次班从0到1产出的智医助理上两会了！
970,河北省中小企业发展促进中心：【全国人大代表刘庆峰：人工智能助力全球抗疫】 #河北省中小企业公共服务平台#
971,A战啊：相信科技的力量
972,龙江气象：#全国两会#
973,麒珀Kirin：
974,Dear-commissary：#2020云边有个小卖部#
975,云卷云舒_10207：相信科技的力量定能抗击疫情
976,岁月的过客而已：硅基智能电话机器人你值得拥有！www.guiji.ai
977,钻木北极圈：@李晟南_LucienLi
978,兆丰和：@纯金湘子: @纯金湘子: 建议：为了预防新冠，世界应取消见面亲吻 握手，恢复中国古代的抱拳
979,Lau-333：希望美国人民抗过疫情，然后把特朗普送进监狱
980,共26条回复
981,不老糊涂：不说啥，就来看看
982,共8条回复
983,街角尽头的黎明：特朗普：fake news ¡评论配图
984,廖启龙199503：知到奥巴马防疫机构的价值了吧？特朗普把前总统防疫机制废除了，只能怨总统脑残，怨自己。
985,共1条回复
986,游今华：听说一个数据，美国新冠没的平均享年79岁，中国新冠没的平均享年71岁。这数据一看好像对年轻人还行啊 ， 不肯定真假所以不列出处了。
987,共8条回复
988,天使之翼LIoTY：瞎说，流感最多的月份已是新冠，所止不止20倍加个零差不多
989,共1条回复
990,一少的世界你不懂：自由美利坚 新冠每一天。天作孽犹可违 自作孽不可活
991,HANSI-66：美国殡葬业感谢小特的大力支持！
992,黄岩gg：上帝给了你那样的命运，就坦然接受吧
993,西门吹空调210：支持建国连任，还想看你打高尔夫
994,CAPT_Jin：为什么新冠来了流感消失了？
995,共5条回复
996,AidenZha：懂王说每年流感要死30万人，新冠才10万。所以哈佛医学院的报告是假的！
997,在逃砂糖：然而反权威文化，致使百姓不认专家说的话，反而认特朗普的话，因为川普他像个普通人（简称冒傻气）
998,不得西：消灭老年人口，还不用付钱。美国人心里其实比我们有数。一个敢玩。日本人玩不起。
999,自驾游的宴遇：现在对于特朗普来说他还是很自豪的，毕竟现在他的国民死亡人数还在他的掌控下。
1000,记者小宋：转发微博
1001,darlingD2：颠覆常人的想象力，美国人民🙏
1002,斑马班尼：假新闻，下一个
1003,那个小不啊：不是这样。流感第一次也很严重。只不过现在很多次之后民众有一定抵抗力。
1004,王大庄哥：哈佛研究的挺快啊！
1005,遗失的信仰20152015：说的好像他有脸似的
1006,请叫爱码仕：为啥美国不火化呢只有中国火化吗
1007,爱吃小怪兽的哥哥：特朗普：你们真是一个糟糕的研究院跟糟糕的小编
1008,年轻而且优秀：去美国卖棺材也是一个商机
1009,给我一个支点阿基米懒羊羊：新冠病毒和流感是一回事还是两回事？
1010,666某某666：特朗普：断供哈佛医学院
1011,Sy_Jessieee：建国看来要带着他的美国人民脱离阳间
1012,付现明：我就看看不说话
1013,东城西柳：才知道呢，不晚吗
1014,海魇_：川普：没人比我懂得如何打脸
1015,晴儿1916：好慢啊
1016,肯尼亚旅行咨询：特朗普无异于是最垃圾的领导人
1017,唧唧如意令：没啥用，主要是特朗普不在乎，还有美国百姓更不管这些，在乎的是解封。
1018,火烧眉毛zz：特朗普:真是条糟糕的新闻！
1019,山海也有意難平一：
1020,PANJIAYUE2016：今年在美国做木材生意的都发了
1021,75K6R：1
1022,珊大刘学生真兴伏：川建国同志暴露了
1023,远方的路92：才高20倍，建国同志说它就是个大号流感没毛病！！！
1024,吴放2333：不过如此
1025,千岛015：
1026,路遇不平的我死磕到底：你都说了20倍，还是大号流感呀
1027,刘薛6351035260：还早！不过死的是老人，穷人，黑人！
1028,孤立杭州全洗套浴_美雅：好美啊
1029,丘山52：新冠在美国一路狂欢
1030,股神老鬼：转发微博
1031,百潮园小强：特朗普:普通流感！你们夸大了！没人能比我更懂！
1032,宅女追剧：2020年真的是绝了.....
1033,痛苦活着幸福死去：国外犹如现实版世界末日来临前的征兆……
1034,-叶玮-：转发微博
1035,用户fo8y2dqumv：呵呵，蝗虫锅他们能甩给谁？
1036,G滕龙剑：人类为你的所做所为买单吧
1037,新胜兴盛：日本前首相鸠山由纪夫名下的“日中一带一路友爱义捐团体”接收了中国70万枚口罩捐助，分发往日本各地。滋贺县政府和奈良县立医科大学收到两万枚口罩后，滋贺县知事三日月大造表示，“我们在武汉危急时送过医用手套，现在我们有困难中国立刻支援，没有比这更令人感动的了”。
1038,赤瞳音乐：MV制作：@咔嚓_GO @惪华dehua
1039,秀动ShowStart：#wuhan2020# @你身边的武汉朋友吧，这首歌献给涅槃重生的武汉
1040,城门口音乐房子：武汉
1041,海丰船长：劫后余生 大武汉
1042,喆FILM：一滴入魂
1043,哇塞猴纸：4:11  MV制作：侯（  ）华
1044,第贰上方：New Age？
1045,一秀子：@陈知游园惊梦
1046,蔽立荆仁：终于等到陆老师的新歌了，牛逼！
1047,DENGYUE-000：转发微博
1048,一个多多姐姐：@七手标致
1049,万能老年疗养院_：@兔兔BIMBAMBOUM
1050,梦回大唐武则天女皇解惑大师：疫情逼迫一些企业产业转型
1051,水丽净水器：公平、公正、科学，而不是臆测和诬陷，才能把问题解决掉！
1052,哪托闹村：清者自清
1053,Ma猫：如果真的查到是起源美国，美国又会说我们串通污蔑他们了
1054,凡人369乐园：天天叫
1055,wwwjxw：赞一个
1056,名因l及候引_t：寄
1057,共6条回复
1058,斗鱼1975-958：防
1059,亲爱的翻译官33：
1060,记忆中的合欢花：好
1061,我在长春游走：干
1062,猪猪侠清霖：，
1063,你好lemo：在
1064,yemimg：1
1065,我的世界最爱你：是不是有点早了
1066,稻香听夜曲：确实
1067,进击的流氓兔tu：😄
1068,多加点香菜多加点香菜：防
1069,乔伊影：1
1070,洋儿库qiqi_：n
1071,一只软萌的羊毛：开心就好
1072,石药赵永生：无语
1073,i笑吧：
1074,氧乐多呀乐多氧：……
1075,老人家202001：，
1076,-原来是LLZ：
1077,你的ZhengFei：
1078,Amyhuangqiong：
1079,哇咔咔色可可可：
1080,复活期待的心：1
1081,露丝久雅：
1082,小邋遢_apc：，
1083,路人是个打酱油的：忻州华御园小区10年不给办理房产证  无赖开发商
1084,維他命C2_34631：
1085,kelly_1051：
1086,萝莉控奚宏：好
1087,叶风6474863008：你牛逼
1088,一只有理想的猫喵呜：
1089,辉少-冷冷的_501：哈
1090,买花载酒好心情：还好。
1091,创富有道的小窝：签个到
1092,与星河同航：薅羊毛是真的快乐1块钱买PUMA谁不想呢
1093,coffer99999：俄罗斯那么严重还敢开放旅游？
1094,共1条回复
1095,小打兔白老大虎：小姐姐太🉑了吧！！！！！！还有手镯好好看！！！！！
1096,一颗儿甜栗Ya：收好运啦～
1097,胡果Flatley：我也很喜欢真丝的，好好看但是跟公公婆婆在一起，不好意思穿
1098,坦然-199006：啥情况
1099,共1条回复
1100,AAA博士-卧龙虎君字江洋号明灯：！
1101,共1条回复
1102,李美娴6868：以前没注意英国的死亡人数太高了
1103,共4条回复
1104,弥生葵1985：。。
1105,弥生葵1985：。
1106,思念似蛊丶Gonf：1
1107,海洋江河200210：uf
1108,美丽-舒城人：
1109,橘子君2020：
1110,新疆玉红：
1111,毕国新_：//CuCuty狠愛狠愛信:这哥们儿歪嘴笑有魅力~
1112,夕正清Arthur：有礼物，有惊喜
1113,虎门门店海之声助听器：
1114,游戏少年_fatfat5：里面穿吊带，外面套睡衣，会不会有点奇怪？
1115,消费敏感性消费者：啧
1116,诗情画意danel：@英国驻华使馆 @俄罗斯驻华大使馆
